Date,Open,High,Low,Close,Adj Close,Volume
2000-01-03,58.687500,59.312500,56.000000,58.281250,37.393559,53228400
2000-01-04,56.781250,58.562500,56.125000,56.312500,36.130390,54119000
2000-01-05,55.562500,58.187500,54.687500,56.906250,36.511333,64059600
2000-01-06,56.093750,56.937500,54.187500,55.000000,35.288280,54976600
2000-01-07,54.312500,56.125000,53.656250,55.718750,35.749432,62013600
2000-01-10,56.718750,56.843750,55.687500,56.125000,36.010086,44963600
2000-01-11,55.750000,57.125000,54.343750,54.687500,35.087776,46743600
2000-01-12,54.250000,54.437500,52.218750,52.906250,33.944916,66532400
2000-01-13,52.187500,54.312500,50.750000,53.906250,34.586529,83144000
2000-01-14,53.593750,56.968750,52.875000,56.125000,36.010086,73416400
2000-01-18,55.906250,58.250000,55.875000,57.656250,36.992538,81483600
2000-01-19,55.250000,55.750000,53.000000,53.500000,34.325859,97568200
2000-01-20,53.531250,54.843750,52.937500,53.000000,34.005070,56349800
2000-01-21,53.500000,53.625000,51.625000,51.875000,33.283268,68416200
2000-01-24,51.898438,52.843750,50.406250,50.625000,32.481255,63597600
2000-01-25,50.500000,51.937500,49.781250,51.406250,32.982513,59823200
2000-01-26,51.218750,51.750000,49.562500,49.687500,31.879766,49365000
2000-01-27,49.945313,50.593750,48.625000,49.375000,31.679253,63654800
2000-01-28,49.062500,50.125000,48.625000,49.125000,31.518864,58225400
2000-01-31,48.812500,49.093750,47.437500,48.937500,31.398542,73194200
2000-02-01,49.250000,51.625000,48.843750,51.468750,33.022614,70196600
2000-02-02,51.218750,51.968750,50.250000,50.406250,32.340912,49915600
2000-02-03,51.031250,52.093750,50.062500,51.812500,33.243168,49186000
2000-02-04,52.187500,54.000000,52.070313,53.281250,34.185516,55365400
2000-02-07,53.406250,53.437500,52.125000,53.312500,34.205570,40005800
2000-02-08,53.218750,55.000000,53.218750,54.968750,35.268219,56229000
2000-02-09,54.718750,54.718750,51.937500,52.000000,33.363464,55090000
2000-02-10,51.945313,53.281250,51.250000,53.000000,34.005070,54527800
2000-02-11,52.437500,52.437500,49.562500,49.968750,32.060196,115559000
2000-02-14,50.617188,50.875000,49.531250,49.812500,31.959949,81028600
2000-02-15,49.875000,50.000000,49.062500,49.281250,31.619110,71027600
2000-02-16,49.625000,50.093750,48.562500,48.812500,31.318338,65202600
2000-02-17,49.250000,49.843750,48.570313,49.812500,31.959949,80343400
2000-02-18,50.000000,50.031250,47.437500,47.531250,30.496294,79063000
2000-02-22,47.562500,48.562500,46.406250,46.906250,30.095289,66296200
2000-02-23,46.750000,47.875000,46.031250,47.125000,30.235653,75847200
2000-02-24,47.125000,47.937500,46.000000,47.375000,30.396044,69733200
2000-02-25,47.343750,47.351563,45.250000,45.656250,29.293287,65301400
2000-02-28,45.125000,46.062500,44.062500,45.781250,29.373482,76131800
2000-02-29,45.875000,45.875000,44.437500,44.687500,28.671719,58437400
2000-03-01,44.812500,47.046875,44.468750,45.406250,29.132877,106889800
2000-03-02,45.906250,47.687500,45.562500,46.687500,29.954933,106932600
2000-03-03,47.375000,49.437500,46.937500,48.062500,30.837149,101435200
2000-03-06,48.000000,48.687500,45.062500,45.312500,29.072731,93609400
2000-03-07,48.062500,48.750000,45.968750,46.437500,29.794542,135061000
2000-03-08,46.906250,48.093750,45.500000,47.781250,30.656700,94290000
2000-03-09,47.656250,50.000000,47.500000,50.000000,32.080254,88198800
2000-03-10,49.781250,51.250000,49.750000,50.500000,32.401062,85589000
2000-03-13,48.812500,50.125000,48.750000,49.000000,31.438639,61831800
2000-03-14,49.312500,49.625000,47.562500,47.562500,30.516344,73489200
2000-03-15,47.281250,48.312500,46.843750,47.687500,30.596550,53208000
2000-03-16,47.968750,48.343750,46.625000,47.687500,30.596550,77300800
2000-03-17,47.625000,49.750000,47.250000,49.687500,31.879766,81161600
2000-03-20,49.375000,49.875000,48.250000,48.687500,31.238140,47773000
2000-03-21,48.375000,51.562500,48.250000,51.375000,32.962460,81648800
2000-03-22,51.406250,52.812500,50.562500,51.625000,33.122856,93975800
2000-03-23,53.406250,56.437500,53.312500,55.937500,35.889778,148224000
2000-03-24,56.312500,57.500000,54.781250,55.843750,35.829636,112196800
2000-03-27,53.882813,54.125000,51.968750,52.031250,33.383503,111434000
2000-03-28,51.812500,53.718750,51.187500,52.156250,33.463707,81114400
2000-03-29,52.593750,54.468750,52.562500,53.593750,34.386024,64363800
2000-03-30,53.093750,54.312500,51.250000,51.687500,33.162968,64178400
2000-03-31,53.000000,54.125000,52.062500,53.125000,34.085281,64281400
2000-04-03,47.218750,48.250000,45.000000,45.437500,29.152929,260118200
2000-04-04,45.781250,46.000000,42.468750,44.281250,28.411079,181244400
2000-04-05,44.125000,44.250000,42.937500,43.187500,27.709318,82887600
2000-04-06,43.937500,44.000000,42.632813,43.000000,27.589025,66421400
2000-04-07,43.500000,44.687500,42.500000,44.531250,28.571478,82613600
2000-04-10,44.312500,44.312500,43.000000,43.031250,27.609076,60685400
2000-04-11,42.562500,43.031250,41.750000,41.937500,26.907309,71961800
2000-04-12,41.062500,41.125000,39.375000,39.687500,25.463705,153003800
2000-04-13,40.437500,41.125000,39.500000,39.625000,25.423597,94316200
2000-04-14,39.562500,39.750000,36.625000,37.062500,23.779486,151217800
2000-04-17,37.125000,38.000000,36.500000,37.937500,24.340887,119772200
2000-04-18,38.250000,40.968750,37.937500,40.281250,25.844660,91794600
2000-04-19,40.718750,40.750000,39.062500,39.343750,25.243155,53715400
2000-04-20,39.312500,39.937500,38.750000,39.468750,25.323347,52387400
2000-04-24,33.625000,34.000000,32.500000,33.312500,21.373466,313645800
2000-04-25,34.375000,34.750000,33.812500,34.687500,22.255676,159517400
2000-04-26,35.000000,35.562500,33.687500,34.000000,21.814575,107091200
2000-04-27,33.718750,34.968750,33.687500,34.906250,22.396030,77669800
2000-04-28,35.375000,35.500000,34.125000,34.875000,22.375980,78082600
2000-05-01,36.437500,37.000000,35.843750,36.718750,23.558939,107811000
2000-05-02,36.406250,36.750000,34.750000,34.937500,22.416077,97716200
2000-05-03,35.187500,35.406250,34.406250,35.281250,22.636633,55354800
2000-05-04,35.156250,35.625000,34.656250,35.218750,22.596529,43317200
2000-05-05,35.125000,35.906250,34.937500,35.562500,22.817080,36402200
2000-05-08,35.468750,35.687500,34.843750,34.906250,22.396030,36187600
2000-05-09,35.093750,35.218750,33.750000,33.906250,21.754431,60778400
2000-05-10,33.875000,33.937500,32.875000,33.093750,21.233120,67740000
2000-05-11,33.312500,34.062500,32.875000,33.937500,21.774473,58390800
2000-05-12,34.218750,34.875000,34.125000,34.406250,22.075224,37886000
2000-05-15,34.500000,34.718750,34.000000,34.687500,22.255676,33899600
2000-05-16,34.781250,35.312500,34.531250,34.750000,22.295776,48410600
2000-05-17,34.437500,34.562500,33.625000,33.843750,21.714327,53242000
2000-05-18,34.031250,34.031250,32.937500,33.093750,21.233120,53640400
2000-05-19,32.687500,32.968750,32.250000,32.531250,20.872213,66578000
2000-05-22,32.562500,32.625000,31.218750,32.093750,20.591513,69955000
2000-05-23,31.937500,32.781250,31.531250,31.593750,20.270704,57963200
2000-05-24,31.562500,33.281250,31.500000,32.781250,21.032619,85482400
2000-05-25,32.281250,32.375000,30.562500,30.750000,19.729355,94348800
2000-05-26,31.031250,31.312500,30.187500,30.718750,19.709311,55822000
2000-05-30,31.218750,32.062500,31.000000,31.687500,20.330860,68536400
2000-05-31,31.820313,31.851563,31.031250,31.281250,20.070211,54968200
2000-06-01,32.187500,33.000000,31.906250,32.281250,20.711813,94507200
2000-06-02,33.000000,33.375000,32.500000,33.156250,21.273218,80463200
2000-06-05,33.007813,34.187500,33.000000,33.437500,21.453665,64400000
2000-06-06,34.093750,34.937500,33.906250,34.812500,22.335882,99019000
2000-06-07,34.625000,35.375000,33.562500,35.250000,22.616581,76310600
2000-06-08,35.781250,36.062500,34.125000,34.406250,22.075224,94765600
2000-06-09,34.812500,34.843750,34.156250,34.406250,22.075224,35710200
2000-06-12,34.500000,34.500000,33.187500,33.437500,21.453665,49260600
2000-06-13,33.375000,34.000000,33.062500,33.937500,21.774473,44289200
2000-06-14,34.906250,35.500000,34.750000,35.250000,22.616581,79992400
2000-06-15,35.406250,36.343750,35.312500,36.187500,23.218090,65592600
2000-06-16,36.312500,36.562500,35.750000,36.281250,23.278233,68710600
2000-06-19,36.281250,36.906250,36.000000,36.843750,23.639133,46604800
2000-06-20,36.937500,37.625000,36.875000,37.468750,24.040140,62275000
2000-06-21,38.500000,41.093750,38.468750,40.343750,25.884752,160399600
2000-06-22,40.687500,41.000000,39.656250,39.937500,25.624117,87315200
2000-06-23,39.968750,40.031250,38.500000,38.843750,24.922348,49811600
2000-06-26,38.750000,40.062500,38.750000,39.750000,25.503807,48287000
2000-06-27,39.625000,40.062500,39.187500,39.406250,25.283258,31071200
2000-06-28,39.500000,40.031250,39.312500,39.468750,25.323347,37459200
2000-06-29,39.125000,39.468750,38.531250,38.593750,24.761951,38449000
2000-06-30,38.531250,40.000000,38.343750,40.000000,25.664196,52356400
2000-07-03,39.843750,40.031250,39.687500,40.000000,25.664196,15734800
2000-07-05,39.937500,39.937500,39.125000,39.250000,25.182995,34824400
2000-07-06,39.437500,40.843750,39.250000,40.468750,25.964968,47873200
2000-07-07,40.632813,41.437500,40.281250,41.000000,26.305807,54153200
2000-07-10,40.343750,40.656250,39.687500,39.718750,25.483755,52689800
2000-07-11,39.406250,40.250000,39.250000,39.562500,25.383505,37164800
2000-07-12,39.125000,40.500000,38.593750,40.156250,25.764458,58370200
2000-07-13,39.406250,40.000000,38.687500,39.968750,25.644161,80843200
2000-07-14,39.750000,39.875000,39.218750,39.468750,25.323347,51180600
2000-07-17,39.125000,39.781250,38.750000,39.093750,25.082739,53992800
2000-07-18,38.812500,39.750000,38.718750,39.250000,25.182995,70617200
2000-07-19,38.031250,38.750000,36.406250,36.562500,23.458691,139924600
2000-07-20,36.718750,37.625000,36.562500,37.406250,24.000048,54690600
2000-07-21,37.375000,37.500000,35.937500,36.156250,23.198042,56100600
2000-07-24,36.031250,36.062500,35.000000,35.281250,22.636633,56165600
2000-07-25,35.406250,35.500000,34.187500,34.500000,22.135370,64188600
2000-07-26,34.531250,34.750000,33.625000,33.906250,21.754431,85404600
2000-07-27,33.937500,35.062500,33.750000,34.687500,22.255676,74337600
2000-07-28,35.468750,35.906250,34.812500,34.843750,22.355934,75645600
2000-07-31,35.093750,35.562500,34.625000,34.906250,22.396030,70283800
2000-08-01,34.968750,35.031250,34.093750,34.343750,22.035126,47163600
2000-08-02,34.281250,35.218750,34.250000,34.687500,22.255676,48269200
2000-08-03,34.093750,35.187500,34.062500,35.125000,22.536383,54543400
2000-08-04,34.718750,34.937500,34.093750,34.562500,22.175474,38107400
2000-08-07,35.093750,35.562500,34.875000,35.000000,22.456175,52741800
2000-08-08,35.031250,37.343750,35.000000,37.062500,23.779486,138038800
2000-08-09,36.875000,37.437500,36.562500,37.125000,23.819590,63945600
2000-08-10,36.906250,37.031250,35.875000,36.312500,23.298277,48986000
2000-08-11,36.218750,36.343750,35.812500,36.218750,23.238131,35629600
2000-08-14,36.156250,36.687500,35.687500,36.093750,23.157946,53427000
2000-08-15,36.000000,36.500000,35.750000,35.812500,22.977486,40714200
2000-08-16,35.937500,36.125000,35.281250,35.500000,22.776981,44976200
2000-08-17,35.562500,36.000000,35.281250,35.781250,22.957434,36112800
2000-08-18,35.562500,35.718750,35.000000,35.500000,22.776981,54438800
2000-08-21,35.343750,35.406250,35.031250,35.312500,22.656677,34119600
2000-08-22,35.406250,36.218750,35.109375,35.625000,22.857182,54428200
2000-08-23,35.406250,35.562500,35.187500,35.375000,22.696783,36726800
2000-08-24,35.312500,35.593750,34.968750,35.562500,22.817080,42405400
2000-08-25,35.343750,35.843750,35.281250,35.312500,22.656677,52729400
2000-08-28,35.093750,36.062500,35.062500,35.656250,22.877235,56421600
2000-08-29,35.593750,36.375000,35.437500,35.468750,22.756933,59400200
2000-08-30,35.343750,35.468750,34.843750,35.000000,22.456175,53498800
2000-08-31,35.437500,36.000000,34.843750,34.906250,22.396030,72575400
2000-09-01,35.000000,35.312500,34.843750,35.093750,22.516333,37629800
2000-09-05,35.000000,35.343750,34.906250,35.062500,22.496286,50755200
2000-09-06,35.031250,35.343750,34.656250,34.718750,22.275723,62960800
2000-09-07,35.000000,36.031250,34.718750,35.031250,22.476231,111711200
2000-09-08,35.187500,35.437500,34.593750,34.656250,22.235634,56709600
2000-09-11,34.562500,34.843750,34.031250,34.406250,22.075224,48495200
2000-09-12,34.375000,34.656250,33.812500,34.062500,21.854685,46781200
2000-09-13,33.781250,34.375000,33.593750,34.125000,21.894773,40744800
2000-09-14,34.343750,34.375000,32.843750,32.906250,21.112810,78503000
2000-09-15,32.718750,32.812500,31.656250,32.093750,20.591513,99915200
2000-09-18,32.125000,32.312500,31.093750,31.500000,20.210562,69037800
2000-09-19,31.812500,32.875000,31.687500,32.500000,20.852165,79311200
2000-09-20,32.437500,32.500000,31.593750,32.125000,20.611563,67791400
2000-09-21,32.000000,32.562500,31.781250,32.093750,20.591513,48952200
2000-09-22,30.562500,31.750000,30.500000,31.625000,20.290760,84476600
2000-09-25,31.625000,31.750000,30.218750,30.625000,19.649155,53484200
2000-09-26,30.468750,32.937500,30.218750,31.343750,20.110310,155704800
2000-09-27,31.718750,31.781250,29.906250,30.312500,19.448656,106155600
2000-09-28,30.406250,30.937500,30.312500,30.656250,19.669203,52360400
2000-09-29,30.500000,30.656250,29.312500,30.156250,19.348406,74053600
2000-10-02,30.250000,30.406250,29.125000,29.562500,18.967451,58562400
2000-10-03,29.781250,29.906250,28.250000,28.281250,18.145384,85374000
2000-10-04,28.187500,28.281250,27.250000,27.718750,17.784500,136453400
2000-10-05,27.750000,28.625000,27.625000,27.687500,17.764444,81099400
2000-10-06,27.906250,28.375000,27.375000,27.781250,17.824596,61794000
2000-10-09,27.812500,27.875000,26.500000,27.093750,17.383492,58323600
2000-10-10,26.968750,27.781250,26.906250,27.281250,17.503788,62066200
2000-10-11,27.000000,28.468750,27.000000,27.875000,17.884745,101205800
2000-10-12,28.156250,28.437500,26.906250,27.187500,17.443638,90219600
2000-10-13,26.937500,27.437500,26.062500,26.875000,17.243135,104521200
2000-10-16,26.750000,26.906250,24.781250,25.187500,16.160427,119759000
2000-10-17,25.937500,26.218750,25.125000,25.218750,16.180479,81276600
2000-10-18,24.812500,26.625000,24.218750,25.875000,16.601532,110536400
2000-10-19,29.218750,31.093750,29.000000,30.937500,19.849651,256993200
2000-10-20,30.656250,33.062500,30.562500,32.593750,20.912321,160378600
2000-10-23,32.312500,33.125000,30.343750,31.062500,19.929861,185170400
2000-10-24,31.312500,31.468750,30.093750,30.750000,19.729355,94427400
2000-10-25,30.968750,31.718750,30.218750,30.625000,19.649155,167603800
2000-10-26,30.500000,32.531250,30.406250,32.218750,20.671711,114826600
2000-10-27,32.343750,34.593750,32.312500,33.843750,21.714327,124292400
2000-10-30,33.750000,35.062500,33.687500,34.531250,22.155428,110057600
2000-10-31,34.500000,34.750000,34.000000,34.437500,22.095272,104474000
2000-11-01,34.250000,35.031250,34.218750,34.812500,22.335882,81309400
2000-11-02,35.187500,35.421875,34.812500,35.156250,22.556431,77985200
2000-11-03,34.625000,34.812500,34.031250,34.125000,21.894773,68711000
2000-11-06,34.343750,35.062500,34.125000,34.750000,22.295776,74851400
2000-11-07,34.875000,35.937500,34.750000,35.250000,22.616581,104331200
2000-11-08,35.562500,36.187500,34.000000,34.718750,22.275723,206149400
2000-11-09,34.250000,35.656250,34.218750,35.437500,22.736877,91058600
2000-11-10,34.968750,35.156250,33.406250,33.687500,21.614071,93744400
2000-11-13,33.343750,34.062500,32.203125,33.218750,21.313318,83364800
2000-11-14,34.000000,34.906250,33.656250,34.406250,22.075224,84218600
2000-11-15,34.531250,35.437500,34.343750,35.031250,22.476231,60422200
2000-11-16,34.718750,35.750000,34.468750,34.468750,22.115328,92128600
2000-11-17,34.718750,35.000000,33.898438,34.531250,22.155428,106525600
2000-11-20,34.062500,34.250000,32.781250,33.593750,21.553926,80157200
2000-11-21,33.687500,34.625000,33.687500,33.875000,21.734371,59487600
2000-11-22,33.031250,34.750000,33.000000,34.125000,21.894773,76343200
2000-11-24,34.500000,35.218750,34.250000,34.968750,22.436132,34439200
2000-11-27,35.718750,36.125000,35.312500,35.343750,22.676733,85307600
2000-11-28,34.687500,34.875000,33.406250,33.500000,21.493763,127446200
2000-11-29,33.406250,33.562500,31.625000,32.531250,20.872213,98280400
2000-11-30,31.000000,31.031250,28.500000,28.687500,18.406046,197200800
2000-12-01,29.031250,30.312500,28.031250,28.312500,18.165438,109809800
2000-12-04,28.625000,29.500000,27.593750,28.218750,18.105293,80407200
2000-12-05,29.593750,30.250000,29.125000,29.937500,19.208052,101734400
2000-12-06,30.000000,30.031250,28.031250,28.343750,18.185499,90560800
2000-12-07,26.718750,27.000000,26.125000,26.562500,17.042641,145308400
2000-12-08,27.312500,27.937500,26.718750,27.218750,17.463690,120939800
2000-12-11,27.750000,29.375000,27.500000,29.031250,18.626598,95576200
2000-12-12,28.906250,30.000000,28.375000,29.187500,18.726851,63106000
2000-12-13,30.250000,30.250000,28.406250,28.625000,18.365948,98360400
2000-12-14,28.968750,29.367188,27.687500,27.750000,17.804543,71201400
2000-12-15,25.523438,26.000000,23.875000,24.593750,15.779478,116899800
2000-12-18,24.500000,25.000000,23.500000,23.906250,15.338371,107187400
2000-12-19,23.718750,24.000000,22.250000,22.406250,14.375967,120271800
2000-12-20,21.406250,22.000000,20.687500,20.750000,13.313305,149037800
2000-12-21,20.375000,22.562500,20.156250,21.718750,13.934863,163173000
2000-12-22,22.375000,23.562500,22.375000,23.218750,14.897271,109551800
2000-12-26,23.437500,24.281250,22.937500,23.437500,15.037621,66941600
2000-12-27,23.062500,23.406250,22.500000,23.218750,14.897271,69003800
2000-12-28,22.562500,23.125000,21.937500,22.281250,14.295763,77619200
2000-12-29,21.968750,22.906250,21.500000,21.687500,13.914813,99977600
2001-01-02,22.062500,22.500000,21.437500,21.687500,13.914813,82413200
2001-01-03,21.593750,24.437500,21.562500,23.968750,15.378474,135962200
2001-01-04,23.906250,25.250000,23.437500,24.218750,15.538875,112397000
2001-01-05,24.250000,24.937500,23.781250,24.562500,15.759432,93414600
2001-01-08,24.468750,24.875000,23.343750,24.468750,15.699271,79817600
2001-01-09,25.000000,26.312500,24.875000,25.906250,16.621584,114965400
2001-01-10,25.500000,26.906250,25.375000,26.437500,16.962435,90230200
2001-01-11,26.500000,27.875000,26.156250,27.500000,17.644140,101854800
2001-01-12,27.437500,27.500000,26.250000,26.750000,17.162930,73712000
2001-01-16,26.687500,26.750000,25.562500,26.281250,16.862183,68462400
2001-01-17,26.812500,27.437500,26.281250,26.468750,16.982481,72844200
2001-01-18,26.843750,28.093750,26.312500,27.750000,17.804543,109788800
2001-01-19,30.000000,30.718750,29.437500,30.500000,19.568958,209348800
2001-01-22,30.375000,30.500000,29.500000,30.062500,19.288256,76673000
2001-01-23,29.875000,30.468750,29.468750,30.281250,19.428610,70295200
2001-01-24,30.500000,31.718750,30.375000,31.468750,20.190508,110455000
2001-01-25,31.375000,32.000000,30.781250,30.906250,19.829607,85657400
2001-01-26,30.500000,32.156250,30.500000,32.000000,20.531364,93080000
2001-01-29,31.781250,32.312500,31.750000,32.250000,20.691765,84983800
2001-01-30,32.250000,32.375000,31.437500,31.687500,20.330860,57276800
2001-01-31,31.500000,31.875000,30.500000,30.531250,19.589005,81898800
2001-02-01,30.406250,31.312500,30.187500,31.187500,20.010061,71792800
2001-02-02,31.250000,31.687500,30.375000,30.406250,19.508804,71100000
2001-02-05,30.375000,31.031250,30.125000,30.968750,19.869709,51399200
2001-02-06,31.031250,31.906250,30.843750,31.281250,20.070211,96442000
2001-02-07,31.000000,32.531250,30.906250,32.343750,20.751909,126061800
2001-02-08,31.875000,32.250000,31.000000,31.125000,19.969957,88041200
2001-02-09,30.656250,30.781250,29.250000,29.562500,18.967451,100575200
2001-02-12,29.406250,29.718750,28.593750,29.375000,18.847151,71289400
2001-02-13,29.812500,30.531250,29.062500,29.093750,18.666702,76070600
2001-02-14,28.812500,29.500000,28.187500,29.187500,18.726851,61728400
2001-02-15,29.500000,30.093750,28.937500,29.406250,18.867195,65627800
2001-02-16,28.500000,29.125000,28.062500,28.656250,18.386002,66958400
2001-02-20,28.687500,29.125000,27.687500,27.937500,17.924845,60730800
2001-02-21,27.625000,29.031250,27.593750,28.125000,18.045149,63947200
2001-02-22,28.156250,28.406250,26.937500,27.593750,17.704288,100816400
2001-02-23,27.218750,28.750000,27.156250,28.375000,18.205547,92620600
2001-02-26,28.812500,29.968750,28.687500,29.781250,19.107803,87936800
2001-02-27,29.687500,30.593750,29.335938,29.687500,19.047646,99148600
2001-02-28,29.781250,30.039063,29.093750,29.500000,18.927351,84608400
2001-03-01,29.281250,29.750000,28.125000,29.679688,19.042637,81781600
2001-03-02,28.750000,29.062500,28.218750,28.343750,18.185499,79800800
2001-03-05,28.625000,29.312500,28.281250,28.718750,18.426098,49383600
2001-03-06,29.312500,30.000000,29.187500,29.718750,19.067696,66781800
2001-03-07,29.937500,30.562500,29.656250,30.343750,19.468704,59743600
2001-03-08,30.156250,30.296875,29.218750,29.625000,19.007547,54626000
2001-03-09,28.968750,29.093750,27.437500,28.343750,18.185499,103794400
2001-03-12,27.343750,27.500000,25.812500,25.968750,16.661684,114376000
2001-03-13,26.093750,27.375000,26.000000,27.093750,17.383492,91035600
2001-03-14,26.250000,27.625000,26.093750,27.000000,17.323334,90686200
2001-03-15,27.656250,28.039063,26.750000,26.843750,17.223083,71638400
2001-03-16,26.250000,27.562500,26.242188,27.281250,17.503788,112848800
2001-03-19,27.250000,27.750000,26.562500,27.156250,17.423592,61036400
2001-03-20,27.281250,28.062500,26.312500,26.343750,16.902283,91822800
2001-03-21,26.125000,26.625000,24.875000,25.031250,16.060188,124988600
2001-03-22,25.281250,27.031250,25.250000,27.000000,17.323334,126363200
2001-03-23,27.468750,28.500000,27.187500,28.281250,18.145384,99519600
2001-03-26,28.562500,28.750000,27.781250,28.031250,17.984997,63118600
2001-03-27,28.031250,29.281250,27.937500,29.125000,18.686750,95135600
2001-03-28,28.687500,28.968750,27.687500,27.781250,17.824596,78681600
2001-03-29,27.687500,28.593750,27.281250,27.687500,17.764444,86985000
2001-03-30,27.875000,28.093750,26.937500,27.343750,17.543888,91201600
2001-04-02,27.406250,28.468750,27.312500,27.906250,17.904791,75924000
2001-04-03,27.656250,27.656250,26.375000,26.687500,17.122839,94187600
2001-04-04,26.687500,27.500000,25.531250,25.968750,16.661684,104046600
2001-04-05,26.875000,28.687500,26.750000,28.375000,18.205547,113364000
2001-04-06,28.187500,28.593750,27.531250,28.093750,18.025091,92622000
2001-04-09,28.285000,28.709999,27.830000,28.575001,18.333868,56295600
2001-04-10,28.975000,30.045000,28.889999,29.840000,19.145502,109199400
2001-04-11,30.325001,30.750000,29.850000,30.020000,19.260986,109879600
2001-04-12,29.780001,31.155001,29.674999,31.090000,19.947493,87520000
2001-04-16,30.700001,30.790001,30.059999,30.395000,19.501583,65857400
2001-04-17,30.260000,31.055000,30.020000,30.740000,19.722939,85149200
2001-04-18,31.695000,33.154999,31.500000,32.715000,20.990108,156696400
2001-04-19,32.904999,34.500000,32.875000,34.020000,21.827400,159375600
2001-04-20,35.150002,35.549999,34.250000,34.500000,22.135370,192919600
2001-04-23,34.055000,34.235001,33.450001,34.125000,21.894773,92171200
2001-04-24,34.099998,34.965000,33.570000,33.775002,21.670206,89176600
2001-04-25,33.785000,34.895000,33.625000,34.845001,22.356728,76744000
2001-04-26,35.035000,35.500000,34.125000,34.564999,22.177076,118737600
2001-04-27,34.764999,34.840000,33.105000,33.560001,21.532274,121572400
2001-04-30,34.264999,34.529999,33.840000,33.875000,21.734371,74368200
2001-05-01,33.830002,35.150002,33.799999,35.084999,22.510714,83702800
2001-05-02,35.500000,35.575001,34.674999,34.880001,22.379189,92864400
2001-05-03,34.625000,35.090000,34.070000,34.264999,21.984596,66273400
2001-05-04,34.000000,35.525002,33.980000,35.375000,22.696783,119538400
2001-05-07,35.415001,36.075001,35.349998,35.689999,22.898880,109356200
2001-05-08,35.875000,36.049999,35.375000,36.029999,23.117023,75084000
2001-05-09,35.619999,35.650002,34.930000,35.200001,22.584496,76676600
2001-05-10,35.564999,35.619999,34.980000,35.000000,22.456175,64334600
2001-05-11,34.980000,35.000000,34.325001,34.700001,22.263697,51128800
2001-05-14,34.564999,34.599998,34.150002,34.360001,22.045553,44968000
2001-05-15,34.369999,34.650002,34.000000,34.134998,21.901190,61385600
2001-05-16,33.849998,34.939999,33.665001,34.580002,22.186699,91893800
2001-05-17,34.549999,35.070000,33.775002,34.084999,21.869097,106984800
2001-05-18,33.845001,34.599998,33.625000,34.044998,21.843445,90605400
2001-05-21,34.025002,34.994999,33.875000,34.395000,22.068007,103491600
2001-05-22,34.724998,35.174999,34.590000,35.154999,22.555614,83455600
2001-05-23,35.195000,35.799999,34.755001,34.849998,22.359938,93637400
2001-05-24,34.970001,35.889999,34.634998,35.860001,23.007952,80781600
2001-05-25,35.830002,35.950001,35.180000,35.455002,22.748112,52747600
2001-05-29,35.400002,35.875000,35.025002,35.169998,22.565248,71210800
2001-05-30,34.779999,35.290001,34.325001,34.595001,22.196333,86501800
2001-05-31,34.744999,35.189999,34.200001,34.590000,22.193119,70682600
2001-06-01,34.799999,35.349998,34.349998,35.169998,22.565248,57587600
2001-06-04,35.275002,35.509998,34.900002,35.389999,22.706406,43736600
2001-06-05,35.380001,36.540001,35.250000,36.299999,23.290262,89454200
2001-06-06,36.445000,36.740002,35.775002,36.180000,23.213270,80022800
2001-06-07,36.060001,36.865002,36.040001,36.840000,23.636738,66960000
2001-06-08,36.849998,36.875000,36.025002,36.595001,23.479536,51867000
2001-06-11,36.424999,36.424999,35.755001,36.060001,23.136278,47345600
2001-06-12,35.509998,36.205002,35.404999,36.040001,23.123447,66714600
2001-06-13,36.025002,36.150002,35.320000,35.345001,22.677532,55302400
2001-06-14,35.110001,35.275002,34.200001,34.450001,22.103291,71972400
2001-06-15,33.755001,34.150002,33.200001,34.009998,21.820992,108354400
2001-06-18,33.974998,33.980000,33.005001,33.439999,21.455276,56846800
2001-06-19,34.105000,34.424999,33.424999,33.660000,21.596428,63457400
2001-06-20,33.570000,34.794998,33.549999,34.705002,22.266911,64108400
2001-06-21,34.575001,35.275002,34.459999,34.919998,22.404850,69603800
2001-06-22,35.000000,35.305000,34.290001,34.415001,22.080845,51092000
2001-06-25,34.549999,34.904999,33.884998,34.424999,22.087259,49215600
2001-06-26,33.910000,35.105000,33.849998,35.070000,22.501089,63077000
2001-06-27,34.930000,35.764999,34.680000,35.570000,22.821892,69199800
2001-06-28,35.775002,38.075001,35.264999,36.369999,23.335171,128975600
2001-06-29,36.299999,36.705002,35.700001,36.500000,23.418587,94283800
2001-07-02,36.025002,36.575001,35.075001,35.299999,22.648649,72810200
2001-07-03,35.150002,35.400002,34.965000,35.235001,22.606953,28037400
2001-07-05,35.110001,35.360001,34.220001,34.255001,21.978182,49242600
2001-07-06,34.150002,34.200001,32.834999,33.029999,21.192215,67467800
2001-07-09,33.099998,33.455002,32.520000,32.845001,21.073515,66476600
2001-07-10,32.950001,33.125000,32.174999,32.240002,20.685349,66562600
2001-07-11,32.105000,33.375000,32.099998,33.250000,21.333366,73822600
2001-07-12,35.349998,36.025002,35.165001,35.799999,22.969463,128078000
2001-07-13,35.700001,36.000000,35.470001,35.669998,22.886053,58934600
2001-07-16,35.724998,36.080002,35.075001,35.590000,22.834724,55990800
2001-07-17,35.330002,36.005001,35.070000,35.910000,23.040045,63241000
2001-07-18,35.299999,35.750000,34.935001,35.285000,22.639036,57590800
2001-07-19,35.610001,36.500000,35.610001,36.285000,23.280642,76549400
2001-07-20,34.014999,34.700001,33.970001,34.590000,22.193119,124203600
2001-07-23,34.619999,34.619999,33.174999,33.544998,21.522646,79999400
2001-07-24,33.500000,33.994999,32.849998,33.160000,21.275625,67530200
2001-07-25,33.130001,33.759998,32.805000,33.740002,21.647762,74065400
2001-07-26,33.560001,33.660000,32.750000,33.294998,21.362238,77974000
2001-07-27,33.025002,33.125000,32.525002,32.735001,21.002947,65396000
2001-07-30,32.825001,33.439999,32.770000,32.900002,21.108814,42196400
2001-07-31,33.005001,33.695000,32.924999,33.095001,21.233923,59031600
2001-08-01,33.400002,33.404999,32.880001,33.235001,21.323750,55679000
2001-08-02,33.605000,33.770000,33.130001,33.724998,21.638128,54198400
2001-08-03,33.650002,33.680000,33.000000,33.445000,21.458479,43260400
2001-08-06,33.264999,33.560001,32.840000,33.064999,21.214666,27831600
2001-08-07,33.020000,33.525002,32.994999,33.174999,21.285242,31347800
2001-08-08,33.255001,33.619999,32.244999,32.430000,20.807251,54996400
2001-08-09,32.490002,32.775002,32.150002,32.505001,20.855371,45536200
2001-08-10,32.384998,32.930000,31.450001,32.759998,21.018978,51756400
2001-08-13,32.619999,32.994999,32.375000,32.915001,21.118437,32675400
2001-08-14,32.875000,33.044998,32.224998,32.345001,20.752716,36481200
2001-08-15,32.355000,32.525002,31.600000,31.600000,20.274725,39503000
2001-08-16,31.420000,32.355000,31.350000,32.310001,20.730263,43905600
2001-08-17,31.889999,32.064999,30.750000,30.940001,19.851259,52234200
2001-08-20,30.830000,31.375000,30.549999,31.350000,20.114319,48371200
2001-08-21,31.350000,31.600000,30.355000,30.389999,19.498373,47111800
2001-08-22,30.565001,30.575001,29.540001,30.330000,19.459877,78107200
2001-08-23,30.334999,30.764999,29.500000,29.559999,18.965843,51813200
2001-08-24,29.799999,31.139999,29.615000,31.025000,19.905798,63399000
2001-08-27,30.950001,31.680000,30.785000,31.155001,19.989206,44562800
2001-08-28,31.170000,31.475000,30.290001,30.370001,19.485554,47422800
2001-08-29,30.525000,30.650000,29.770000,30.125000,19.328358,48170000
2001-08-30,29.520000,29.830000,28.260000,28.469999,18.266495,97632000
2001-08-31,28.424999,29.030001,28.150000,28.525000,18.301785,57900800
2001-09-04,28.594999,29.540001,28.035000,28.049999,17.997021,67189200
2001-09-05,28.090000,29.195000,27.695000,28.870001,18.523142,89470600
2001-09-06,28.280001,29.195000,27.950001,28.010000,17.971357,112356800
2001-09-07,28.055000,28.680000,27.655001,27.700001,17.772457,89863800
2001-09-10,27.459999,28.975000,27.350000,28.790001,18.471811,84471800
2001-09-17,27.010000,27.549999,26.400000,26.455000,16.973661,127502000
2001-09-18,26.705000,27.500000,26.584999,27.160000,17.425993,83182600
2001-09-19,27.230000,27.350000,25.299999,26.934999,17.281635,126950200
2001-09-20,26.174999,26.305000,25.334999,25.379999,16.283936,117983200
2001-09-21,23.959999,25.299999,23.750000,24.855000,15.947096,184976600
2001-09-24,25.325001,26.225000,24.934999,26.004999,16.684937,85580200
2001-09-25,26.135000,26.500000,25.080000,25.650000,16.457176,84940600
2001-09-26,25.754999,25.900000,24.775000,25.135000,16.126743,58524400
2001-09-27,25.049999,25.340000,24.000000,24.980000,16.027302,81191200
2001-09-28,24.809999,25.795000,24.490000,25.584999,16.415462,116641200
2001-10-01,25.469999,26.250000,25.205000,25.895000,16.614367,69999600
2001-10-02,25.815001,26.775000,25.780001,26.525000,17.018570,80860800
2001-10-03,26.240000,28.465000,26.200001,28.115000,18.038733,97199200
2001-10-04,28.459999,29.200001,28.105000,28.219999,18.106098,101778000
2001-10-05,28.080000,29.000000,27.469999,28.860001,18.516724,80844400
2001-10-08,28.400000,29.325001,28.370001,29.020000,18.619383,60605800
2001-10-09,28.750000,28.785000,27.094999,27.280001,17.502991,99477600
2001-10-10,26.799999,27.875000,26.500000,27.754999,17.807749,86349200
2001-10-11,27.879999,28.420000,27.295000,28.160000,18.067595,83742600
2001-10-12,27.850000,28.320000,27.275000,28.190001,18.086842,63307000
2001-10-15,27.950001,29.250000,27.924999,29.030001,18.625793,68437000
2001-10-16,28.934999,29.455000,28.605000,29.225000,18.750908,66169000
2001-10-17,29.559999,29.650000,27.990000,28.014999,17.974564,73710600
2001-10-18,28.170000,28.790001,27.750000,28.375000,18.205547,78348000
2001-10-19,28.700001,29.004999,27.815001,28.950001,18.574474,91219600
2001-10-22,28.950001,30.090000,28.735001,30.080000,19.299477,72323600
2001-10-23,30.235001,30.719999,29.700001,30.215000,19.386097,80325000
2001-10-24,30.250000,30.809999,29.809999,30.660000,19.671612,79141400
2001-10-25,30.305000,31.299999,29.785000,31.280001,20.069407,75318200
2001-10-26,31.160000,31.815001,31.040001,31.100000,19.953915,64509400
2001-10-29,31.049999,31.100000,29.770000,29.820000,19.132669,55129400
2001-10-30,29.459999,29.770000,29.094999,29.440001,18.888853,57395600
2001-10-31,29.650000,30.365000,29.049999,29.075001,18.654663,64700000
2001-11-01,30.040001,31.125000,29.799999,30.920000,19.838428,109671200
2001-11-02,30.965000,31.510000,30.254999,30.700001,19.697273,83360000
2001-11-05,30.930000,32.014999,30.875000,31.635000,20.297182,66401600
2001-11-06,31.350000,32.470001,31.080000,32.389999,20.781591,68612000
2001-11-07,32.110001,32.525002,32.014999,32.125000,20.611563,58899000
2001-11-08,32.230000,33.029999,31.830000,32.209999,20.666092,74227800
2001-11-09,32.169998,32.825001,31.955000,32.605000,20.919533,48013600
2001-11-12,32.349998,33.220001,31.825001,32.895000,21.105606,57752800
2001-11-13,33.400002,33.974998,33.299999,33.950001,21.782499,60159600
2001-11-14,34.115002,34.169998,32.895000,32.974998,21.156927,88625600
2001-11-15,33.049999,33.525002,32.724998,33.060001,21.211458,77922000
2001-11-16,33.180000,33.305000,32.474998,32.875000,21.092770,59249000
2001-11-19,33.125000,33.485001,32.849998,33.270000,21.346199,56005000
2001-11-20,33.224998,33.900002,32.514999,32.700001,20.980494,65921800
2001-11-21,32.180000,32.299999,31.740000,32.025002,20.547398,50785200
2001-11-23,32.189999,32.404999,31.809999,32.355000,20.759130,15754600
2001-11-26,32.494999,32.855000,32.200001,32.570000,20.897079,41983600
2001-11-27,32.395000,32.535000,31.375000,31.870001,20.447962,90819000
2001-11-28,31.584999,32.060001,31.365000,31.400000,20.146399,54536600
2001-11-29,31.559999,32.450001,31.475000,32.419998,20.800840,54034400
2001-11-30,32.330002,32.540001,31.965000,32.105000,20.598732,48234200
2001-12-03,31.915001,32.615002,31.900000,32.384998,20.778379,47211800
2001-12-04,32.500000,33.040001,32.049999,33.000000,21.172968,51005800
2001-12-05,33.244999,34.084999,32.599998,34.049999,21.846649,74243000
2001-12-06,33.990002,34.500000,33.775002,34.325001,22.023092,56026200
2001-12-07,34.125000,34.419998,33.275002,33.915001,21.760033,42334800
2001-12-10,33.759998,34.224998,33.430000,33.529999,21.513014,38367400
2001-12-11,33.830002,34.064999,33.535000,33.660000,21.596428,54334000
2001-12-12,33.580002,33.990002,33.125000,33.974998,21.798534,47884200
2001-12-13,33.564999,34.119999,33.035000,33.134998,21.259583,53227800
2001-12-14,33.009998,33.974998,32.965000,33.720001,21.634930,43000600
2001-12-17,33.584999,34.555000,33.580002,34.490002,22.128963,57079800
2001-12-18,34.459999,34.700001,34.299999,34.634998,22.221989,47255200
2001-12-19,34.310001,34.945000,34.224998,34.744999,22.292566,56996200
2001-12-20,34.575001,34.625000,33.310001,33.380001,21.416779,78585000
2001-12-21,34.005001,34.009998,33.500000,33.770000,21.667004,84307600
2001-12-24,33.860001,34.014999,33.599998,33.634998,21.580385,11701600
2001-12-26,33.709999,34.535000,33.695000,33.840000,21.711916,29328000
2001-12-27,33.990002,34.355000,33.630001,33.924999,21.766449,32406600
2001-12-28,34.115002,34.424999,33.849998,33.935001,21.772869,28787200
2001-12-31,33.919998,34.240002,33.125000,33.125000,21.253164,43006200
2002-01-02,33.325001,33.555000,32.755001,33.520000,21.506609,48124000
2002-01-03,33.555000,34.625000,33.544998,34.615002,22.209158,67590800
2002-01-04,34.625000,34.955002,34.334999,34.450001,22.103291,52731400
2002-01-07,34.875000,35.009998,34.174999,34.279999,21.994228,58508800
2002-01-08,34.345001,34.930000,34.000000,34.689999,22.257286,47736400
2002-01-09,34.860001,35.310001,34.275002,34.355000,22.042343,76304000
2002-01-10,34.240002,34.900002,34.064999,34.639999,22.225197,50296600
2002-01-11,34.759998,35.160000,34.049999,34.305000,22.010260,72993200
2002-01-14,34.150002,34.520000,33.869999,34.235001,21.965353,50997800
2002-01-15,34.330002,34.810001,34.250000,34.775002,22.311819,60717400
2002-01-16,34.424999,34.919998,33.924999,33.935001,21.772869,61955400
2002-01-17,34.264999,35.000000,34.200001,34.930000,22.411264,78958000
2002-01-18,33.549999,33.924999,32.709999,33.049999,21.205044,107140400
2002-01-22,33.305000,33.314999,32.125000,32.230000,20.678928,76837200
2002-01-23,32.025002,32.355000,31.620001,31.870001,20.447962,80403000
2002-01-24,32.049999,32.590000,31.900000,32.299999,20.723846,83886000
2002-01-25,32.095001,32.424999,31.754999,31.900000,20.467209,48981200
2002-01-28,32.115002,32.200001,31.455000,31.910000,20.473619,41622000
2002-01-29,31.950001,32.250000,30.995001,31.160000,19.992416,58666000
2002-01-30,31.225000,31.450001,30.665001,31.424999,20.162439,66100000
2002-01-31,31.530001,31.905001,31.059999,31.855000,20.438335,69566200
2002-02-01,32.075001,32.250000,31.235001,31.330000,20.101486,63462200
2002-02-04,31.200001,31.344999,30.375000,30.559999,19.607449,70308400
2002-02-05,30.400000,31.115000,30.250000,30.575001,19.617075,66772600
2002-02-06,30.805000,30.945000,30.125000,30.200001,19.376469,66103000
2002-02-07,30.150000,30.805000,29.875000,29.900000,19.183994,63314000
2002-02-08,30.059999,30.330000,29.415001,30.325001,19.456675,61283000
2002-02-11,30.004999,30.620001,29.795000,30.565001,19.610657,50899600
2002-02-12,30.245001,30.424999,30.010000,30.070000,19.293060,44973800
2002-02-13,30.129999,30.940001,29.975000,30.910000,19.832012,54168600
2002-02-14,31.000000,31.495001,30.660000,30.840000,19.787104,57267000
2002-02-15,30.850000,31.030001,30.100000,30.115000,19.321936,50179800
2002-02-19,29.955000,30.070000,29.299999,29.465000,18.904900,52262600
2002-02-20,29.700001,30.180000,29.400000,29.950001,19.216074,50492000
2002-02-21,29.860001,30.135000,29.004999,29.025000,18.622587,59398400
2002-02-22,29.025000,29.375000,28.575001,28.995001,18.603342,71347800
2002-02-25,28.969999,29.945000,28.945000,29.540001,18.953020,51832200
2002-02-26,29.549999,30.000000,28.950001,29.275000,18.782991,63276200
2002-02-27,29.535000,30.075001,28.995001,29.195000,18.731663,65750000
2002-02-28,29.389999,29.850000,29.070000,29.170000,18.715624,68068000
2002-03-01,29.525000,30.709999,29.424999,30.684999,19.687645,62115600
2002-03-04,30.620001,31.750000,30.434999,31.650000,20.306801,74464200
2002-03-05,31.500000,31.940001,31.170000,31.540001,20.236225,55926400
2002-03-06,31.455000,31.850000,31.094999,31.815001,20.412664,49835400
2002-03-07,31.834999,31.940001,30.930000,31.360001,20.120729,58079200
2002-03-08,31.815001,32.349998,31.584999,31.975000,20.515327,57701800
2002-03-11,31.754999,32.500000,31.500000,32.169998,20.640438,43718200
2002-03-12,31.260000,31.400000,30.834999,31.270000,20.062990,66407200
2002-03-13,31.040001,31.510000,30.975000,31.049999,19.921837,44387400
2002-03-14,31.070000,31.120001,30.525000,30.610001,19.639530,51819600
2002-03-15,30.500000,31.254999,30.485001,31.245001,20.046951,69086800
2002-03-18,31.370001,31.495001,30.600000,31.070000,19.934668,52296800
2002-03-19,31.090000,31.500000,30.750000,31.115000,19.963541,36376400
2002-03-20,30.700001,31.010000,30.049999,30.049999,19.280231,55235200
2002-03-21,30.105000,30.795000,29.915001,30.680000,19.684443,46123400
2002-03-22,30.525000,30.570000,30.110001,30.225000,19.392511,41341400
2002-03-25,30.240000,30.389999,29.575001,29.615000,19.001133,47752400
2002-03-26,29.549999,30.459999,29.155001,29.540001,18.953020,69357200
2002-03-27,29.400000,29.940001,29.295000,29.719999,19.068502,47318400
2002-03-28,29.975000,30.325001,29.830000,30.155001,19.347605,43901200
2002-04-01,29.915001,30.200001,29.600000,30.190001,19.370058,47010000
2002-04-02,29.450001,29.545000,28.555000,28.639999,18.375572,76509400
2002-04-03,28.719999,28.805000,27.750000,28.165001,18.070808,76931400
2002-04-04,27.990000,28.485001,27.709999,28.225000,18.109308,61763800
2002-04-05,28.445000,28.650000,27.920000,27.934999,17.923241,50166000
2002-04-08,27.150000,28.655001,27.129999,28.610001,18.356325,73389600
2002-04-09,28.665001,28.715000,27.400000,27.434999,17.602438,63413000
2002-04-10,27.559999,28.555000,27.530001,28.150000,18.061182,75636400
2002-04-11,27.945000,28.225000,27.250000,27.395000,17.576780,58165800
2002-04-12,27.575001,28.129999,27.430000,27.965000,17.942492,52297600
2002-04-15,28.000000,28.375000,27.700001,27.844999,17.865492,47388800
2002-04-16,28.200001,29.049999,28.180000,28.905001,18.545595,51921600
2002-04-17,28.975000,29.139999,28.209999,28.315001,18.167051,55158600
2002-04-18,28.395000,28.655001,26.340000,28.184999,18.083645,74794800
2002-04-19,28.719999,28.990000,28.430000,28.600000,18.349909,104268600
2002-04-22,28.260000,28.350000,27.500000,27.795000,17.833416,51465200
2002-04-23,27.850000,27.910000,26.650000,26.995001,17.320133,68281400
2002-04-24,26.924999,27.215000,26.500000,26.510000,17.008951,61220400
2002-04-25,26.450001,27.225000,26.440001,26.865000,17.236723,57290400
2002-04-26,27.035000,27.225000,25.730000,25.750000,16.521330,62776600
2002-04-29,25.735001,26.455000,25.719999,26.120001,16.758730,70246000
2002-04-30,26.049999,26.650000,25.959999,26.129999,16.765141,77384000
2002-05-01,26.080000,26.594999,25.330000,26.375000,16.922331,76413000
2002-05-02,26.320000,27.035000,25.575001,25.605000,16.428299,79009200
2002-05-03,25.629999,25.840000,24.754999,24.780001,15.898978,71628000
2002-05-06,24.719999,25.270000,24.184999,24.309999,15.597420,66299400
2002-05-07,24.590000,25.145000,24.174999,24.735001,15.870098,88385400
2002-05-08,25.635000,27.485001,25.610001,27.485001,17.634520,101242000
2002-05-09,27.200001,27.500000,25.950001,26.059999,16.720222,83288200
2002-05-10,26.264999,26.334999,24.995001,25.025000,16.056170,64408800
2002-05-13,25.225000,26.455000,24.875000,26.344999,16.903086,64819000
2002-05-14,27.200001,27.549999,26.990000,27.440001,17.605640,64832400
2002-05-15,27.245001,28.219999,26.930000,27.375000,17.563946,70412000
2002-05-16,27.355000,28.014999,27.325001,27.870001,17.881542,53406400
2002-05-17,28.105000,28.200001,27.635000,28.014999,17.974564,54646200
2002-05-20,27.750000,27.775000,26.750000,27.004999,17.326550,52115800
2002-05-21,26.975000,27.299999,26.065001,26.094999,16.742682,63120000
2002-05-22,25.934999,26.860001,25.924999,26.844999,17.223886,54169400
2002-05-23,26.850000,27.420000,26.504999,27.410000,17.586399,51412800
2002-05-24,27.070000,27.260000,26.520000,26.629999,17.085941,35982000
2002-05-28,26.795000,26.844999,25.875000,26.160000,16.784386,49602000
2002-05-29,25.825001,26.360001,25.775000,26.025000,16.697771,45393200
2002-05-30,25.820000,26.680000,25.715000,26.320000,16.887045,63213000
2002-05-31,26.450001,26.709999,25.440001,25.455000,16.332054,66468000
2002-06-03,25.495001,25.820000,24.584999,24.709999,15.854064,88439000
2002-06-04,24.750000,25.615000,24.620001,24.990000,16.033714,88008400
2002-06-05,25.215000,25.875000,25.165001,25.830000,16.572664,66969400
2002-06-06,25.750000,26.070000,25.000000,25.950001,16.649651,78703400
2002-06-07,24.945000,26.299999,24.930000,25.990000,16.675314,97834400
2002-06-10,25.825001,26.650000,25.730000,26.410000,16.944794,71825400
2002-06-11,26.620001,27.090000,26.209999,26.285000,16.864578,74368200
2002-06-12,26.290001,27.889999,26.250000,27.770000,17.817373,136198600
2002-06-13,27.420000,27.740000,27.100000,27.110001,17.393917,79771600
2002-06-14,26.575001,27.775000,26.500000,27.625000,17.724346,109433600
2002-06-17,27.830000,28.219999,27.684999,27.840000,17.862291,94486600
2002-06-18,27.764999,28.145000,27.674999,27.995001,17.961735,77518400
2002-06-19,27.735001,27.969999,27.160000,27.180000,17.438828,81247000
2002-06-20,27.184999,27.549999,26.950001,27.049999,17.355423,86401200
2002-06-21,26.700001,27.275000,26.139999,26.139999,16.771555,116820000
2002-06-24,26.045000,27.320000,25.924999,27.080000,17.374668,104523200
2002-06-25,27.350000,27.500000,26.400000,26.475000,16.986490,84025200
2002-06-26,25.525000,27.195000,25.525000,27.065001,17.365044,112131400
2002-06-27,27.299999,27.469999,26.430000,27.459999,17.618473,95812400
2002-06-28,27.275000,27.895000,27.000000,27.350000,17.547897,89555600
2002-07-01,27.059999,27.195000,26.290001,26.330000,16.893454,66473800
2002-07-02,26.190001,26.459999,25.665001,25.719999,16.502077,82814200
2002-07-03,25.620001,26.260000,25.225000,25.920000,16.630404,80936600
2002-07-05,26.545000,27.450001,26.525000,27.424999,17.596022,35673600
2002-07-08,27.205000,27.465000,26.290001,26.459999,16.976868,63199400
2002-07-09,26.655001,27.365000,26.485001,26.605000,17.069902,85277200
2002-07-10,26.844999,27.100000,26.065001,26.120001,16.758730,90673400
2002-07-11,26.020000,26.535000,25.625000,26.455000,16.973661,129550600
2002-07-12,26.684999,26.865000,25.740000,25.930000,16.636826,95733800
2002-07-15,25.695000,25.930000,24.000000,25.900000,16.617565,136965600
2002-07-16,25.655001,26.400000,25.320000,25.625000,16.441128,97154600
2002-07-17,26.260000,26.650000,25.584999,26.000000,16.681732,98034800
2002-07-18,26.030001,26.370001,25.330000,25.555000,16.396212,91053600
2002-07-19,24.934999,25.445000,24.405001,24.780001,15.898978,112543400
2002-07-22,24.475000,24.995001,22.950001,23.754999,15.241331,180069800
2002-07-23,23.245001,23.400000,21.485001,21.504999,13.797716,168061600
2002-07-24,20.875000,23.180000,20.705000,23.115000,14.830701,202307800
2002-07-25,22.725000,22.855000,21.219999,21.415001,13.739975,163411400
2002-07-26,21.870001,22.705000,21.840000,22.674999,14.548401,123538000
2002-07-29,23.424999,24.150000,23.275000,24.125000,15.478724,112148600
2002-07-30,23.775000,24.415001,23.665001,24.049999,15.430601,122690600
2002-07-31,23.805000,24.000000,23.180000,23.990000,15.392109,93875600
2002-08-01,23.790001,24.045000,22.750000,22.875000,14.676713,92002800
2002-08-02,22.754999,22.924999,21.900000,22.205000,14.246839,85947600
2002-08-05,22.145000,22.584999,21.905001,21.995001,14.112103,78941600
2002-08-06,22.450001,23.625000,22.420000,22.834999,14.651058,88715800
2002-08-07,23.500000,23.650000,22.580000,23.545000,15.106588,86349400
2002-08-08,23.555000,24.500000,23.205000,24.455000,15.690450,88748000
2002-08-09,24.075001,24.575001,23.830000,24.059999,15.437018,69049400
2002-08-12,23.805000,24.375000,23.799999,24.235001,15.549295,56866600
2002-08-13,23.995001,24.850000,23.459999,23.530001,15.096962,100122800
2002-08-14,23.625000,24.865000,23.605000,24.855000,15.947096,96706000
2002-08-15,24.980000,25.370001,24.375000,24.885000,15.966340,98745600
2002-08-16,24.715000,25.115000,24.459999,25.000000,16.040127,69334000
2002-08-19,25.020000,26.025000,24.924999,26.000000,16.681732,79848200
2002-08-20,25.690001,25.850000,25.375000,25.520000,16.373766,70317600
2002-08-21,25.780001,26.190001,25.575001,26.139999,16.771555,81203400
2002-08-22,26.424999,26.725000,26.299999,26.615000,17.076317,72517600
2002-08-23,26.330000,26.424999,25.920000,26.110001,16.752316,57929200
2002-08-26,26.250000,26.325001,25.590000,26.049999,16.713806,55652400
2002-08-27,26.165001,26.225000,25.325001,25.420000,16.309603,65470200
2002-08-28,25.240000,25.330000,24.650000,24.690001,15.841228,68875000
2002-08-29,24.445000,25.500000,24.260000,25.290001,16.226194,94275600
2002-08-30,25.070000,25.240000,24.500000,24.540001,15.744993,58138400
2002-09-03,24.260000,24.260000,23.500000,23.510000,15.084132,74452600
2002-09-04,23.725000,24.299999,23.575001,24.105000,15.465894,80232000
2002-09-05,23.750000,23.760000,22.940001,22.955000,14.728045,90438800
2002-09-06,23.875000,24.135000,23.735001,23.910000,15.340781,69918400
2002-09-09,23.625000,24.475000,23.315001,24.350000,15.623084,81653200
2002-09-10,24.270000,24.910000,24.174999,24.895000,15.972756,83950000
2002-09-11,25.115000,25.549999,24.264999,24.290001,15.584591,77443200
2002-09-12,24.075001,24.150000,23.510000,23.575001,15.125840,63726800
2002-09-13,23.450001,24.129999,23.424999,23.955000,15.369648,59549200
2002-09-16,23.799999,24.065001,23.525000,23.889999,15.327947,50166200
2002-09-17,24.334999,24.450001,23.605000,23.645000,15.170756,73343400
2002-09-18,23.360001,24.120001,23.330000,23.875000,15.318323,83951800
2002-09-19,23.340000,23.910000,23.295000,23.600000,15.141886,77777600
2002-09-20,23.855000,24.000000,23.650000,23.730000,15.225286,130619200
2002-09-23,23.299999,23.355000,22.405001,22.615000,14.509901,89783800
2002-09-24,22.415001,23.240000,22.315001,22.820000,14.641424,104142200
2002-09-25,23.200001,23.480000,22.525000,23.254999,14.920528,107116600
2002-09-26,23.555000,23.750000,22.975000,23.100000,14.821074,100852200
2002-09-27,23.020000,23.549999,22.594999,22.625000,14.516312,81011600
2002-09-30,22.434999,22.520000,21.555000,21.870001,14.031905,115577000
2002-10-01,22.160000,23.125000,21.594999,23.115000,14.830701,110636600
2002-10-02,23.049999,23.405001,22.580000,22.805000,14.631806,103488600
2002-10-03,22.650000,23.295000,22.299999,22.400000,14.371950,105221400
2002-10-04,22.695000,22.785000,21.844999,21.885000,14.041528,107120400
2002-10-07,21.905001,22.530001,21.844999,22.025000,14.131355,89790000
2002-10-08,22.375000,22.990000,22.065001,22.495001,14.432905,115667600
2002-10-09,22.115000,22.725000,21.905001,21.995001,14.112103,123142600
2002-10-10,22.000000,23.309999,21.625000,23.190001,14.878819,118515000
2002-10-11,23.680000,24.450001,23.504999,24.434999,15.677615,108828800
2002-10-14,24.125000,24.665001,23.920000,24.645000,15.812351,76216200
2002-10-15,25.629999,26.184999,25.325001,26.145000,16.774775,133374200
2002-10-16,25.195000,25.629999,25.139999,25.205000,16.171656,95437400
2002-10-17,26.139999,26.250000,25.025000,25.385000,16.287148,182602400
2002-10-18,26.299999,26.600000,25.570000,26.575001,17.050653,152817200
2002-10-21,25.985001,26.495001,25.680000,26.254999,16.845341,112378600
2002-10-22,25.715000,25.965000,25.514999,25.834999,16.575869,87159000
2002-10-23,25.715000,26.629999,25.715000,26.600000,17.066694,110866600
2002-10-24,26.680000,26.684999,25.450001,25.615000,16.434710,95833400
2002-10-25,25.625000,26.400000,25.580000,26.340000,16.899872,75425800
2002-10-28,26.700001,26.750000,25.754999,25.975000,16.665699,79906600
2002-10-29,26.075001,26.245001,25.424999,26.035000,16.704185,90517200
2002-10-30,26.100000,26.695000,25.815001,26.555000,17.037821,94451200
2002-10-31,26.594999,27.035000,26.424999,26.735001,17.153318,105973800
2002-11-01,26.215000,26.620001,25.950001,26.500000,17.002535,105097800
2002-11-04,28.375000,28.625000,27.760000,28.049999,17.997021,139964200
2002-11-05,27.889999,28.400000,27.790001,28.340000,18.183090,76658200
2002-11-06,28.495001,28.549999,27.764999,28.514999,18.295370,115407000
2002-11-07,28.100000,28.309999,27.750000,28.004999,17.968145,73699600
2002-11-08,28.000000,28.275000,27.504999,27.549999,17.676214,64522200
2002-11-11,27.535000,27.549999,26.910000,26.930000,17.278429,58341200
2002-11-12,27.049999,27.715000,26.950001,27.254999,17.486950,81398600
2002-11-13,27.120001,27.965000,27.055000,27.680000,17.759636,107370200
2002-11-14,27.995001,28.500000,27.934999,28.495001,18.282536,78337000
2002-11-15,28.299999,28.459999,27.834999,28.344999,18.186298,77533600
2002-11-18,28.475000,28.514999,27.870001,27.924999,17.916821,58086400
2002-11-19,27.775000,27.900000,27.155001,27.430000,17.599224,76403400
2002-11-20,27.504999,28.450001,27.465000,28.309999,18.163839,76435400
2002-11-21,28.490000,29.000000,28.389999,28.920000,18.555223,82922200
2002-11-22,28.725000,29.150000,28.525000,29.110001,18.677128,70002000
2002-11-25,29.030001,29.320000,28.785000,29.115000,18.680334,61583000
2002-11-26,28.820000,29.125000,28.389999,28.450001,18.253668,68650400
2002-11-27,28.799999,29.305000,28.700001,29.040001,18.632204,55191800
2002-11-29,29.215000,29.315001,28.840000,28.840000,18.503889,28393000
2002-12-02,29.325001,29.480000,28.504999,28.844999,18.507103,63735000
2002-12-03,28.639999,28.674999,28.205000,28.355000,18.192715,58457400
2002-12-04,28.065001,28.719999,27.910000,28.270000,18.138176,83892000
2002-12-05,28.475000,28.545000,27.650000,27.670000,17.753210,68435800
2002-12-06,27.434999,27.870001,27.110001,27.735001,17.794920,71670200
2002-12-09,27.500000,27.610001,26.754999,26.764999,17.172562,63862800
2002-12-10,26.780001,27.240000,26.740000,27.004999,17.326550,63730200
2002-12-11,26.924999,27.504999,26.790001,27.330000,17.535069,69186200
2002-12-12,27.500000,27.530001,26.844999,27.084999,17.377876,55242000
2002-12-13,26.840000,26.875000,26.245001,26.250000,16.842127,65245400
2002-12-16,26.500000,27.275000,26.334999,27.240000,17.477324,60140400
2002-12-17,27.209999,27.495001,26.889999,27.180000,17.438828,49549800
2002-12-18,26.920000,27.200001,26.395000,26.764999,17.172562,62709400
2002-12-19,26.625000,27.375000,26.440001,26.555000,17.037821,82686600
2002-12-20,26.745001,26.860001,26.475000,26.520000,17.015371,98294600
2002-12-23,26.525000,27.139999,26.450001,27.000000,17.323334,48798400
2002-12-24,26.770000,27.115000,26.760000,26.910000,17.265598,18386000
2002-12-26,27.014999,27.344999,26.584999,26.695000,17.127651,37228000
2002-12-27,26.639999,27.000000,26.450001,26.485001,16.992907,40891600
2002-12-30,26.504999,26.620001,26.135000,26.375000,16.922331,48019600
2002-12-31,26.370001,26.495001,25.629999,25.850000,16.585497,58208800
2003-01-02,26.150000,26.875000,25.855000,26.860001,17.233517,67025200
2003-01-03,26.795000,26.900000,26.440001,26.895000,17.255974,55546800
2003-01-06,27.010000,27.615000,26.900000,27.385000,17.570358,59456200
2003-01-07,27.459999,28.004999,27.340000,27.900000,17.900787,80517400
2003-01-08,27.684999,27.775000,27.055000,27.120001,17.400330,64566000
2003-01-09,27.360001,27.959999,27.264999,27.905001,17.903992,61808000
2003-01-10,27.549999,28.150000,27.450001,27.959999,17.939278,67730200
2003-01-13,28.260000,28.375000,27.885000,28.195000,18.090050,60817800
2003-01-14,28.165001,28.500000,28.094999,28.485001,18.276123,54206400
2003-01-15,28.500000,28.660000,28.094999,28.135000,18.051559,59622600
2003-01-16,28.160000,28.325001,27.555000,27.674999,17.756416,81371000
2003-01-17,26.469999,26.500000,25.655001,25.730000,16.508495,155876000
2003-01-21,25.934999,26.075001,25.645000,25.665001,16.466795,86159200
2003-01-22,25.795000,26.200001,25.455000,25.500000,16.360928,86948000
2003-01-23,25.975000,26.270000,25.730000,26.139999,16.771555,71374800
2003-01-24,26.014999,26.025000,24.850000,24.924999,15.992008,103027000
2003-01-27,24.660000,25.299999,24.205000,24.584999,15.773853,114838600
2003-01-28,24.844999,24.850000,24.280001,24.410000,15.661580,86151200
2003-01-29,24.365000,25.020000,23.965000,24.955000,16.011261,106884000
2003-01-30,25.080000,25.084999,24.094999,24.120001,15.475515,87877400
2003-01-31,23.725000,24.174999,23.514999,23.730000,15.225286,106858400
2003-02-03,23.965000,24.549999,23.730000,24.280001,15.578171,80129800
2003-02-04,23.900000,23.969999,23.440001,23.660000,15.180373,81854800
2003-02-05,23.915001,24.264999,23.365000,23.480000,15.064885,101072000
2003-02-06,23.430000,23.809999,23.280001,23.709999,15.212461,83312000
2003-02-07,23.940001,23.975000,23.205000,23.290001,14.942980,75208000
2003-02-10,23.400000,23.760000,23.270000,23.690001,15.199628,74081400
2003-02-11,23.650000,23.834999,23.000000,23.219999,14.898069,84292000
2003-02-12,23.275000,23.549999,23.129999,23.219999,14.898069,71315200
2003-02-13,23.205000,23.559999,23.065001,23.495001,15.074518,73558200
2003-02-14,23.625000,24.250000,23.385000,24.150000,15.494760,90446400
2003-02-18,24.620001,24.990000,24.400000,24.959999,16.014460,57415500
2003-02-19,24.820000,24.879999,24.170000,24.530001,15.789182,46902700
2003-02-20,24.770000,24.870001,24.100000,24.139999,15.538144,50897200
2003-02-21,24.290001,24.799999,23.700001,24.629999,15.853553,56853200
2003-02-24,24.440001,24.500000,23.840000,24.070000,15.493090,62403700
2003-02-25,23.540001,24.270000,23.379999,24.190001,15.570330,68113000
2003-02-26,24.070000,24.469999,23.580000,23.610001,15.197001,57096000
2003-02-27,23.900000,24.209999,23.299999,23.580000,15.177693,75434300
2003-02-28,23.740000,24.070000,23.549999,23.700001,15.254942,56585400
2003-03-03,24.020000,24.120001,23.400000,23.540001,15.151945,50653500
2003-03-04,23.580000,23.660000,23.059999,23.070000,14.849426,56605700
2003-03-05,23.070000,23.549999,23.049999,23.440001,15.087584,55415900
2003-03-06,23.170000,23.500000,23.129999,23.270000,14.978156,54607600
2003-03-07,22.950001,23.790001,22.900000,23.559999,15.164820,66167600
2003-03-10,23.309999,23.459999,22.889999,22.950001,14.772183,48413600
2003-03-11,23.059999,23.260000,22.760000,22.799999,14.675631,53990700
2003-03-12,22.809999,23.440001,22.549999,23.389999,15.055398,72379500
2003-03-13,23.719999,24.740000,23.440001,24.670000,15.879295,80701300
2003-03-14,24.680000,24.959999,24.260000,24.860001,16.001595,75451400
2003-03-17,24.520000,25.950001,24.330000,25.930000,16.690315,100983800
2003-03-18,25.889999,26.040001,25.500000,26.040001,16.761112,78108800
2003-03-19,25.980000,26.430000,25.740000,26.320000,16.941341,73652100
2003-03-20,26.020000,26.520000,25.670000,26.250000,16.896282,71798500
2003-03-21,26.750000,26.799999,26.030001,26.570000,17.102266,85586800
2003-03-24,25.549999,25.930000,25.180000,25.290001,16.278370,61105200
2003-03-25,25.600000,25.750000,25.030001,25.490000,16.407099,63595100
2003-03-26,25.459999,25.620001,25.240000,25.250000,16.252626,51673600
2003-03-27,24.940001,25.260000,24.590000,25.040001,16.117449,60043300
2003-03-28,24.670000,25.100000,24.600000,24.670000,15.879295,39584600
2003-03-31,24.250000,24.709999,24.010000,24.209999,15.583211,71384000
2003-04-01,24.459999,24.700001,24.250000,24.350000,15.673315,49803200
2003-04-02,25.100000,26.000000,25.100000,25.719999,16.555136,68282500
2003-04-03,25.990000,26.090000,25.600000,25.730000,16.561577,57394300
2003-04-04,25.760000,25.799999,24.930000,25.090000,16.149633,55740600
2003-04-07,26.230000,26.430000,25.170000,25.170000,16.201124,65627100
2003-04-08,25.309999,25.830000,25.200001,25.580000,16.465031,54132100
2003-04-09,25.610001,25.670000,24.540001,24.570000,15.814919,76875800
2003-04-10,24.709999,24.790001,24.280001,24.590000,15.827801,51608900
2003-04-11,24.889999,25.180000,23.950001,24.200001,15.576769,71565500
2003-04-14,24.270000,24.879999,24.000000,24.760000,15.937225,51599600
2003-04-15,24.680000,24.790001,24.100000,24.600000,15.834234,63399000
2003-04-16,25.600000,25.740000,24.600000,24.920000,16.040211,86178700
2003-04-17,24.770000,25.540001,24.740000,25.500000,16.413540,58356600
2003-04-21,25.610001,25.610001,25.080000,25.209999,16.226879,41557800
2003-04-22,25.059999,25.799999,25.030001,25.760000,16.580887,58844000
2003-04-23,25.750000,25.990000,25.469999,25.719999,16.555136,55559300
2003-04-24,25.480000,25.719999,25.320000,25.490000,16.407099,51703600
2003-04-25,25.330000,25.639999,25.170000,25.219999,16.233316,53657400
2003-04-28,25.389999,25.940001,25.320000,25.740000,16.568018,56287600
2003-04-29,25.950001,26.250000,25.680000,25.799999,16.606640,65877300
2003-04-30,25.730000,25.879999,25.250000,25.570000,16.458593,55566800
2003-05-01,25.540001,25.950001,25.340000,25.719999,16.555136,42085800
2003-05-02,25.650000,26.290001,25.559999,26.100000,16.799740,52695400
2003-05-05,26.250000,26.389999,25.840000,25.860001,16.645254,50391500
2003-05-06,25.860001,26.500000,25.820000,26.370001,16.973530,54299500
2003-05-07,26.110001,26.350000,25.840000,25.990000,16.728931,49120000
2003-05-08,25.750000,26.139999,25.709999,25.740000,16.568018,46401400
2003-05-09,25.900000,26.500000,25.889999,26.360001,16.967094,58913600
2003-05-12,26.150000,26.469999,26.059999,26.200001,16.864100,53900800
2003-05-13,26.040001,26.200001,25.889999,25.990000,16.728931,44501900
2003-05-14,26.080000,26.180000,25.540001,25.620001,16.490776,45021000
2003-05-15,25.850000,26.010000,25.570000,25.790001,16.600206,45450200
2003-05-16,25.879999,26.049999,25.410000,25.570000,16.458593,60620900
2003-05-19,25.400000,25.540001,24.740000,24.760000,15.937225,55336300
2003-05-20,24.860001,25.000000,24.500000,24.629999,15.853553,52677600
2003-05-21,24.629999,24.709999,23.889999,24.030001,15.467343,108960900
2003-05-22,24.200001,24.270000,24.040001,24.160000,15.551028,93157100
2003-05-23,24.200001,24.540001,24.030001,24.219999,15.589645,76968000
2003-05-27,24.250000,24.889999,24.219999,24.790001,15.956540,68486800
2003-05-28,24.780001,24.870001,24.299999,24.410000,15.711940,91467000
2003-05-29,24.469999,24.670000,24.230000,24.400000,15.705499,75451300
2003-05-30,24.730000,24.910000,24.510000,24.610001,15.840671,85096700
2003-06-02,24.980000,25.030001,24.570000,24.639999,15.859982,66310800
2003-06-03,24.750000,24.920000,24.570000,24.879999,16.014462,61058200
2003-06-04,24.990000,25.219999,24.740000,24.870001,16.008024,83484600
2003-06-05,24.469999,24.520000,24.010000,24.090000,15.505968,115877900
2003-06-06,24.440001,24.559999,23.650000,23.670000,15.235621,119629400
2003-06-09,23.719999,23.980000,23.600000,23.750000,15.287121,73610000
2003-06-10,23.940001,24.750000,23.850000,24.680000,15.885736,80655300
2003-06-11,24.670000,24.959999,24.420000,24.879999,16.014462,75768600
2003-06-12,24.969999,25.139999,24.740000,24.990000,16.085270,66177700
2003-06-13,25.200001,25.250000,24.490000,24.650000,15.866416,55157500
2003-06-16,24.799999,25.420000,24.670000,25.389999,16.342733,69658600
2003-06-17,25.639999,26.139999,25.530001,25.959999,16.709621,122213900
2003-06-18,25.980000,26.430000,25.709999,26.070000,16.780424,89957700
2003-06-19,26.090000,26.389999,26.010000,26.070000,16.780424,63626900
2003-06-20,26.340000,26.379999,26.010000,26.330000,16.947779,86048900
2003-06-23,26.139999,26.240000,25.490000,25.780001,16.593769,52584500
2003-06-24,25.650000,26.040001,25.520000,25.700001,16.542271,51820300
2003-06-25,25.639999,25.990000,25.139999,25.260000,16.259064,60483500
2003-06-26,25.389999,26.510000,25.209999,25.750000,16.574455,51758100
2003-06-27,25.950001,26.340000,25.530001,25.629999,16.497217,76040300
2003-06-30,25.940001,26.120001,25.500000,25.639999,16.503654,48073100
2003-07-01,25.590000,26.200001,25.389999,26.150000,16.831915,60926000
2003-07-02,26.500000,26.930000,26.450001,26.879999,17.301796,94069300
2003-07-03,26.690001,26.950001,26.410000,26.500000,17.057207,39440900
2003-07-07,27.020000,27.549999,26.950001,27.420000,17.649378,88960800
2003-07-08,27.260000,27.799999,27.250000,27.700001,17.829615,61896800
2003-07-09,27.559999,27.700001,27.250000,27.469999,17.681562,62300700
2003-07-10,27.250000,27.420000,26.590000,26.910000,17.321112,55350800
2003-07-11,26.950001,27.450001,26.889999,27.309999,17.578577,50377300
2003-07-14,27.629999,27.809999,27.049999,27.400000,17.636507,60464400
2003-07-15,27.469999,27.530001,27.100000,27.270000,17.552826,53567600
2003-07-16,27.559999,27.620001,27.200001,27.520000,17.713743,49838900
2003-07-17,27.139999,27.270000,26.540001,26.690001,17.179504,72805000
2003-07-18,27.110001,27.230000,26.750000,26.889999,17.308233,63388400
2003-07-21,26.870001,26.910000,26.000000,26.040001,16.761112,48480800
2003-07-22,26.280001,26.559999,26.129999,26.379999,16.979967,51791000
2003-07-23,26.420000,26.650000,26.139999,26.450001,17.025019,49828200
2003-07-24,26.780001,26.920000,25.980000,26.000000,16.735369,53556600
2003-07-25,26.280001,26.950001,26.070000,26.889999,17.308233,54173000
2003-07-28,26.940001,27.000000,26.490000,26.610001,17.128016,52658300
2003-07-29,26.879999,26.900000,26.240000,26.469999,17.037899,62391100
2003-07-30,26.459999,26.570000,26.170000,26.230000,16.883417,41240300
2003-07-31,26.600000,26.990000,26.309999,26.410000,16.999281,64504800
2003-08-01,26.330000,26.510000,26.120001,26.170000,16.844797,42649700
2003-08-04,26.150000,26.410000,25.750000,26.180000,16.851231,51825600
2003-08-05,26.309999,26.540001,25.600000,25.660000,16.516520,58825800
2003-08-06,25.540001,26.190001,25.430000,25.650000,16.510086,56294900
2003-08-07,25.719999,25.809999,25.450001,25.709999,16.548708,44258500
2003-08-08,25.879999,25.980000,25.500000,25.580000,16.465031,33241400
2003-08-11,25.610001,25.990000,25.540001,25.610001,16.484335,36433900
2003-08-12,25.709999,25.770000,25.450001,25.730000,16.561577,38208400
2003-08-13,25.790001,25.889999,25.500000,25.600000,16.477903,39636900
2003-08-14,25.660000,25.709999,25.520000,25.629999,16.497217,37338300
2003-08-15,25.610001,25.660000,25.430000,25.540001,16.439281,27607900
2003-08-18,25.559999,25.830000,25.459999,25.700001,16.542271,45817400
2003-08-19,25.850000,26.650000,25.770000,26.620001,17.134445,72952900
2003-08-20,26.299999,26.530001,26.000000,26.450001,17.025019,56739300
2003-08-21,26.650000,26.730000,26.129999,26.240000,16.889854,63802700
2003-08-22,26.780001,26.950001,26.209999,26.219999,16.876980,65846300
2003-08-25,26.309999,26.540001,26.230000,26.500000,17.057207,36132900
2003-08-26,26.309999,26.670000,25.959999,26.570000,17.102266,47546000
2003-08-27,26.510000,26.580000,26.299999,26.420000,17.005720,30633900
2003-08-28,26.500000,26.580000,26.240000,26.510000,17.063641,46211200
2003-08-29,26.459999,26.549999,26.350000,26.520000,17.070078,34503000
2003-09-02,26.700001,27.299999,26.469999,27.260000,17.546392,74168900
2003-09-03,27.420000,28.400000,27.379999,28.299999,18.215807,109437800
2003-09-04,28.100000,28.469999,27.990000,28.430000,18.299488,59840800
2003-09-05,28.230000,28.750000,28.170000,28.379999,18.267307,64024500
2003-09-08,28.389999,28.920000,28.340000,28.840000,18.563395,46105300
2003-09-09,28.650000,28.709999,28.309999,28.370001,18.260864,44315200
2003-09-10,28.030001,28.180000,27.480000,27.549999,17.733057,54763500
2003-09-11,27.660000,28.110001,27.590000,27.840000,17.919722,37813300
2003-09-12,27.480000,28.400000,27.450001,28.340000,18.241556,55777200
2003-09-15,28.370001,28.610001,28.330000,28.360001,18.254429,41432300
2003-09-16,28.410000,28.950001,28.320000,28.900000,18.602011,52060600
2003-09-17,28.760000,28.950001,28.469999,28.500000,18.344549,47221600
2003-09-18,28.490000,29.510000,28.420000,29.500000,18.988211,67268100
2003-09-19,29.760000,29.969999,29.520000,29.959999,19.284300,92433800
2003-09-22,29.389999,30.000000,28.809999,29.070000,18.711437,65678700
2003-09-23,29.120001,29.709999,28.879999,29.600000,19.052576,57827800
2003-09-24,29.610001,29.700001,28.420000,28.459999,18.318802,66336500
2003-09-25,28.469999,28.959999,28.219999,28.240000,18.177193,56224500
2003-09-26,28.270000,28.780001,28.139999,28.190001,18.144999,49864700
2003-09-29,28.410000,28.910000,28.100000,28.830000,18.556953,47380300
2003-09-30,28.590000,28.610001,27.750000,27.799999,17.893976,63333700
2003-10-01,28.030001,28.629999,27.809999,28.520000,18.357416,58375900
2003-10-02,28.450001,28.750000,28.190001,28.500000,18.344549,38143600
2003-10-03,29.160000,29.459999,28.930000,29.080000,18.717869,57303000
2003-10-06,29.150000,29.299999,28.910000,29.190001,18.788671,34047600
2003-10-07,29.010000,29.370001,28.920000,29.139999,18.756493,52356800
2003-10-08,29.360001,29.360001,28.680000,28.820000,18.550514,46989100
2003-10-09,29.219999,29.350000,28.799999,28.940001,18.627758,62653300
2003-10-10,28.910000,29.200001,28.670000,28.910000,18.608450,37604700
2003-10-13,28.980000,29.100000,28.500000,28.780001,18.524776,39320300
2003-10-14,28.660000,28.770000,28.480000,28.680000,18.460405,34851300
2003-10-15,29.200001,29.260000,28.700001,29.070000,18.816410,57242100
2003-10-16,28.910000,29.309999,28.799999,29.230000,18.919970,42232500
2003-10-17,29.280001,29.290001,28.799999,28.930000,18.725784,49960000
2003-10-20,28.950001,29.370001,28.799999,29.350000,18.997644,38794500
2003-10-21,29.350000,29.430000,29.170000,29.350000,18.997644,44166800
2003-10-22,29.030001,29.209999,28.799999,28.889999,18.699894,48798500
2003-10-23,28.719999,29.080000,28.100000,28.910000,18.712845,67357900
2003-10-24,27.270000,27.400000,26.420000,26.610001,17.224106,210558300
2003-10-27,26.910000,27.100000,26.820000,26.910000,17.418287,65619100
2003-10-28,27.090000,27.219999,26.879999,27.200001,17.605995,71752600
2003-10-29,27.160000,27.250000,26.660000,26.740000,17.308243,73551500
2003-10-30,27.010000,27.040001,25.910000,26.120001,16.906935,98729400
2003-10-31,26.370001,26.440001,26.110001,26.139999,16.919876,69623700
2003-11-03,26.350000,26.750000,26.290001,26.680000,17.269413,57772300
2003-11-04,26.590000,26.620001,26.010000,26.070000,16.874565,84026100
2003-11-05,26.150000,26.320000,26.000000,26.100000,16.893988,61514400
2003-11-06,26.260000,26.299999,26.000000,26.230000,16.978132,68189800
2003-11-07,26.379999,26.490000,26.030001,26.100000,16.893988,57822100
2003-11-10,26.120001,26.230000,26.000000,26.000000,16.829258,54579100
2003-11-11,26.010000,26.080000,25.670000,25.799999,16.699800,64990700
2003-11-12,25.850000,26.139999,25.600000,25.980000,16.816319,75877300
2003-11-13,25.860001,25.930000,25.450001,25.690001,16.628601,78949500
2003-11-14,25.700001,26.020000,25.440001,25.500000,16.505621,83146400
2003-11-17,25.389999,25.440001,24.840000,25.150000,16.279070,103900200
2003-11-18,25.330000,25.840000,25.120001,25.150000,16.279070,106868300
2003-11-19,25.290001,25.540001,25.170000,25.350000,16.408531,78853300
2003-11-20,25.170000,25.629999,25.080000,25.100000,16.246706,106845700
2003-11-21,25.330000,25.379999,25.080000,25.110001,16.253181,70712900
2003-11-24,25.330000,25.809999,25.280001,25.730000,16.654490,99463800
2003-11-25,25.870001,25.950001,25.379999,25.400000,16.440887,85663800
2003-11-26,25.610001,25.629999,25.320000,25.450001,16.473255,69758400
2003-11-28,25.500000,25.750000,25.400000,25.709999,16.641550,33402600
2003-12-01,25.900000,26.209999,25.500000,25.840000,16.725695,101914600
2003-12-02,25.950001,26.090000,25.610001,25.660000,16.609177,85121700
2003-12-03,25.820000,26.070000,25.620001,25.670000,16.615650,93121600
2003-12-04,25.719999,26.230000,25.660000,26.200001,16.958712,87202400
2003-12-05,25.959999,26.480000,25.920000,25.980000,16.816319,96610900
2003-12-08,26.120001,26.340000,25.809999,26.240000,16.984606,90504000
2003-12-09,26.440001,26.610001,26.250000,26.379999,17.075224,103547100
2003-12-10,26.450001,26.629999,26.379999,26.590000,17.211157,82853700
2003-12-11,26.590000,26.770000,26.280001,26.610001,17.224106,79309000
2003-12-12,26.690001,26.809999,26.500000,26.650000,17.249994,69154100
2003-12-15,27.049999,27.100000,26.680000,26.740000,17.308243,88860600
2003-12-16,26.830000,27.160000,26.770000,27.059999,17.515373,73978000
2003-12-17,27.040001,27.080000,26.850000,27.040001,17.502424,53712300
2003-12-18,27.100000,27.450001,27.049999,27.400000,17.735456,61177800
2003-12-19,27.490000,27.549999,27.190001,27.360001,17.709558,76856400
2003-12-22,27.160000,27.430000,26.969999,27.180000,17.593046,43894800
2003-12-23,27.170000,27.340000,27.010000,27.150000,17.573624,39609000
2003-12-24,27.139999,27.160000,27.000000,27.040001,17.502424,19924200
2003-12-26,27.049999,27.250000,27.000000,27.209999,17.612467,12076900
2003-12-29,27.209999,27.530001,27.160000,27.459999,17.774286,40426700
2003-12-30,27.410000,27.549999,27.400000,27.520000,17.813122,34406600
2003-12-31,27.420000,27.549999,27.230000,27.370001,17.716034,42198900
2004-01-02,27.580000,27.770000,27.330000,27.450001,17.767820,44487700
2004-01-05,27.730000,28.180000,27.719999,28.139999,18.214432,67333700
2004-01-06,28.190001,28.280001,28.070000,28.240000,18.279167,46950800
2004-01-07,28.170000,28.309999,28.010000,28.209999,18.259750,54298200
2004-01-08,28.389999,28.480000,28.000000,28.160000,18.227383,58810800
2004-01-09,28.030001,28.059999,27.590000,27.660000,17.903742,67079900
2004-01-12,27.670000,27.730000,27.350000,27.570000,17.845488,55845200
2004-01-13,27.549999,27.639999,27.260000,27.430000,17.754862,51555900
2004-01-14,27.520000,27.730000,27.469999,27.700001,17.929638,43907000
2004-01-15,27.549999,27.719999,27.420000,27.540001,17.826067,58504100
2004-01-16,27.709999,27.879999,27.530001,27.809999,18.000834,63983400
2004-01-20,27.980000,28.200001,27.930000,28.100000,18.188543,63068500
2004-01-21,28.129999,28.299999,27.850000,28.299999,18.317999,53570600
2004-01-22,28.360001,28.440001,27.940001,28.010000,18.130287,78425200
2004-01-23,28.280001,28.760000,28.219999,28.480000,18.434505,127259100
2004-01-26,28.490000,28.830000,28.320000,28.799999,18.641638,58299600
2004-01-27,28.639999,28.719999,28.219999,28.250000,18.285637,63196200
2004-01-28,28.299999,28.440001,27.469999,27.709999,17.936104,71336000
2004-01-29,27.809999,27.950001,27.570000,27.910000,18.065561,63748400
2004-01-30,27.840000,27.900000,27.549999,27.650000,17.897270,40528700
2004-02-02,27.610001,27.799999,27.240000,27.400000,17.735456,62891800
2004-02-03,27.400000,27.549999,27.180000,27.290001,17.664248,47993800
2004-02-04,27.219999,27.430000,27.010000,27.010000,17.483011,60648000
2004-02-05,27.059999,27.170000,26.830000,26.959999,17.450651,55527500
2004-02-06,27.030001,27.190001,26.930000,27.080000,17.528320,47209600
2004-02-09,27.190001,27.230000,26.850000,26.900000,17.411810,48108500
2004-02-10,26.870001,27.150000,26.820000,27.020000,17.489485,37790600
2004-02-11,26.969999,27.230000,26.850000,27.150000,17.573624,51515300
2004-02-12,27.090000,27.150000,26.930000,26.950001,17.444180,44537000
2004-02-13,26.980000,27.059999,26.500000,26.590000,17.211157,67541100
2004-02-17,26.719999,27.100000,26.590000,26.990000,17.470064,43477000
2004-02-18,26.900000,27.110001,26.740000,26.770000,17.327667,50334700
2004-02-19,26.920000,26.980000,26.430000,26.459999,17.127005,61840600
2004-02-20,26.660000,26.799999,26.500000,26.570000,17.198210,57821900
2004-02-23,26.730000,26.760000,26.480000,26.610001,17.224106,50256800
2004-02-24,26.610001,26.950001,26.549999,26.879999,17.398859,55426500
2004-02-25,26.900000,26.990000,26.610001,26.700001,17.282356,64275700
2004-02-26,26.590000,26.650000,26.410000,26.500000,17.152899,66602700
2004-02-27,26.469999,26.620001,26.350000,26.530001,17.172316,58266500
2004-03-01,26.629999,26.719999,26.500000,26.700001,17.282356,51912300
2004-03-02,26.610001,26.690001,26.350000,26.389999,17.081699,66331000
2004-03-03,26.350000,26.549999,26.219999,26.370001,17.068752,54998700
2004-03-04,26.330000,26.420000,26.209999,26.370001,17.068752,44023200
2004-03-05,26.230000,26.600000,26.200001,26.350000,17.055807,59849800
2004-03-08,26.309999,26.350000,25.809999,25.830000,16.719223,69367800
2004-03-09,25.799999,25.969999,25.540001,25.719999,16.648012,81111700
2004-03-10,25.650000,25.799999,25.350000,25.370001,16.421474,75155800
2004-03-11,25.180000,25.780001,25.070000,25.090000,16.240236,90536300
2004-03-12,25.379999,25.510000,25.230000,25.379999,16.427946,64137100
2004-03-15,25.299999,25.430000,25.059999,25.160000,16.285545,68835300
2004-03-16,25.260000,25.370001,25.100000,25.180000,16.298487,65453800
2004-03-17,25.250000,25.459999,25.110001,25.129999,16.266127,56241400
2004-03-18,24.959999,25.030001,24.580000,24.889999,16.110779,123231000
2004-03-19,24.770000,24.940001,24.559999,24.629999,15.942493,86281600
2004-03-22,24.480000,24.840000,24.010000,24.500000,15.858331,127605200
2004-03-23,24.650000,24.660000,24.110001,24.150000,15.631788,91696300
2004-03-24,24.379999,24.580000,24.180000,24.410000,15.800083,97584700
2004-03-25,24.600000,25.240000,24.580000,25.190001,16.304962,85677900
2004-03-26,25.110001,25.510000,25.000000,25.030001,16.201397,61584900
2004-03-29,25.250000,25.400000,25.000000,25.309999,16.382639,51881600
2004-03-30,25.209999,25.330000,25.030001,25.200001,16.311430,59010400
2004-03-31,25.200001,25.200001,24.870001,24.930000,16.136671,70533200
2004-04-01,24.950001,25.110001,24.850000,25.080000,16.233761,69051900
2004-04-02,25.480000,25.900000,25.440001,25.850000,16.732170,98043800
2004-04-05,25.809999,25.980000,25.730000,25.950001,16.796896,53800300
2004-04-06,25.770000,25.900000,25.660000,25.799999,16.699800,48992000
2004-04-07,25.740000,25.780001,25.350000,25.590000,16.563877,63268900
2004-04-08,25.820000,25.850000,25.360001,25.480000,16.492674,45294600
2004-04-12,25.480000,25.740000,25.430000,25.610001,16.576815,38786800
2004-04-13,25.680000,25.770000,25.410000,25.450001,16.473255,56971500
2004-04-14,25.389999,25.680000,25.379999,25.510000,16.512094,61079600
2004-04-15,25.530001,25.730000,25.100000,25.219999,16.324387,73756900
2004-04-16,25.330000,25.400000,25.110001,25.160000,16.285545,51768600
2004-04-19,25.080000,25.600000,25.059999,25.530001,16.525038,44592100
2004-04-20,25.650000,25.879999,25.280001,25.330000,16.395584,59902600
2004-04-21,25.360001,25.490000,25.200001,25.450001,16.473255,49252000
2004-04-22,25.510000,25.990000,25.469999,25.950001,16.796896,99207700
2004-04-23,27.400000,27.719999,27.340000,27.540001,17.826067,258269000
2004-04-26,27.450001,27.549999,27.100000,27.240000,17.631884,89391000
2004-04-27,27.160000,27.370001,27.129999,27.219999,17.618944,80716800
2004-04-28,27.010000,27.049999,26.469999,26.559999,17.191738,72842200
2004-04-29,26.510000,26.940001,26.309999,26.480000,17.139950,77787300
2004-04-30,26.590000,26.750000,25.959999,26.129999,16.913404,66172200
2004-05-03,26.190001,26.520000,26.190001,26.350000,17.055807,65916200
2004-05-04,26.350000,26.540001,26.020000,26.330000,17.042856,55496400
2004-05-05,26.320000,26.600000,26.250000,26.299999,17.023439,51841700
2004-05-06,26.160000,26.340000,26.030001,26.120001,16.906935,62693900
2004-05-07,26.030001,26.379999,25.750000,25.780001,16.686857,68290200
2004-05-10,25.629999,26.049999,25.620001,25.930000,16.783949,64621400
2004-05-11,26.090000,26.110001,25.790001,25.940001,16.790432,57917200
2004-05-12,25.870001,26.000000,25.430000,25.940001,16.790432,64145600
2004-05-13,25.820000,26.190001,25.790001,26.100000,16.893988,63861500
2004-05-14,26.000000,26.170000,25.639999,25.860001,16.738640,43775300
2004-05-17,25.469999,25.790001,25.420000,25.540001,16.531507,55149600
2004-05-18,25.700001,25.969999,25.639999,25.830000,16.719223,58158600
2004-05-19,26.030001,26.270000,25.620001,25.620001,16.583294,60052800
2004-05-20,25.750000,25.870001,25.590000,25.730000,16.654490,52089900
2004-05-21,25.969999,26.200001,25.780001,25.889999,16.758055,57809300
2004-05-24,26.049999,26.170000,25.740000,25.760000,16.673908,56250500
2004-05-25,25.709999,26.190001,25.600000,26.100000,16.893988,66615000
2004-05-26,25.990000,26.150000,25.850000,26.139999,16.919876,50306900
2004-05-27,26.160000,26.190001,25.920000,26.190001,16.952238,49071900
2004-05-28,26.139999,26.350000,26.020000,26.230000,16.978132,37393000
2004-06-01,26.129999,26.270000,25.870001,26.110001,16.900461,48369500
2004-06-02,26.120001,26.280001,26.010000,26.129999,16.913404,54020000
2004-06-03,26.049999,26.129999,25.860001,25.889999,16.758055,45933100
2004-06-04,26.030001,26.240000,25.940001,25.950001,16.796896,48815300
2004-06-07,26.020000,26.430000,25.969999,26.430000,17.107590,65218600
2004-06-08,26.280001,26.650000,26.240000,26.600000,17.217627,58447700
2004-06-09,26.400000,26.650000,26.400000,26.469999,17.133484,50385500
2004-06-10,26.379999,26.790001,26.379999,26.770000,17.327667,48109200
2004-06-14,26.549999,26.900000,26.530001,26.900000,17.411810,67377500
2004-06-15,26.990000,27.600000,26.969999,27.410000,17.741926,114183400
2004-06-16,27.340000,27.500000,27.150000,27.320000,17.683666,67431100
2004-06-17,27.309999,27.920000,27.290001,27.770000,17.974945,105427500
2004-06-18,27.770000,28.500000,27.700001,28.350000,18.350372,134218700
2004-06-21,28.219999,28.660000,28.120001,28.350000,18.350372,116881700
2004-06-22,28.150000,28.350000,27.809999,28.290001,18.311533,98932000
2004-06-23,28.200001,28.379999,28.000000,28.299999,18.317999,58558400
2004-06-24,28.480000,28.650000,28.360001,28.389999,18.376253,65503800
2004-06-25,28.480000,28.629999,28.250000,28.570000,18.492767,71136500
2004-06-28,28.600000,28.750000,28.170000,28.280001,18.305050,77024100
2004-06-29,28.180000,28.580000,28.180000,28.500000,18.447462,55371700
2004-06-30,28.570000,28.799999,28.389999,28.559999,18.486296,83544400
2004-07-01,28.700001,28.840000,28.260000,28.629999,18.531597,78441400
2004-07-02,28.620001,28.680000,28.400000,28.570000,18.492767,36690100
2004-07-06,28.320000,28.330000,27.940001,28.020000,18.136759,69158900
2004-07-07,27.670000,28.320000,27.549999,28.100000,18.188543,66255700
2004-07-08,27.879999,28.150000,27.549999,27.639999,17.890800,59125100
2004-07-09,27.780001,28.000000,27.639999,27.860001,18.033201,50249300
2004-07-12,27.670000,28.000000,27.590000,27.889999,18.052610,45757300
2004-07-13,27.910000,27.950001,27.600000,27.600000,17.864899,43274100
2004-07-14,27.400000,28.360001,27.340000,28.129999,18.207960,87656300
2004-07-15,28.049999,28.200001,27.799999,27.870001,18.039673,46759700
2004-07-16,28.180000,28.200001,27.250000,27.480000,17.787231,66406300
2004-07-19,27.620001,28.260000,27.600000,27.950001,18.091454,60354500
2004-07-20,28.000000,28.480000,27.850000,28.320000,18.330946,89010700
2004-07-21,29.889999,29.889999,28.809999,28.860001,18.680475,201518000
2004-07-22,29.070000,29.299999,28.830000,29.000000,18.771091,124640700
2004-07-23,28.379999,28.400000,28.020000,28.030001,18.143240,97372700
2004-07-26,28.360001,28.709999,28.200001,28.660000,18.551022,72387600
2004-07-27,28.700001,28.760000,28.129999,28.440001,18.408623,72968400
2004-07-28,28.340000,28.790001,28.280001,28.580000,18.499233,62718800
2004-07-29,28.780001,28.799999,28.250000,28.480000,18.434505,60148400
2004-07-30,28.450001,28.809999,28.330000,28.490000,18.440989,59552900
2004-08-02,28.270000,28.549999,28.160000,28.520000,18.460400,52267000
2004-08-03,28.379999,28.420000,28.000000,28.070000,18.169121,53990900
2004-08-04,28.010000,28.200001,27.990000,28.059999,18.162645,46217900
2004-08-05,28.160000,28.209999,27.520000,27.530001,17.819592,55591700
2004-08-06,27.379999,27.860001,27.059999,27.139999,17.567165,75628000
2004-08-09,27.260000,27.280001,27.100000,27.180000,17.593046,51877500
2004-08-10,27.299999,27.750000,27.250000,27.719999,17.942577,57632700
2004-08-11,27.389999,27.510000,27.200001,27.410000,17.741926,53097300
2004-08-12,27.230000,27.309999,26.860001,26.879999,17.398859,50279700
2004-08-13,27.010000,27.250000,26.980000,27.020000,17.489485,43333200
2004-08-16,27.030001,27.200001,26.959999,27.090000,17.534794,54347200
2004-08-17,27.219999,27.379999,26.980000,27.049999,17.508909,56879700
2004-08-18,26.930000,27.500000,26.889999,27.459999,17.774286,58844000
2004-08-19,27.350000,27.450001,27.010000,27.120001,17.554214,46293000
2004-08-20,27.129999,27.370001,27.040001,27.200001,17.605995,46494800
2004-08-23,27.270000,27.330000,27.120001,27.240000,17.683893,39572200
2004-08-24,27.400000,27.459999,27.090000,27.240000,17.683893,40835300
2004-08-25,27.209999,27.670000,27.180000,27.549999,17.885145,53512700
2004-08-26,27.459999,27.600000,27.389999,27.440001,17.813726,35465500
2004-08-27,27.500000,27.650000,27.450001,27.459999,17.826717,33248700
2004-08-30,27.299999,27.389999,26.850000,27.299999,17.722851,36679600
2004-08-31,27.290001,27.320000,27.049999,27.299999,17.722851,52106700
2004-09-01,27.230000,27.520000,27.139999,27.389999,17.781277,48507500
2004-09-02,27.400000,27.680000,27.350000,27.620001,17.930588,42161700
2004-09-03,27.459999,27.620001,27.100000,27.110001,17.599501,46174400
2004-09-07,27.290001,27.379999,27.160000,27.360001,17.761801,44893400
2004-09-08,27.299999,27.469999,27.139999,27.260000,17.696886,53278100
2004-09-09,27.299999,27.469999,27.180000,27.280001,17.709862,56904700
2004-09-10,27.340000,27.510000,27.180000,27.490000,17.846195,52664500
2004-09-13,27.530001,27.570000,26.740000,27.250000,17.690390,48239200
2004-09-14,27.370001,27.510000,27.270000,27.440001,17.813726,55920000
2004-09-15,27.360001,27.400000,27.139999,27.190001,17.651442,52605700
2004-09-16,27.219999,27.350000,27.170000,27.260000,17.696886,35951500
2004-09-17,27.389999,27.530001,27.260000,27.510000,17.859179,65283000
2004-09-20,27.440001,27.650000,27.330000,27.510000,17.859179,51513600
2004-09-21,27.450001,27.530001,27.250000,27.260000,17.696886,73874400
2004-09-22,27.280001,27.740000,27.070000,27.120001,17.605993,68409000
2004-09-23,27.190001,27.389999,27.170000,27.350000,17.755312,52155800
2004-09-24,27.389999,27.459999,27.190001,27.290001,17.716360,49859800
2004-09-27,27.170000,27.320000,27.129999,27.190001,17.651442,47813600
2004-09-28,27.209999,27.360001,27.040001,27.270000,17.703373,62055100
2004-09-29,27.260000,27.690001,27.230000,27.580000,17.904625,61529300
2004-09-30,27.590000,27.790001,27.520000,27.650000,17.950071,71218000
2004-10-01,27.820000,28.320000,27.780001,28.250000,18.339584,66302800
2004-10-04,28.440001,28.459999,28.070000,28.120001,18.255186,62016200
2004-10-05,28.150000,28.450001,28.100000,28.379999,18.423975,58017700
2004-10-06,28.389999,28.549999,28.230000,28.530001,18.521351,56999600
2004-10-07,28.540001,28.590000,28.160000,28.170000,18.287640,38401500
2004-10-08,28.100000,28.330000,27.969999,27.990000,18.170795,49556600
2004-10-11,28.200001,28.219999,27.930000,28.059999,18.216234,44691000
2004-10-12,27.830000,28.160000,27.809999,28.030001,18.196756,56412900
2004-10-13,28.190001,28.270000,27.940001,28.030001,18.196756,49500700
2004-10-14,28.040001,28.160000,27.799999,27.799999,18.047445,41548700
2004-10-15,27.969999,28.240000,27.820000,27.990000,18.170795,49828500
2004-10-18,28.070000,28.450001,27.980000,28.410000,18.443449,50350700
2004-10-19,28.530001,28.590000,28.170000,28.180000,18.294132,57026500
2004-10-20,28.219999,28.750000,28.120001,28.700001,18.631708,69078100
2004-10-21,28.809999,28.889999,28.469999,28.559999,18.540823,94988500
2004-10-22,28.299999,28.340000,27.580000,27.740000,18.008492,101912800
2004-10-25,27.670000,27.770000,27.549999,27.629999,17.937080,61529500
2004-10-26,27.709999,27.900000,27.629999,27.900000,18.112360,76966600
2004-10-27,27.860001,28.350000,27.580000,28.150000,18.274652,72392600
2004-10-28,28.110001,28.540001,27.900000,28.010000,18.183771,63059600
2004-10-29,28.120001,28.150000,27.799999,27.969999,18.157806,80010100
2004-11-01,28.160000,28.280001,27.959999,28.080000,18.229208,72930900
2004-11-02,28.260000,28.469999,28.030001,28.240000,18.333084,89417100
2004-11-03,28.650000,28.650000,28.309999,28.469999,18.482397,79666700
2004-11-04,28.379999,29.000000,28.379999,29.000000,18.826473,87867700
2004-11-05,29.209999,29.360001,29.030001,29.309999,19.027714,95337700
2004-11-08,29.180000,29.480000,29.129999,29.280001,19.008247,112802100
2004-11-09,29.430000,29.889999,29.350000,29.770000,19.326347,100401000
2004-11-10,29.920000,30.000000,29.690001,29.730000,19.300379,84097700
2004-11-11,29.889999,30.080000,29.820000,29.980000,19.462677,87358900
2004-11-12,30.160000,30.200001,29.799999,29.969999,19.456177,162269000
2004-11-15,27.340000,27.500000,27.200001,27.389999,19.817961,104468000
2004-11-16,27.330000,27.340000,27.049999,27.120001,19.622597,64522600
2004-11-17,27.250000,27.350000,27.059999,27.170000,19.658773,58830700
2004-11-18,27.129999,27.170000,27.000000,27.070000,19.586422,63249900
2004-11-19,27.030001,27.070000,26.840000,26.860001,19.434467,85808600
2004-11-22,26.750000,26.820000,26.100000,26.650000,19.282528,92410800
2004-11-23,26.520000,26.700001,26.400000,26.530001,19.195705,70459700
2004-11-24,26.620001,26.730000,26.400000,26.639999,19.275295,60069200
2004-11-26,26.559999,26.820000,26.549999,26.600000,19.246351,24398700
2004-11-29,26.639999,26.950001,26.610001,26.770000,19.369354,67079900
2004-11-30,26.750000,27.010000,26.700001,26.809999,19.398298,75960400
2004-12-01,26.950001,27.280001,26.809999,27.250000,19.716661,99889000
2004-12-02,27.270000,27.400000,26.920000,27.090000,19.600889,96088300
2004-12-03,27.160000,27.440001,27.139999,27.230000,19.702192,76498400
2004-12-06,27.100000,27.440001,27.070000,27.330000,19.774546,55297400
2004-12-07,27.260000,27.379999,27.000000,27.070000,19.586422,111656000
2004-12-08,27.010000,27.360001,26.910000,27.360001,19.796253,95655000
2004-12-09,27.129999,27.360001,26.940001,27.230000,19.702192,83006000
2004-12-10,27.080000,27.180000,27.040001,27.080000,19.593655,70949200
2004-12-13,27.100000,27.280001,26.910000,27.250000,19.716661,93812500
2004-12-14,27.049999,27.330000,27.040001,27.230000,19.702192,127843200
2004-12-15,27.219999,27.400000,27.070000,27.110001,19.615360,106303900
2004-12-16,27.150000,27.280001,27.010000,27.160000,19.651539,88997500
2004-12-17,27.000000,27.320000,26.799999,26.959999,19.506830,126184400
2004-12-20,27.010000,27.150000,26.889999,26.950001,19.499601,85552800
2004-12-21,27.000000,27.170000,26.940001,27.070000,19.586422,94646100
2004-12-22,26.840000,27.150000,26.780001,26.969999,19.514065,63651900
2004-12-23,26.870001,27.150000,26.830000,27.010000,19.543005,65801900
2004-12-27,27.010000,27.100000,26.820000,26.850000,19.427238,55958500
2004-12-28,26.850000,27.030001,26.799999,26.950001,19.499601,55075900
2004-12-29,26.850000,27.000000,26.820000,26.900000,19.463417,47594900
2004-12-30,26.889999,26.940001,26.750000,26.760000,19.362118,48355400
2004-12-31,26.750000,26.900000,26.680000,26.719999,19.333174,54959500
2005-01-03,26.799999,26.950001,26.650000,26.740000,19.347652,65002900
2005-01-04,26.870001,27.100000,26.660000,26.840000,19.420000,109442100
2005-01-05,26.840000,27.100000,26.760000,26.780001,19.376589,72463500
2005-01-06,26.850000,27.059999,26.639999,26.750000,19.354885,76890500
2005-01-07,26.820000,26.889999,26.620001,26.670000,19.297003,68723300
2005-01-10,26.600000,26.860001,26.540001,26.799999,19.391064,70376600
2005-01-11,26.690001,26.820000,26.610001,26.730000,19.340418,64712000
2005-01-12,26.770000,26.850000,26.620001,26.780001,19.376589,72940600
2005-01-13,26.680000,26.799999,26.160000,26.270000,19.007580,89861600
2005-01-14,26.400000,26.450001,26.040001,26.120001,18.899054,92180800
2005-01-18,26.030001,26.350000,25.840000,26.320000,19.043760,69146400
2005-01-19,26.209999,26.260000,25.920000,25.980000,18.797749,58114100
2005-01-20,25.840000,26.100000,25.740000,25.860001,18.710922,58380100
2005-01-21,25.950001,26.129999,25.639999,25.650000,18.558979,76501000
2005-01-24,25.760000,26.000000,25.639999,25.670000,18.573452,69010900
2005-01-25,25.760000,26.190001,25.750000,26.020000,18.826696,67580700
2005-01-26,26.070000,26.170000,25.900000,26.010000,18.819458,64974500
2005-01-27,25.950001,26.160000,25.850000,26.110001,18.891819,93204100
2005-01-28,26.540001,26.650000,25.959999,26.180000,18.942467,110466500
2005-01-31,26.350000,26.520000,26.160000,26.280001,19.014816,71442100
2005-02-01,26.250000,26.430000,26.219999,26.389999,19.094410,57981700
2005-02-02,26.420000,26.500000,26.280001,26.459999,19.145056,79329500
2005-02-03,26.370001,26.400000,26.100000,26.180000,18.942467,62545400
2005-02-04,26.170000,26.370001,26.139999,26.320000,19.043760,61246500
2005-02-07,26.270000,26.299999,26.059999,26.160000,18.927998,57763400
2005-02-08,26.190001,26.340000,26.160000,26.240000,18.985880,61343700
2005-02-09,26.250000,26.309999,26.040001,26.070000,18.862873,77874800
2005-02-10,26.100000,26.129999,26.000000,26.059999,18.855639,71796400
2005-02-11,26.030001,26.120001,25.809999,25.969999,18.790516,83835900
2005-02-14,25.930000,26.120001,25.910000,26.010000,18.819458,58694000
2005-02-15,26.000000,26.080000,25.860001,25.930000,18.819460,76551600
2005-02-16,25.870001,25.930000,25.670000,25.790001,18.717848,57506600
2005-02-17,25.709999,25.860001,25.600000,25.650000,18.616240,67024800
2005-02-18,25.639999,25.650000,25.400000,25.480000,18.492863,77091100
2005-02-22,25.250000,25.490000,25.200001,25.230000,18.311419,96419200
2005-02-23,25.240000,25.350000,25.170000,25.200001,18.289644,83689400
2005-02-24,25.180000,25.440001,25.150000,25.370001,18.413023,85236300
2005-02-25,25.330000,25.379999,25.150000,25.250000,18.325926,62467700
2005-02-28,25.219999,25.370001,25.129999,25.160000,18.260609,82728000
2005-03-01,25.190001,25.410000,25.129999,25.280001,18.347712,56394800
2005-03-02,25.190001,25.480000,25.160000,25.260000,18.333189,67739000
2005-03-03,25.299999,25.309999,25.139999,25.170000,18.267870,52183600
2005-03-04,25.209999,25.299999,25.129999,25.170000,18.267870,63058200
2005-03-07,25.170000,25.790001,25.160000,25.469999,18.485598,80407400
2005-03-08,25.400000,25.620001,25.340000,25.400000,18.434797,52871800
2005-03-09,25.389999,25.570000,25.280001,25.309999,18.369474,62991800
2005-03-10,25.430000,25.480000,25.250000,25.430000,18.456572,59132900
2005-03-11,25.450001,25.480000,25.059999,25.090000,18.209808,60617900
2005-03-14,25.080000,25.150000,24.959999,25.110001,18.224316,65550500
2005-03-15,25.100000,25.240000,24.889999,24.910000,18.079165,71469400
2005-03-16,24.820000,24.969999,24.559999,24.629999,17.875942,74841400
2005-03-17,24.639999,24.680000,24.530001,24.540001,17.810627,60573200
2005-03-18,24.530001,24.910000,24.280001,24.309999,17.643694,135904000
2005-03-21,24.350000,24.360001,24.150000,24.200001,17.563862,71446200
2005-03-22,24.190001,24.270000,23.959999,23.990000,17.411448,102113300
2005-03-23,23.990000,24.389999,23.959999,24.180000,17.549353,79293300
2005-03-24,24.240000,24.469999,24.200001,24.280001,17.621933,78820900
2005-03-28,24.400000,24.469999,24.180000,24.200001,17.563862,49802000
2005-03-29,24.139999,24.240000,23.820000,23.920000,17.360643,74231700
2005-03-30,24.040001,24.190001,24.000000,24.160000,17.534826,59585700
2005-03-31,24.250000,24.309999,24.120001,24.170000,17.542091,62382300
2005-04-01,24.240000,24.350000,24.100000,24.120001,17.505804,64619600
2005-04-04,24.110001,24.260000,23.940001,24.230000,17.585634,62196400
2005-04-05,24.219999,24.500000,24.120001,24.469999,17.759825,73549600
2005-04-06,24.469999,24.940001,24.450001,24.670000,17.904984,78020200
2005-04-07,24.660000,25.129999,24.629999,25.100000,18.217056,77451500
2005-04-08,25.070000,25.250000,24.910000,24.940001,18.100939,47956300
2005-04-11,25.030001,25.110001,24.860001,24.969999,18.122709,47791800
2005-04-12,24.920000,25.350000,24.799999,25.320000,18.376732,67517800
2005-04-13,25.230000,25.450001,24.990000,25.040001,18.173512,60929300
2005-04-14,25.010000,25.139999,24.830000,24.840000,18.028357,66754400
2005-04-15,24.580000,24.900000,24.410000,24.459999,17.752565,100251600
2005-04-18,24.450001,24.840000,24.400000,24.650000,17.890467,75766400
2005-04-19,24.709999,24.799999,24.450001,24.629999,17.875942,65956200
2005-04-20,24.660000,24.700001,24.299999,24.320000,17.650951,91923500
2005-04-21,24.480000,25.389999,24.469999,25.280001,18.347712,93562300
2005-04-22,25.049999,25.250000,24.780001,24.980000,18.129971,80087500
2005-04-25,25.070000,25.280001,24.860001,24.990000,18.137230,75457900
2005-04-26,24.950001,25.250000,24.740000,24.760000,17.970299,60464300
2005-04-27,24.660000,25.150000,24.629999,24.990000,18.137230,47732800
2005-04-28,24.820000,24.920000,24.440001,24.450001,17.745308,83623100
2005-04-29,24.879999,25.299999,24.790001,25.299999,18.362215,98641200
2005-05-02,25.230000,25.360001,24.950001,25.230000,18.311419,54376700
2005-05-03,25.129999,25.400000,25.090000,25.360001,18.405764,67867800
2005-05-04,25.340000,25.400000,25.110001,25.209999,18.296900,86864200
2005-05-05,25.200001,25.330000,25.080000,25.230000,18.311419,59362300
2005-05-06,25.330000,25.480000,25.190001,25.219999,18.304157,64322600
2005-05-09,25.230000,25.330000,25.049999,25.110001,18.224316,61872400
2005-05-10,25.040001,25.080000,24.820000,24.900000,18.071909,62235100
2005-05-11,24.889999,24.969999,24.639999,24.910000,18.079165,59463300
2005-05-12,24.840000,25.110001,24.830000,25.000000,18.144489,74540700
2005-05-13,25.030001,25.379999,24.990000,25.299999,18.362215,77204300
2005-05-16,25.230000,25.500000,25.190001,25.490000,18.558802,50577300
2005-05-17,25.309999,25.500000,25.250000,25.459999,18.536961,39983200
2005-05-18,25.500000,25.840000,25.420000,25.700001,18.711699,71182400
2005-05-19,25.750000,26.049999,25.700001,25.920000,18.871866,52120800
2005-05-20,25.879999,25.920000,25.730000,25.740000,18.740820,64444500
2005-05-23,25.740000,26.070000,25.740000,25.850000,18.820913,75421100
2005-05-24,25.799999,25.879999,25.719999,25.750000,18.748095,61287700
2005-05-25,25.680000,25.770000,25.500000,25.709999,18.718981,35749000
2005-05-26,25.750000,26.000000,25.730000,25.900000,18.857315,50579200
2005-05-27,25.830000,26.090000,25.809999,26.070000,18.981087,54978000
2005-05-31,25.990000,26.030001,25.750000,25.799999,18.784510,46131100
2005-06-01,25.730000,26.000000,25.610001,25.809999,18.791792,54621000
2005-06-02,25.709999,25.860001,25.639999,25.790001,18.777224,27212500
2005-06-03,25.700001,25.809999,25.340000,25.430000,18.515114,79659500
2005-06-06,25.379999,25.500000,25.309999,25.370001,18.471432,40756900
2005-06-07,25.330000,25.830000,25.309999,25.510000,18.573360,54511400
2005-06-08,25.549999,25.620001,25.340000,25.400000,18.493275,45369700
2005-06-09,25.400000,25.610001,25.350000,25.510000,18.573360,52767900
2005-06-10,25.490000,25.520000,25.340000,25.430000,18.515114,39459800
2005-06-13,25.360001,25.490000,25.260000,25.309999,18.427744,49104100
2005-06-14,25.309999,25.440001,25.240000,25.360001,18.464148,44243300
2005-06-15,25.400000,25.410000,25.110001,25.260000,18.391340,50764800
2005-06-16,25.219999,25.230000,24.950001,25.040001,18.231159,65918800
2005-06-17,25.270000,25.290001,24.920000,25.040001,18.231159,90821300
2005-06-20,24.980000,25.280001,24.930000,25.110001,18.282125,50538900
2005-06-21,25.080000,25.190001,25.040001,25.150000,18.311253,81084000
2005-06-22,25.110001,25.260000,25.030001,25.070000,18.253004,60492700
2005-06-23,25.170000,25.620001,25.150000,25.309999,18.427744,105159800
2005-06-24,25.219999,25.400000,25.040001,25.040001,18.231159,57970700
2005-06-27,25.070000,25.250000,25.030001,25.049999,18.238441,61636200
2005-06-28,25.090000,25.200001,25.030001,25.070000,18.253004,53058100
2005-06-29,25.219999,25.320000,25.000000,25.090000,18.267567,55859900
2005-06-30,25.059999,25.139999,24.820000,24.840000,18.085545,82018200
2005-07-01,24.850000,24.990000,24.670000,24.709999,17.990896,69718400
2005-07-05,24.660000,25.190001,24.620001,24.980000,18.187477,61883500
2005-07-06,24.969999,25.080000,24.690001,24.700001,17.983618,64214600
2005-07-07,24.580000,24.709999,24.500000,24.650000,17.947216,80082900
2005-07-08,24.639999,25.120001,24.629999,25.090000,18.267567,56104000
2005-07-11,25.150000,25.379999,25.110001,25.290001,18.413189,61525400
2005-07-12,25.240000,25.620001,25.200001,25.610001,18.646170,63384800
2005-07-13,25.530001,25.750000,25.480000,25.660000,18.682575,44749200
2005-07-14,25.790001,26.100000,25.790001,25.969999,18.908279,69506800
2005-07-15,26.040001,26.100000,25.750000,25.790001,18.777224,56472800
2005-07-18,25.709999,25.790001,25.549999,25.549999,18.602480,39668000
2005-07-19,25.790001,26.250000,25.750000,26.160000,19.046616,113290100
2005-07-20,26.000000,26.230000,25.879999,26.190001,19.068459,71424800
2005-07-21,26.299999,26.480000,26.000000,26.440001,19.250475,112932100
2005-07-22,25.990000,26.340000,25.629999,25.680000,18.697138,97558900
2005-07-25,25.690001,25.900000,25.650000,25.690001,18.704416,45174600
2005-07-26,25.719999,25.740000,25.530001,25.540001,18.595203,51476400
2005-07-27,25.610001,25.799999,25.530001,25.719999,18.726252,57977300
2005-07-28,25.750000,25.850000,25.660000,25.750000,18.748095,44738700
2005-07-29,25.780001,26.000000,25.590000,25.610001,18.646170,59524400
2005-08-01,25.809999,26.049999,25.760000,25.920000,18.871866,61346800
2005-08-02,25.900000,26.900000,25.870001,26.809999,19.519865,137510100
2005-08-03,26.760000,27.430000,26.730000,27.250000,19.840225,139422400
2005-08-04,27.160000,27.500000,27.049999,27.320000,19.891188,91461400
2005-08-05,27.290001,27.940001,27.250000,27.760000,20.211548,82212400
2005-08-08,27.799999,27.840000,27.080000,27.129999,19.752855,77207200
2005-08-09,27.219999,27.510000,27.010000,27.350000,19.913038,64761800
2005-08-10,27.410000,27.500000,26.850000,26.950001,19.621801,62818800
2005-08-11,26.980000,27.299999,26.889999,27.270000,19.854786,48646800
2005-08-12,27.080000,27.139999,26.900000,27.049999,19.694605,52006500
2005-08-15,26.980000,27.299999,26.690001,27.129999,19.811443,45976600
2005-08-16,27.030001,27.139999,26.700001,26.740000,19.526653,46894600
2005-08-17,26.820000,27.150000,26.660000,26.950001,19.680004,52413100
2005-08-18,26.889999,27.080000,26.799999,26.820000,19.585070,40861900
2005-08-19,26.850000,26.910000,26.700001,26.719999,19.512041,36043500
2005-08-22,26.790001,27.170000,26.770000,26.910000,19.650797,41691700
2005-08-23,26.840000,27.070000,26.740000,26.870001,19.621584,48296700
2005-08-24,26.840000,27.160000,26.780001,26.809999,19.577766,63645000
2005-08-25,26.900000,27.090000,26.850000,27.030001,19.738426,39306300
2005-08-26,27.059999,27.080000,26.870001,26.969999,19.694611,36774600
2005-08-29,26.809999,27.230000,26.809999,27.150000,19.826048,52307700
2005-08-30,27.059999,27.230000,26.959999,27.180000,19.847956,55163200
2005-08-31,27.170000,27.440001,27.040001,27.379999,19.994001,65210200
2005-09-01,27.379999,27.389999,27.150000,27.200001,19.862570,75974500
2005-09-02,27.209999,27.270000,26.969999,27.020000,19.731119,52047500
2005-09-06,27.059999,27.290001,26.980000,27.000000,19.716515,46089000
2005-09-07,26.940001,27.110001,26.820000,26.850000,19.606977,44656100
2005-09-08,26.799999,26.879999,26.520000,26.610001,19.431717,52552300
2005-09-09,26.620001,26.820000,26.530001,26.580000,19.409811,41515800
2005-09-12,26.620001,26.750000,26.520000,26.610001,19.431717,40550500
2005-09-13,26.540001,26.760000,26.370001,26.480000,19.336784,63422900
2005-09-14,26.520000,26.639999,26.299999,26.309999,19.212641,54969600
2005-09-15,26.370001,26.430000,26.219999,26.270000,19.183439,60357200
2005-09-16,26.340000,26.400000,25.969999,26.070000,19.037392,187384300
2005-09-19,26.090000,26.270000,25.860001,26.000000,18.986271,61832300
2005-09-20,26.070000,26.219999,25.690001,25.840000,18.869436,61043400
2005-09-21,25.799999,25.900000,25.430000,25.490000,18.613848,68281800
2005-09-22,25.490000,25.600000,25.150000,25.340000,18.504316,71314900
2005-09-23,25.309999,25.540001,25.120001,25.270000,18.453196,66396800
2005-09-26,25.400000,25.490000,25.209999,25.270000,18.453196,56203700
2005-09-27,25.370001,25.450001,25.299999,25.340000,18.504316,48797900
2005-09-28,25.389999,25.870001,25.379999,25.670000,18.745293,71019400
2005-09-29,25.610001,26.000000,25.500000,25.940001,18.942459,66807100
2005-09-30,25.910000,25.950001,25.610001,25.730000,18.789103,57644500
2005-10-03,25.709999,25.730000,25.440001,25.500000,18.621149,55341300
2005-10-04,25.360001,25.389999,24.750000,24.980000,18.241425,151666300
2005-10-05,25.040001,25.049999,24.670000,24.670000,18.015057,73684700
2005-10-06,24.660000,24.950001,24.530001,24.730000,18.058867,81724600
2005-10-07,24.770000,24.840000,24.520000,24.590000,17.956631,50768700
2005-10-10,24.670000,24.680000,24.350000,24.459999,17.861700,48880900
2005-10-11,24.510000,24.549999,24.250000,24.410000,17.825193,76567300
2005-10-12,24.490000,24.700001,24.270000,24.299999,17.744864,71294400
2005-10-13,24.309999,24.730000,24.270000,24.590000,17.956631,70192000
2005-10-14,24.709999,24.730000,24.500000,24.670000,18.015057,53846700
2005-10-17,24.680000,24.690001,24.440001,24.530001,17.912821,46924400
2005-10-18,24.490000,24.830000,24.450001,24.570000,17.942024,69328200
2005-10-19,24.559999,25.090000,24.500000,25.090000,18.321753,66574500
2005-10-20,25.049999,25.129999,24.740000,24.790001,18.102682,58830600
2005-10-21,24.910000,25.000000,24.570000,24.780001,18.095381,69431200
2005-10-24,24.889999,25.100000,24.680000,25.100000,18.329052,51868000
2005-10-25,24.950001,25.129999,24.830000,25.030001,18.277943,41310500
2005-10-26,24.969999,25.330000,24.930000,25.110001,18.336355,58178100
2005-10-27,25.219999,25.270000,24.850000,24.850000,18.146490,61566100
2005-10-28,25.100000,25.600000,25.100000,25.530001,18.643059,106559300
2005-10-31,25.610001,25.799999,25.500000,25.700001,18.767199,75122100
2005-11-01,25.610001,26.100000,25.610001,25.959999,18.957064,71370400
2005-11-02,25.930000,26.500000,25.930000,26.459999,19.322184,75067100
2005-11-03,26.600000,26.639999,26.250000,26.440001,19.307579,73421600
2005-11-04,26.530001,26.709999,26.450001,26.660000,19.468237,57464000
2005-11-07,26.719999,27.080000,26.700001,27.010000,19.723816,77104800
2005-11-08,26.940001,27.180000,26.770000,27.049999,19.753025,60091700
2005-11-09,26.980000,27.150000,26.940001,26.959999,19.687304,59562100
2005-11-10,26.940001,27.150000,26.639999,27.090000,19.782238,73314800
2005-11-11,27.150000,27.389999,27.129999,27.280001,19.920984,51945600
2005-11-14,27.360001,27.440001,27.200001,27.370001,19.986704,67152200
2005-11-15,27.330000,27.540001,27.250000,27.500000,20.140512,65081000
2005-11-16,27.480000,27.879999,27.440001,27.740000,20.316271,86277000
2005-11-17,27.850000,28.000000,27.760000,27.969999,20.484730,91351000
2005-11-18,28.120001,28.250000,27.900000,28.070000,20.557966,75431200
2005-11-21,28.070000,28.240000,27.840000,28.160000,20.623878,65794400
2005-11-22,28.059999,28.080000,27.860001,27.910000,20.440790,104253300
2005-11-23,27.920000,28.090000,27.740000,27.920000,20.448107,70541300
2005-11-25,27.799999,27.940001,27.469999,27.760000,20.330925,44082500
2005-11-28,27.790001,27.850000,27.530001,27.750000,20.323601,57517200
2005-11-29,27.790001,27.790001,27.600000,27.680000,20.272333,62220400
2005-11-30,27.680000,27.770000,27.629999,27.680000,20.272333,55904700
2005-12-01,27.730000,28.100000,27.730000,27.889999,20.426136,61006100
2005-12-02,27.820000,28.100000,27.790001,28.010000,20.514017,42319600
2005-12-05,27.930000,28.020000,27.709999,27.850000,20.396837,47517300
2005-12-06,27.900000,27.920000,27.680000,27.690001,20.279654,65980000
2005-12-07,27.670000,27.750000,27.549999,27.750000,20.323601,55583200
2005-12-08,27.709999,27.809999,27.600000,27.690001,20.279654,63931600
2005-12-09,27.709999,27.830000,27.639999,27.709999,20.294308,48467000
2005-12-12,27.700001,27.750000,27.330000,27.450001,20.103884,63757200
2005-12-13,27.290001,27.430000,27.000000,27.129999,19.869522,104285500
2005-12-14,27.000000,27.240000,26.850000,27.090000,19.840225,65076200
2005-12-15,27.080000,27.110001,26.809999,26.920000,19.715729,79018100
2005-12-16,26.879999,27.080000,26.809999,26.900000,19.701077,88542500
2005-12-19,26.820000,26.870001,26.650000,26.830000,19.649803,68680100
2005-12-20,26.760000,26.879999,26.670000,26.860001,19.671768,62960600
2005-12-21,26.870001,26.910000,26.709999,26.730000,19.576571,75800900
2005-12-22,26.709999,26.780001,26.420000,26.590000,19.474030,91276900
2005-12-23,26.520000,26.670000,26.440001,26.639999,19.510656,30689200
2005-12-27,26.680000,26.850000,26.450001,26.459999,19.378830,37819000
2005-12-28,26.510000,26.660000,26.350000,26.389999,19.327566,35444400
2005-12-29,26.410000,26.500000,26.260000,26.270000,19.239670,34495500
2005-12-30,26.150000,26.309999,26.100000,26.150000,19.151787,49044600
2006-01-03,26.250000,27.000000,26.100000,26.840000,19.657124,79973000
2006-01-04,26.770000,27.080000,26.770000,26.969999,19.752342,57975600
2006-01-05,26.959999,27.129999,26.910000,26.990000,19.766989,48245500
2006-01-06,26.889999,27.000000,26.490000,26.910000,19.708401,100963000
2006-01-09,26.930000,27.070000,26.760000,26.860001,19.671768,55625000
2006-01-10,26.650000,27.020000,26.590000,27.000000,19.774313,64921900
2006-01-11,27.010000,27.389999,26.900000,27.290001,19.986706,70120700
2006-01-12,27.250000,27.260000,26.969999,27.139999,19.876842,45994800
2006-01-13,27.030001,27.250000,27.010000,27.190001,19.913467,41418000
2006-01-17,26.900000,27.190001,26.900000,26.990000,19.766989,58566600
2006-01-18,26.740000,26.980000,26.700001,26.830000,19.649803,52376200
2006-01-19,26.870001,27.240000,26.850000,27.020000,19.788958,60367600
2006-01-20,27.010000,27.010000,26.260000,26.410000,19.342207,79165900
2006-01-23,26.410000,26.530001,26.299999,26.350000,19.298265,47925600
2006-01-24,26.340000,26.450001,26.219999,26.280001,19.246994,63040700
2006-01-25,26.410000,26.570000,26.230000,26.400000,19.334883,59072100
2006-01-26,26.559999,26.719999,26.309999,26.500000,19.408123,69509300
2006-01-27,27.230000,27.950001,27.190001,27.790001,20.352896,134520700
2006-01-30,27.820000,28.180000,27.780001,28.000000,20.506695,103999200
2006-01-31,27.910000,28.379999,27.870001,28.150000,20.616550,94841300
2006-02-01,27.959999,28.070000,27.760000,28.040001,20.535994,68448800
2006-02-02,27.969999,27.990000,27.549999,27.680000,20.272333,55073400
2006-02-03,27.480000,27.700001,27.340000,27.540001,20.169802,75022700
2006-02-06,27.510000,27.540001,27.090000,27.170000,19.898815,60170500
2006-02-07,26.950001,27.150000,26.809999,26.940001,19.730375,72159500
2006-02-08,27.010000,27.080000,26.709999,26.910000,19.708401,51795200
2006-02-09,26.959999,27.030001,26.650000,26.660000,19.525303,52861700
2006-02-10,26.620001,26.889999,26.510000,26.690001,19.547276,52127000
2006-02-13,26.629999,26.700001,26.340000,26.389999,19.327566,46707000
2006-02-14,26.410000,26.680000,26.350000,26.650000,19.517979,58432900
2006-02-15,26.600000,26.930000,26.500000,26.879999,19.753132,62808900
2006-02-16,26.850000,26.900000,26.570000,26.809999,19.701694,48868500
2006-02-17,26.670000,26.809999,26.559999,26.700001,19.620865,41513200
2006-02-21,26.719999,26.719999,26.340000,26.540001,19.503281,50216100
2006-02-22,26.530001,26.860001,26.469999,26.719999,19.635557,43043100
2006-02-23,26.730000,26.889999,26.540001,26.660000,19.591463,47359100
2006-02-24,26.590000,26.740000,26.520000,26.629999,19.569427,44753800
2006-02-27,26.750000,27.260000,26.670000,27.049999,19.878061,51301500
2006-02-28,26.950001,27.299999,26.870001,26.870001,19.745789,65036100
2006-03-01,26.980000,27.200001,26.950001,27.139999,19.944204,53061200
2006-03-02,27.020000,27.100000,26.900000,26.969999,19.819275,41850300
2006-03-03,26.809999,27.160000,26.740000,26.930000,19.789873,45218800
2006-03-06,26.920000,27.150000,26.830000,26.910000,19.775185,53054100
2006-03-07,26.900000,27.100000,26.809999,27.059999,19.885405,51613900
2006-03-08,26.990000,27.500000,26.969999,27.250000,20.025040,57547400
2006-03-09,27.270000,27.420000,27.000000,27.000000,19.841318,45360700
2006-03-10,27.059999,27.219999,26.879999,27.170000,19.966244,41297200
2006-03-13,27.180000,27.290001,26.940001,27.110001,19.922157,40342600
2006-03-14,27.040001,27.379999,26.990000,27.230000,20.010342,39821800
2006-03-15,27.200001,27.450001,27.010000,27.360001,20.105869,57152000
2006-03-16,27.340000,27.480000,27.219999,27.270000,20.039734,73793700
2006-03-17,27.350000,27.660000,27.270000,27.500000,20.208755,120615000
2006-03-20,27.700001,27.990000,27.670000,27.889999,20.495344,67094100
2006-03-21,27.740000,28.219999,27.680000,27.740000,20.385120,73199600
2006-03-22,27.080000,27.500000,26.799999,27.150000,19.951544,145696100
2006-03-23,27.080000,27.100000,26.660000,26.850000,19.731092,73682900
2006-03-24,26.709999,27.209999,26.620001,27.010000,19.848671,69157600
2006-03-27,27.010000,27.299999,27.000000,27.010000,19.848671,59908600
2006-03-28,27.010000,27.209999,26.809999,26.900000,19.767832,58520500
2006-03-29,26.950001,27.200001,26.920000,27.020000,19.856016,53150300
2006-03-30,27.030001,27.389999,27.000000,27.230000,20.010342,54612000
2006-03-31,27.299999,27.540001,27.209999,27.209999,19.995647,62190500
2006-04-03,27.670000,27.730000,27.440001,27.559999,20.252853,57605300
2006-04-04,27.600000,27.799999,27.469999,27.639999,20.311628,45470000
2006-04-05,27.879999,27.940001,27.639999,27.740000,20.385120,41539300
2006-04-06,27.660000,27.719999,27.370001,27.559999,20.252853,51885500
2006-04-07,27.610001,27.719999,27.230000,27.250000,20.025040,47249400
2006-04-10,27.230000,27.440001,27.200001,27.290001,20.054438,39432000
2006-04-11,27.290001,27.320000,27.000000,27.129999,19.936848,42953400
2006-04-12,27.100000,27.200001,26.969999,27.200001,19.988298,32183000
2006-04-13,27.080000,27.200001,27.000000,27.070000,19.892759,28160000
2006-04-17,27.030001,27.049999,26.730000,26.840000,19.723734,35796200
2006-04-18,26.940001,27.500000,26.820000,27.219999,20.002987,56272700
2006-04-19,27.110001,27.190001,26.959999,27.030001,19.863373,45111100
2006-04-20,27.049999,27.190001,26.700001,27.030001,19.863373,45648300
2006-04-21,27.049999,27.389999,27.000000,27.150000,19.951544,58528000
2006-04-24,27.070000,27.250000,26.980000,27.110001,19.922157,42318400
2006-04-25,27.090000,27.209999,27.020000,27.110001,19.922157,49222500
2006-04-26,27.080000,27.230000,27.000000,27.100000,19.914804,39190000
2006-04-27,26.969999,27.629999,26.940001,27.250000,20.025040,96509600
2006-04-28,24.230000,24.500000,24.000000,24.150000,17.746958,591052200
2006-05-01,24.320000,25.000000,24.090000,24.290001,17.849838,174800900
2006-05-02,24.490000,25.000000,23.900000,24.010000,17.644068,190533500
2006-05-03,23.990000,24.020000,23.150000,23.170000,17.026791,211527100
2006-05-04,23.350000,23.670000,23.139999,23.440001,17.225201,171257400
2006-05-05,23.660000,23.950001,23.520000,23.799999,17.489752,131604300
2006-05-08,23.850000,25.000000,23.510000,23.730000,17.438313,80693500
2006-05-09,23.750000,24.000000,23.490000,23.620001,17.357481,75345900
2006-05-10,23.670000,23.790001,23.590000,23.770000,17.467710,76563300
2006-05-11,23.709999,23.790001,23.150000,23.219999,17.063532,92916700
2006-05-12,23.139999,23.370001,23.049999,23.170000,17.026791,83115900
2006-05-15,23.100000,23.230000,23.030001,23.150000,17.078428,67314800
2006-05-16,23.160000,24.000000,22.910000,23.010000,16.975157,82095100
2006-05-17,22.889999,23.080000,22.730000,22.730000,16.768589,98598300
2006-05-18,22.840000,23.139999,22.760000,22.830000,16.842360,95476400
2006-05-19,22.790001,22.900000,22.520000,22.559999,16.643173,100071200
2006-05-22,22.480000,23.020000,22.450001,22.879999,16.879242,87322300
2006-05-23,23.110001,23.379999,22.770000,22.790001,16.812847,79986300
2006-05-24,22.990000,23.540001,22.980000,23.500000,17.336636,107356700
2006-05-25,23.570000,23.920000,23.540001,23.740000,17.513695,83052700
2006-05-26,23.770000,23.879999,23.559999,23.719999,17.498943,46861600
2006-05-30,23.549999,23.760000,23.139999,23.150000,17.078428,52497500
2006-05-31,23.260000,23.350000,22.650000,22.650000,16.709566,120202000
2006-06-01,22.740000,22.840000,22.620001,22.820000,16.834980,80230800
2006-06-02,22.870001,22.990000,22.670000,22.760000,16.790722,73935600
2006-06-05,22.719999,22.730000,22.490000,22.500000,16.598907,63914100
2006-06-06,22.549999,22.559999,21.980000,22.129999,16.325951,126601300
2006-06-07,22.150000,22.389999,22.010000,22.040001,16.259560,73827500
2006-06-08,22.030001,22.209999,21.969999,22.110001,16.311195,104126900
2006-06-09,22.150000,22.190001,21.889999,21.920000,16.171022,52573800
2006-06-12,21.959999,22.100000,21.700001,21.709999,16.016094,74309700
2006-06-13,21.730000,22.030001,21.459999,21.510000,15.868558,113175300
2006-06-14,21.590000,21.940001,21.549999,21.879999,16.141521,86081500
2006-06-15,22.010000,22.129999,21.799999,22.070000,16.281685,121577300
2006-06-16,21.969999,22.280001,21.790001,22.100000,16.303814,147506500
2006-06-19,22.139999,22.600000,22.120001,22.549999,16.635794,129640900
2006-06-20,22.540001,22.760000,22.500000,22.559999,16.643173,90598500
2006-06-21,22.610001,23.150000,22.530001,23.080000,17.026787,91660300
2006-06-22,23.059999,23.170000,22.780001,22.879999,16.879242,76590600
2006-06-23,22.850000,22.870001,22.500000,22.500000,16.598907,60532600
2006-06-26,22.650000,22.889999,22.629999,22.820000,16.834980,53644100
2006-06-27,22.889999,23.160000,22.840000,22.860001,16.864496,84759100
2006-06-28,22.959999,23.250000,22.910000,23.160000,17.085814,71906500
2006-06-29,23.320000,23.629999,23.219999,23.469999,17.314507,121395500
2006-06-30,23.540001,23.650000,23.299999,23.299999,17.189098,73048800
2006-07-03,23.530001,23.719999,23.450001,23.700001,17.484182,25711400
2006-07-05,23.480000,23.520000,23.299999,23.350000,17.225977,53093500
2006-07-06,23.450001,23.610001,23.420000,23.480000,17.321884,44775200
2006-07-07,23.389999,23.549999,23.299999,23.299999,17.189098,63168800
2006-07-10,23.430000,23.660000,23.379999,23.500000,17.336636,50565100
2006-07-11,23.370001,23.370001,22.740000,23.100000,17.041552,88676300
2006-07-12,22.790001,22.879999,22.620001,22.639999,16.702192,77379300
2006-07-13,22.370001,22.610001,22.250000,22.260000,16.421856,73099500
2006-07-14,22.280001,22.549999,22.230000,22.290001,16.443991,67499400
2006-07-17,22.290001,22.610001,22.260000,22.480000,16.584154,37053500
2006-07-18,22.590000,22.760000,22.480000,22.740000,16.775961,65047300
2006-07-19,22.820000,23.459999,22.719999,23.400000,17.262869,82188200
2006-07-20,23.440001,23.450001,22.780001,22.850000,16.857121,76605200
2006-07-21,24.080000,24.150000,23.000000,23.870001,17.609600,175483800
2006-07-24,24.010000,24.110001,23.790001,24.000000,17.705509,59586700
2006-07-25,24.000000,24.290001,23.900000,24.219999,17.867798,60075800
2006-07-26,24.120001,24.530001,24.100000,24.370001,17.978458,54942100
2006-07-27,24.580000,24.600000,23.770000,23.870001,17.609600,85386800
2006-07-28,24.080000,24.280001,24.059999,24.250000,17.889940,51705800
2006-07-31,24.070000,24.420000,24.010000,24.059999,17.749765,40254400
2006-08-01,24.020000,24.200001,23.850000,23.990000,17.698122,49168700
2006-08-02,24.120001,24.400000,24.030001,24.299999,17.926823,46462000
2006-08-03,24.190001,24.480000,24.150000,24.209999,17.860422,43155300
2006-08-04,24.400000,24.490000,24.150000,24.290001,17.919439,45690400
2006-08-07,24.280001,24.480000,24.190001,24.219999,17.867798,36862400
2006-08-08,24.389999,24.520000,24.200001,24.340000,17.956329,58171300
2006-08-09,24.490000,24.639999,24.340000,24.440001,18.030102,44405700
2006-08-10,24.370001,24.600000,24.340000,24.459999,18.044859,31753400
2006-08-11,24.430000,24.450001,24.200001,24.430000,18.022726,30255500
2006-08-14,24.520000,24.600000,24.350000,24.530001,18.096498,47831900
2006-08-15,24.549999,24.650000,24.440001,24.620001,18.229778,48994500
2006-08-16,24.610001,24.730000,24.469999,24.700001,18.289017,52373600
2006-08-17,24.700001,24.750000,24.610001,24.700001,18.289017,45674800
2006-08-18,25.049999,25.799999,24.980000,25.790001,19.096098,128414800
2006-08-21,25.660000,26.129999,25.559999,26.120001,19.340446,88398300
2006-08-22,26.010000,26.250000,25.620001,25.620001,18.970226,89312400
2006-08-23,25.650000,25.950001,25.520000,25.670000,19.007244,44648500
2006-08-24,25.820000,25.860001,25.500000,25.740000,19.059080,35933300
2006-08-25,25.709999,26.000000,25.690001,25.850000,19.140530,33115900
2006-08-28,25.840000,26.000000,25.690001,25.950001,19.214575,34190900
2006-08-29,25.920000,25.980000,25.629999,25.840000,19.133125,42711200
2006-08-30,25.850000,25.889999,25.639999,25.799999,19.103504,30283100
2006-08-31,25.870001,25.980000,25.680000,25.700001,19.029463,26380500
2006-09-01,25.889999,25.969999,25.639999,25.840000,19.133125,31594600
2006-09-05,25.690001,25.959999,25.559999,25.610001,18.962818,44222400
2006-09-06,25.510000,25.719999,25.510000,25.610001,18.962818,50160400
2006-09-07,25.480000,25.700001,25.389999,25.430000,18.829536,51266900
2006-09-08,25.530001,25.790001,25.459999,25.600000,18.955412,36866800
2006-09-11,25.430000,25.950001,25.420000,25.910000,19.184952,55608200
2006-09-12,25.900000,25.980000,25.719999,25.930000,19.199764,52248800
2006-09-13,25.820000,26.100000,25.820000,25.980000,19.236790,37706700
2006-09-14,25.990000,26.500000,25.980000,26.330000,19.495937,74324500
2006-09-15,26.580000,26.940001,26.490000,26.850000,19.880974,126057700
2006-09-18,26.740000,27.040001,26.670000,26.790001,19.836548,49135000
2006-09-19,26.740000,26.940001,26.719999,26.860001,19.888374,43039100
2006-09-20,27.010000,27.230000,26.990000,27.180000,20.125324,71676400
2006-09-21,27.240000,27.250000,26.850000,26.900000,19.918001,58495100
2006-09-22,26.830000,26.850000,26.480000,26.660000,19.740284,47712500
2006-09-25,26.809999,27.190001,26.790001,26.950001,19.955023,67903900
2006-09-26,26.910000,27.320000,26.879999,27.200001,20.140137,54766500
2006-09-27,27.180000,27.469999,27.120001,27.440001,20.317833,66233900
2006-09-28,27.469999,27.520000,27.260000,27.400000,20.288212,44179700
2006-09-29,27.350000,27.420000,27.209999,27.350000,20.251202,34283500
2006-10-02,27.320000,27.490000,27.150000,27.360001,20.258602,52908100
2006-10-03,27.370001,27.480000,27.209999,27.370001,20.266003,39386200
2006-10-04,27.389999,27.959999,27.370001,27.940001,20.688057,82191200
2006-10-05,27.920000,28.110001,27.780001,27.920000,20.673248,81967200
2006-10-06,27.760000,28.000000,27.650000,27.870001,20.636225,36452200
2006-10-09,27.799999,27.930000,27.620001,27.719999,20.525160,33366300
2006-10-10,27.690001,27.750000,27.440001,27.690001,20.502949,34598500
2006-10-11,27.459999,27.670000,27.420000,27.540001,20.391872,37219600
2006-10-12,27.580000,28.290001,27.540001,28.219999,20.895384,120174900
2006-10-13,28.340000,28.690001,28.309999,28.370001,21.006458,129751900
2006-10-16,28.480000,28.600000,28.330000,28.450001,21.065685,49744800
2006-10-17,28.240000,28.510000,28.170000,28.440001,21.058281,40122600
2006-10-18,28.500000,28.700001,28.260000,28.520000,21.117516,40630800
2006-10-19,28.350000,28.450001,28.120001,28.290001,20.947212,44730800
2006-10-20,28.480000,28.490000,28.170000,28.430000,21.050880,48887800
2006-10-23,28.299999,28.690001,28.180000,28.450001,21.065685,48525000
2006-10-24,28.430000,28.430000,28.129999,28.280001,20.939814,61409600
2006-10-25,28.280001,28.459999,28.139999,28.309999,20.962025,40717100
2006-10-26,28.330000,28.410000,28.040001,28.350000,20.991640,69964200
2006-10-27,28.490000,28.790001,28.250000,28.340000,20.984232,89060100
2006-10-30,28.350000,28.840000,28.320000,28.530001,21.124926,47296800
2006-10-31,28.660000,28.850000,28.559999,28.709999,21.258194,61861700
2006-11-01,28.780001,28.990000,28.700001,28.809999,21.332253,75895900
2006-11-02,28.709999,28.860001,28.580000,28.770000,21.302631,58674400
2006-11-03,28.850000,28.930000,28.610001,28.730000,21.273012,41124500
2006-11-06,28.770000,29.049999,28.760000,28.840000,21.354462,60446200
2006-11-07,28.860001,29.070000,28.799999,28.950001,21.435907,56511200
2006-11-08,28.780001,29.230000,28.660000,28.980000,21.458124,77403300
2006-11-09,29.110001,29.400000,29.000000,29.260000,21.665451,89407500
2006-11-10,29.170000,29.290001,29.150000,29.240000,21.650635,37855100
2006-11-13,29.190001,29.459999,29.160000,29.350000,21.732088,47271800
2006-11-14,29.280001,29.420000,29.070000,29.230000,21.717237,63012500
2006-11-15,29.129999,29.360001,29.110001,29.120001,21.635500,63943200
2006-11-16,29.139999,29.639999,29.129999,29.469999,21.895548,64328500
2006-11-17,29.309999,29.540001,29.280001,29.400000,21.843538,49356700
2006-11-20,29.520000,30.000000,29.500000,29.889999,22.207600,85703800
2006-11-21,29.910000,30.000000,29.790001,29.920000,22.229877,66446600
2006-11-22,29.969999,30.000000,29.820000,29.920000,22.229877,43907200
2006-11-24,29.660000,29.840000,29.639999,29.760000,22.111004,20456700
2006-11-27,29.690001,29.740000,29.330000,29.480000,21.902975,72722100
2006-11-28,29.340000,29.420000,29.129999,29.389999,21.836111,52602300
2006-11-29,29.440001,29.780001,29.430000,29.570000,21.969841,58775100
2006-11-30,29.420000,29.570000,29.330000,29.360001,21.813816,53297400
2006-12-01,29.230000,29.299999,28.900000,29.120001,21.635500,72257000
2006-12-04,29.230000,29.520000,29.170000,29.330000,21.791527,55123400
2006-12-05,29.360001,29.400000,29.030001,29.129999,21.642927,45606000
2006-12-06,29.100000,29.129999,28.870001,28.990000,21.538914,48564100
2006-12-07,28.959999,29.070000,28.809999,28.850000,21.434900,46831100
2006-12-08,28.820000,29.400000,28.799999,29.400000,21.843538,108854900
2006-12-11,29.190001,29.750000,29.110001,29.540001,21.947559,107712000
2006-12-12,29.559999,29.629999,29.219999,29.430000,21.865829,68529400
2006-12-13,29.600000,29.600000,29.320000,29.549999,21.954987,46002500
2006-12-14,29.540001,30.080000,29.520000,30.070000,22.341326,85866500
2006-12-15,30.139999,30.230000,30.030001,30.190001,22.430487,102783700
2006-12-18,30.190001,30.260000,29.780001,29.889999,22.207600,56986800
2006-12-19,29.709999,30.170000,29.530001,29.990000,22.281883,53822100
2006-12-20,29.990000,30.240000,29.969999,30.090000,22.356194,31202100
2006-12-21,30.129999,30.139999,29.889999,29.980000,22.274464,32270500
2006-12-22,29.830000,29.860001,29.620001,29.639999,22.021847,37971700
2006-12-26,29.530001,30.000000,29.400000,29.990000,22.281883,37098300
2006-12-27,29.990000,30.129999,29.910000,30.020000,22.304186,31248400
2006-12-28,29.860001,30.030001,29.809999,29.980000,22.274464,26690600
2006-12-29,29.860001,30.150000,29.830000,29.860001,22.185307,41739800
2007-01-03,29.910000,30.250000,29.400000,29.860001,22.185307,76935100
2007-01-04,29.700001,29.969999,29.440001,29.809999,22.148153,45774500
2007-01-05,29.629999,29.750000,29.450001,29.639999,22.021847,44607200
2007-01-08,29.650000,30.100000,29.530001,29.930000,22.237307,50220200
2007-01-09,30.000000,30.180000,29.730000,29.959999,22.259609,44636600
2007-01-10,29.799999,29.889999,29.430000,29.660000,22.036711,55017400
2007-01-11,29.760000,30.750000,29.650000,30.700001,22.809404,99464300
2007-01-12,30.650000,31.389999,30.639999,31.209999,23.188328,103972500
2007-01-16,31.260000,31.450001,31.030001,31.160000,23.151178,62379600
2007-01-17,31.260000,31.440001,31.010000,31.100000,23.106590,58519600
2007-01-18,31.150000,31.370001,30.799999,31.000000,23.032297,56364300
2007-01-19,30.730000,31.110001,30.690001,31.110001,23.114025,75826900
2007-01-22,31.059999,31.120001,30.510000,30.719999,22.824265,56143900
2007-01-23,30.629999,30.959999,30.520000,30.740000,22.839125,49171200
2007-01-24,30.780001,31.299999,30.650000,31.090000,23.099165,58527800
2007-01-25,31.080000,31.480000,30.450001,30.450001,22.623663,97378700
2007-01-26,31.219999,31.230000,30.600000,30.600000,22.735111,96103700
2007-01-29,30.650000,30.780001,30.340000,30.530001,22.683102,57605900
2007-01-30,30.570000,30.639999,30.139999,30.480000,22.645945,61900400
2007-01-31,30.410000,31.100000,30.350000,30.860001,22.928278,73968400
2007-02-01,30.840000,30.940001,30.370001,30.559999,22.705393,55355800
2007-02-02,30.820000,30.840000,30.129999,30.190001,22.430487,60401700
2007-02-05,29.969999,30.020000,29.410000,29.610001,21.999561,99102100
2007-02-06,29.590000,29.750000,29.219999,29.510000,21.925266,79281100
2007-02-07,29.639999,29.700001,29.250000,29.370001,21.821243,65145500
2007-02-08,29.240000,29.799999,29.200001,29.260000,21.739517,48749000
2007-02-09,29.350000,29.400000,28.930000,28.980000,21.531483,69823100
2007-02-12,28.889999,29.090000,28.830000,28.940001,21.501770,52774400
2007-02-13,29.040001,29.200001,28.959999,29.010000,21.628506,50348100
2007-02-14,29.170000,29.690001,29.150000,29.400000,21.919270,55588600
2007-02-15,29.580000,29.650000,29.219999,29.459999,21.964006,63858100
2007-02-16,28.910000,28.940001,28.650000,28.740000,21.427206,109340300
2007-02-20,28.629999,28.860001,28.469999,28.830000,21.494310,53978200
2007-02-21,28.750000,29.389999,28.740000,29.350000,21.881996,68604900
2007-02-22,29.309999,29.540001,29.160000,29.389999,21.911821,57754400
2007-02-23,29.219999,29.280001,28.889999,28.900000,21.546492,63787100
2007-02-26,28.959999,29.090000,28.820000,29.070000,21.673243,63481900
2007-02-27,28.709999,28.969999,27.790001,27.870001,20.778574,87143300
2007-02-28,27.950001,28.250000,27.920000,28.170000,21.002241,86333300
2007-03-01,27.820000,28.330000,27.730000,28.090000,20.942602,80175700
2007-03-02,28.020000,28.160000,27.760000,27.760000,20.696575,63254700
2007-03-05,27.490000,27.910000,27.410000,27.549999,20.540005,56454300
2007-03-06,27.799999,27.940001,27.650000,27.830000,20.748751,49361800
2007-03-07,27.760000,27.900000,27.549999,27.610001,20.584734,52044700
2007-03-08,27.719999,27.850000,26.600000,27.320000,20.368526,72175200
2007-03-09,27.420000,27.480000,27.030001,27.290001,20.346157,80125000
2007-03-12,27.180000,27.480000,27.129999,27.440001,20.457987,36516400
2007-03-13,27.250000,27.400000,26.709999,26.719999,19.921200,75169500
2007-03-14,26.820000,27.400000,26.730000,27.400000,20.428167,75730300
2007-03-15,27.320000,27.469999,27.200001,27.280001,20.338707,51757100
2007-03-16,27.350000,27.480000,27.200001,27.330000,20.375982,65055300
2007-03-19,27.340000,27.830000,27.200001,27.830000,20.748751,49412000
2007-03-20,27.930000,28.160000,27.760000,27.840000,20.756210,47902400
2007-03-21,27.900000,28.520000,27.559999,28.520000,21.263193,72808200
2007-03-22,28.520000,28.549999,28.010000,28.270000,21.076799,47934900
2007-03-23,28.219999,28.270000,27.799999,28.020000,20.890409,50519800
2007-03-26,27.940001,28.219999,27.700001,28.219999,21.039522,47491500
2007-03-27,28.040001,28.160000,27.650000,27.719999,20.666746,58979800
2007-03-28,27.580000,28.000000,27.400000,27.639999,20.607098,46947000
2007-03-29,27.840000,27.850000,27.490000,27.750000,20.689108,42629900
2007-03-30,27.750000,27.950001,27.500000,27.870001,20.778574,47061000
2007-04-02,27.889999,27.930000,27.559999,27.740000,20.681652,41977600
2007-04-03,27.860001,28.059999,27.750000,27.870001,20.778574,39821300
2007-04-04,28.010000,28.780001,27.900000,28.500000,21.248278,63244200
2007-04-05,28.320000,28.650000,28.299999,28.549999,21.285555,30131200
2007-04-09,28.580000,28.719999,28.389999,28.570000,21.300461,31384600
2007-04-10,28.500000,28.639999,28.219999,28.400000,21.173717,38643100
2007-04-11,28.299999,28.570000,27.990000,28.110001,20.957518,44050200
2007-04-12,28.059999,28.620001,28.040001,28.540001,21.278103,43762100
2007-04-13,28.430000,28.700001,28.100000,28.610001,21.330286,36002900
2007-04-16,28.600000,28.750000,28.209999,28.730000,21.419746,30740100
2007-04-17,28.629999,28.889999,28.559999,28.850000,21.509226,33170200
2007-04-18,28.610001,28.670000,28.360001,28.600000,21.322828,41778400
2007-04-19,28.340000,28.889999,28.260000,28.690001,21.389935,43648800
2007-04-20,28.980000,29.100000,28.700001,29.020000,21.635967,60311500
2007-04-23,28.959999,28.990000,28.670000,28.780001,21.457027,41739100
2007-04-24,28.790001,28.959999,28.590000,28.790001,21.464487,34236700
2007-04-25,28.860001,29.000000,28.690001,28.990000,21.613594,39475000
2007-04-26,29.090000,29.350000,28.910000,29.100000,21.695616,68760300
2007-04-27,30.170000,30.740000,30.000000,30.120001,22.456076,128298800
2007-04-30,30.129999,30.370001,29.940001,29.940001,22.321875,67788800
2007-05-01,29.940001,30.420000,29.900000,30.400000,22.664829,73539300
2007-05-02,30.389999,30.690001,30.299999,30.610001,22.821402,80686700
2007-05-03,30.600000,31.000000,30.530001,30.969999,23.089794,82036800
2007-05-04,30.680000,30.700001,30.290001,30.559999,22.784119,104385900
2007-05-07,30.520000,30.760000,30.480000,30.709999,22.895950,59889100
2007-05-08,30.680000,30.940001,30.580000,30.750000,22.925768,60551700
2007-05-09,30.700001,30.930000,30.570000,30.780001,22.948141,51735000
2007-05-10,30.680000,30.930000,30.530001,30.580000,22.799023,55398600
2007-05-11,30.570000,30.980000,30.549999,30.889999,23.030146,43425300
2007-05-14,30.840000,30.990000,30.809999,30.969999,23.089794,70188500
2007-05-15,30.900000,31.090000,30.840000,30.900000,23.112236,75013900
2007-05-16,31.000000,31.090000,30.809999,31.070000,23.239384,45833600
2007-05-17,31.030001,31.139999,30.959999,30.980000,23.172073,41045600
2007-05-18,30.969999,30.990000,30.580000,30.830000,23.059868,58453000
2007-05-21,30.730000,31.160000,30.730000,31.049999,23.224424,41836400
2007-05-22,30.900000,30.930000,30.660000,30.690001,22.955160,39999500
2007-05-23,30.840000,30.840000,30.570000,30.580000,22.872881,46322500
2007-05-24,30.540001,30.799999,29.959999,30.170000,22.566212,64046400
2007-05-25,30.280001,30.660000,30.180000,30.480000,22.798082,47726500
2007-05-29,30.490000,30.830000,30.389999,30.790001,23.029964,42373100
2007-05-30,30.549999,31.129999,30.510000,31.110001,23.269306,57376800
2007-05-31,31.120001,31.160000,30.610001,30.690001,22.955160,85290500
2007-06-01,30.790001,30.900000,30.549999,30.590000,22.880356,39469400
2007-06-04,30.420000,30.760000,30.400000,30.719999,22.977594,41434500
2007-06-05,30.620001,30.629999,30.330000,30.580000,22.872881,44265000
2007-06-06,30.370001,30.530001,30.250000,30.290001,22.655972,38217500
2007-06-07,30.020000,30.290001,29.590000,29.620001,22.154829,71971400
2007-06-08,29.580000,30.059999,29.410000,30.049999,22.476461,61346200
2007-06-11,29.940001,30.250000,29.930000,30.020000,22.454025,48467400
2007-06-12,29.959999,30.240000,29.770000,29.850000,22.326870,56981800
2007-06-13,29.969999,30.410000,29.850000,30.389999,22.730770,64435600
2007-06-14,30.350000,30.709999,30.299999,30.520000,22.827999,59065700
2007-06-15,30.860001,30.879999,30.430000,30.490000,22.805565,100933000
2007-06-18,30.690001,30.719999,30.420000,30.510000,22.820518,45412600
2007-06-19,30.480000,30.660000,30.379999,30.459999,22.783121,46802600
2007-06-20,30.440001,30.510000,29.959999,30.010000,22.446543,46861600
2007-06-21,29.980000,30.299999,29.910000,30.219999,22.603615,56564800
2007-06-22,30.000000,30.100000,29.450001,29.490000,22.057598,86219900
2007-06-25,29.469999,29.770000,29.379999,29.490000,22.057598,53905800
2007-06-26,29.549999,29.799999,29.500000,29.520000,22.080032,48340300
2007-06-27,29.360001,29.950001,29.360001,29.870001,22.341825,53468600
2007-06-28,29.860001,29.969999,29.680000,29.830000,22.311905,46055200
2007-06-29,29.870001,29.930000,29.040001,29.469999,22.042641,71193900
2007-07-02,29.670000,29.799999,29.490000,29.740000,22.244591,47316000
2007-07-03,29.790001,30.219999,29.780001,30.020000,22.454025,35202600
2007-07-05,30.049999,30.219999,29.830000,29.990000,22.431578,47838500
2007-07-06,29.910000,30.040001,29.660000,29.969999,22.416622,57541000
2007-07-09,29.860001,29.950001,29.809999,29.870001,22.341825,33831400
2007-07-10,29.700001,29.990000,29.180000,29.330000,21.937923,66013500
2007-07-11,29.240000,29.650000,29.209999,29.490000,22.057598,48017000
2007-07-12,29.559999,30.110001,29.440001,30.070000,22.491419,54302400
2007-07-13,29.940001,30.020000,29.660000,29.820000,22.304428,42173000
2007-07-16,29.760000,30.240000,29.719999,30.030001,22.461506,48023200
2007-07-17,30.020000,30.879999,30.010000,30.780001,23.022472,77539600
2007-07-18,30.510000,30.969999,30.500000,30.920000,23.127188,64414400
2007-07-19,31.049999,31.840000,30.930000,31.510000,23.568495,121159300
2007-07-20,31.150000,31.200001,30.790001,31.160000,23.306702,98292600
2007-07-23,31.360001,31.520000,31.120001,31.190001,23.329144,48910600
2007-07-24,31.010000,31.480000,30.709999,30.799999,23.037434,59729300
2007-07-25,30.990000,31.299999,30.370001,30.709999,22.970119,54950100
2007-07-26,30.240000,30.530001,29.510000,29.980000,22.424099,87025300
2007-07-27,29.930000,30.000000,29.360001,29.389999,21.982801,69214600
2007-07-30,29.410000,29.490000,28.950001,29.400000,21.990276,67499600
2007-07-31,29.709999,29.719999,28.980000,28.990000,21.683609,66554000
2007-08-01,28.950001,29.549999,28.820000,29.299999,21.915480,80006300
2007-08-02,29.190001,29.790001,29.020000,29.520000,22.080032,47938300
2007-08-03,29.450001,29.780001,28.900000,28.959999,21.661175,61535500
2007-08-06,29.049999,29.540001,28.750000,29.540001,22.095003,59530500
2007-08-07,29.330000,29.790001,29.049999,29.549999,22.102472,49163000
2007-08-08,29.719999,30.010000,29.209999,30.000000,22.439056,52898600
2007-08-09,29.639999,30.100000,28.920000,29.299999,21.915480,72964500
2007-08-10,28.900000,29.049999,28.260000,28.709999,21.474178,76576200
2007-08-13,28.940001,28.990000,28.440001,28.629999,21.414341,55492300
2007-08-14,28.770000,28.889999,28.200001,28.270000,21.219191,42944100
2007-08-15,28.240000,28.990000,28.049999,28.100000,21.091595,48117700
2007-08-16,27.879999,28.350000,27.510000,27.809999,20.873919,81447400
2007-08-17,28.090000,28.250000,27.820000,28.250000,21.204178,76747700
2007-08-20,28.180000,28.490000,28.080000,28.260000,21.211685,49952000
2007-08-21,28.100000,28.320000,27.870001,28.070000,21.069067,50786200
2007-08-22,28.270000,28.320000,28.010000,28.219999,21.181658,44763500
2007-08-23,28.280001,28.330000,28.100000,28.299999,21.241705,33886600
2007-08-24,28.209999,28.840000,28.070000,28.809999,21.624510,45158900
2007-08-27,28.610001,28.770000,28.400000,28.490000,21.384317,32789500
2007-08-28,28.299999,28.490000,27.910000,27.930000,20.963989,43924400
2007-08-29,28.129999,28.610001,27.820000,28.590000,21.459377,45753700
2007-08-30,28.420000,28.930000,28.320000,28.450001,21.354298,33690700
2007-08-31,28.700001,28.920000,28.360001,28.730000,21.564457,42511900
2007-09-04,28.500000,29.100000,28.480000,28.809999,21.624510,45689600
2007-09-05,28.650000,28.730000,28.420000,28.480000,21.376812,47669800
2007-09-06,28.559999,29.010000,28.549999,28.910000,21.699568,45430800
2007-09-07,28.620001,28.830000,28.320000,28.440001,21.346794,52160900
2007-09-10,28.670000,28.750000,28.410000,28.480000,21.376812,37247600
2007-09-11,28.629999,28.950001,28.580000,28.930000,21.714579,34380800
2007-09-12,28.809999,29.170000,28.799999,28.930000,21.714579,42364700
2007-09-13,29.120001,29.260000,28.959999,29.160000,21.887211,35288600
2007-09-14,28.980000,29.110001,28.879999,29.040001,21.797144,33496600
2007-09-17,28.790001,28.879999,28.620001,28.730000,21.564457,39536500
2007-09-18,28.700001,28.969999,28.270000,28.930000,21.714579,77462400
2007-09-19,28.870001,28.910000,28.299999,28.670000,21.519423,94242200
2007-09-20,28.480000,28.580000,28.340000,28.420000,21.331779,67168900
2007-09-21,28.690001,28.809999,28.440001,28.650000,21.504416,135636100
2007-09-24,28.809999,29.610001,28.799999,29.080000,21.827168,104459800
2007-09-25,29.139999,29.559999,29.110001,29.559999,22.187454,75621000
2007-09-26,29.680000,29.850000,29.480000,29.500000,22.142416,60337000
2007-09-27,29.700001,29.719999,29.440001,29.490000,22.134911,43407100
2007-09-28,29.490000,29.690001,29.230000,29.459999,22.112391,45819100
2007-10-01,29.459999,29.790001,29.410000,29.770000,22.345076,43875100
2007-10-02,29.700001,29.850000,29.570000,29.700001,22.292530,33700900
2007-10-03,29.709999,29.850000,29.290001,29.450001,22.104893,37633900
2007-10-04,29.559999,29.770000,29.440001,29.709999,22.300037,37868000
2007-10-05,29.889999,29.990000,29.730000,29.840000,22.397617,45012300
2007-10-08,29.660000,29.850000,29.600000,29.840000,22.397617,30265400
2007-10-09,30.030001,30.389999,30.000000,30.100000,22.592773,63603100
2007-10-10,30.040001,30.370001,30.030001,30.230000,22.690348,32251500
2007-10-11,30.299999,30.629999,29.790001,29.910000,22.450153,50788400
2007-10-12,30.030001,30.400000,29.950001,30.170000,22.645313,31121100
2007-10-15,30.100000,30.330000,30.000000,30.040001,22.547735,47150500
2007-10-16,30.240000,30.580000,30.230000,30.320000,22.757902,56286200
2007-10-17,30.750000,31.230000,30.650000,31.080000,23.328350,86092400
2007-10-18,31.219999,31.230000,30.629999,31.160000,23.388403,49208600
2007-10-19,31.090000,31.090000,30.110001,30.170000,22.645313,75200200
2007-10-22,30.120001,30.700001,30.120001,30.510000,22.900515,58785100
2007-10-23,30.709999,31.120001,30.709999,30.900000,23.193245,49956200
2007-10-24,30.850000,31.299999,30.500000,31.250000,23.455948,77979200
2007-10-25,31.570000,32.220001,31.490000,31.990000,24.011389,169588700
2007-10-26,36.009998,36.029999,34.560001,35.029999,26.293177,288121200
2007-10-29,34.849998,35.290001,34.450001,34.570000,25.947908,114655600
2007-10-30,34.369999,35.590000,34.349998,35.570000,26.698494,107297300
2007-10-31,35.520000,37.000000,35.509998,36.810001,27.629236,185635800
2007-11-01,36.529999,37.490002,36.360001,37.060001,27.816874,152078800
2007-11-02,37.220001,37.500000,36.419998,37.060001,27.816874,96389800
2007-11-05,36.759998,37.099998,36.630001,36.730000,27.569183,75485400
2007-11-06,36.590000,36.660000,35.869999,36.410000,27.328999,100966700
2007-11-07,36.040001,36.160000,35.450001,35.520000,26.660973,74897800
2007-11-08,35.599998,35.900002,34.400002,34.740002,26.075506,133742400
2007-11-09,34.180000,34.540001,33.650002,33.730000,25.317411,125136900
2007-11-12,33.320000,33.709999,33.020000,33.380001,25.054705,84865200
2007-11-13,33.540001,34.669998,33.380001,34.459999,25.950859,104311500
2007-11-14,34.619999,34.750000,33.750000,33.930000,25.551735,84063100
2007-11-15,33.759998,34.099998,33.549999,33.759998,25.423712,64014100
2007-11-16,33.860001,34.259998,33.709999,34.090000,25.672222,71113800
2007-11-19,33.959999,34.240002,33.869999,33.959999,25.574322,63026200
2007-11-20,34.230000,34.970001,34.099998,34.580002,26.041231,100009400
2007-11-21,34.400002,34.730000,34.180000,34.230000,25.777658,89518700
2007-11-23,34.360001,34.439999,33.709999,34.110001,25.687284,33467200
2007-11-26,34.090000,34.369999,32.930000,32.970001,24.828787,80335000
2007-11-27,33.270000,33.599998,32.680000,33.060001,24.896564,84178400
2007-11-28,33.380001,33.889999,32.900002,33.700001,25.378523,88585000
2007-11-29,33.580002,33.930000,33.310001,33.590000,25.295694,53633600
2007-11-30,33.919998,34.119999,33.189999,33.599998,25.303221,71027800
2007-12-03,33.500000,33.639999,32.680000,32.919998,24.791126,61770600
2007-12-04,32.740002,33.240002,32.630001,32.770000,24.678171,54801500
2007-12-05,33.139999,34.520000,33.029999,34.150002,25.717409,84894700
2007-12-06,34.259998,34.610001,33.869999,34.549999,26.018639,49209700
2007-12-07,34.610001,34.700001,34.220001,34.529999,26.003574,40771000
2007-12-10,34.639999,34.950001,34.470001,34.759998,26.176786,36083500
2007-12-11,34.730000,34.990002,33.930000,34.099998,25.679752,55070700
2007-12-12,34.610001,35.090000,33.930000,34.470001,25.958399,63345400
2007-12-13,34.480000,35.450001,34.279999,35.220001,26.523193,73913200
2007-12-14,35.049999,35.840000,35.009998,35.310001,26.590969,71126200
2007-12-17,35.029999,35.130001,34.360001,34.389999,25.898144,58121200
2007-12-18,34.639999,35.000000,34.209999,34.740002,26.161718,52791800
2007-12-19,34.689999,35.139999,34.380001,34.790001,26.199381,58469100
2007-12-20,35.290001,35.790001,35.080002,35.520000,26.749121,59345000
2007-12-21,35.900002,36.060001,35.750000,36.060001,27.155775,83240500
2007-12-24,36.130001,36.720001,36.049999,36.580002,27.547379,29622600
2007-12-26,36.410000,36.639999,36.259998,36.610001,27.569965,30252400
2007-12-27,36.349998,36.549999,35.939999,35.970001,27.087997,33311100
2007-12-28,36.099998,36.230000,35.669998,36.119999,27.200958,33447200
2007-12-31,35.900002,35.990002,35.520000,35.599998,26.809368,35229700
2008-01-02,35.790001,35.959999,35.000000,35.220001,26.523193,63004200
2008-01-03,35.220001,35.650002,34.860001,35.369999,26.636166,49599600
2008-01-04,35.189999,35.200001,34.090000,34.380001,25.890617,72090800
2008-01-07,34.549999,34.799999,34.250000,34.610001,26.063828,80164300
2008-01-08,34.709999,34.709999,33.400002,33.450001,25.190252,79148300
2008-01-09,33.360001,34.540001,33.349998,34.439999,25.935793,74305500
2008-01-10,34.349998,34.500000,33.779999,34.330002,25.852968,72446000
2008-01-11,34.139999,34.240002,33.720001,33.910000,25.536680,55187900
2008-01-14,34.459999,34.570000,34.080002,34.389999,25.898144,52792200
2008-01-15,34.029999,34.380001,34.000000,34.000000,25.604448,61606200
2008-01-16,33.419998,33.650002,32.509998,33.230000,25.024584,120778500
2008-01-17,33.540001,33.799999,32.970001,33.110001,24.934216,94247800
2008-01-18,33.160000,34.000000,32.970001,33.009998,24.858906,117062000
2008-01-22,31.540001,32.529999,31.500000,31.959999,24.068180,108521400
2008-01-23,31.480000,32.049999,31.040001,31.930000,24.045588,137597400
2008-01-24,32.349998,33.360001,32.119999,33.250000,25.039646,155640400
2008-01-25,34.900002,35.000000,32.869999,32.939999,24.806190,196992300
2008-01-28,33.020000,33.099998,32.419998,32.720001,24.640518,81019000
2008-01-29,32.849998,32.889999,32.349998,32.599998,24.550142,68023000
2008-01-30,32.560001,32.799999,32.049999,32.200001,24.248922,106432600
2008-01-31,31.910000,32.740002,31.719999,32.599998,24.550142,103642200
2008-02-01,31.059999,33.250000,30.250000,30.450001,22.931044,291138900
2008-02-04,30.490000,30.719999,30.110001,30.190001,22.735247,119998600
2008-02-05,29.910000,29.940001,28.889999,29.070000,21.891800,137534100
2008-02-06,29.280001,29.350000,28.290001,28.520000,21.477613,138315600
2008-02-07,28.340000,28.780001,27.900000,28.120001,21.176392,164964900
2008-02-08,28.290001,29.080000,28.240000,28.559999,21.507734,124872000
2008-02-11,28.520000,28.610001,27.910000,28.209999,21.244167,156814100
2008-02-12,28.430000,28.620001,28.110001,28.340000,21.342058,84365900
2008-02-13,28.620001,29.049999,28.530001,28.959999,21.808968,88986200
2008-02-14,28.879999,29.040001,28.459999,28.500000,21.462555,69113500
2008-02-15,28.309999,28.639999,28.250000,28.420000,21.402308,68166100
2008-02-19,28.799999,28.840000,28.070000,28.170000,21.296463,68261200
2008-02-20,28.150000,28.260000,27.920000,28.219999,21.334265,93056200
2008-02-21,28.620001,28.959999,27.959999,28.100000,21.243551,98776500
2008-02-22,28.240000,28.389999,27.200001,27.680000,20.926029,125705400
2008-02-25,27.650000,28.240000,27.480000,27.840000,21.046989,109974300
2008-02-26,27.740000,28.860001,27.670000,28.379999,21.455233,108923500
2008-02-27,28.190001,28.680000,28.100000,28.260000,21.364506,75199500
2008-02-28,28.020000,28.270000,27.799999,27.930000,21.115028,83002900
2008-02-29,27.690001,27.830000,27.020000,27.200001,20.563154,117411400
2008-03-03,27.240000,27.389999,26.870001,26.990000,20.404388,76544300
2008-03-04,27.020000,27.629999,26.959999,27.590000,20.857990,86925600
2008-03-05,27.750000,28.410000,27.700001,28.120001,21.258673,106489800
2008-03-06,28.059999,28.170000,27.500000,27.570000,20.842869,91127700
2008-03-07,27.340000,28.070000,27.320000,27.870001,21.069670,77597600
2008-03-10,27.830000,28.260000,27.750000,28.049999,21.205748,72175100
2008-03-11,28.400000,29.340000,28.379999,29.280001,22.135622,98740700
2008-03-12,29.430000,29.490000,28.540001,28.629999,21.644224,75993800
2008-03-13,28.540001,28.990000,28.160000,28.620001,21.636669,84552200
2008-03-14,28.719999,29.010000,27.639999,27.959999,21.137709,105214900
2008-03-17,27.299999,28.730000,27.280001,28.299999,21.394743,84490100
2008-03-18,28.670000,29.480000,28.670000,29.420000,22.241465,83695300
2008-03-19,29.379999,29.590000,28.620001,28.620001,21.636669,61442100
2008-03-20,28.740000,29.219999,28.590000,29.180000,22.060022,60170200
2008-03-24,29.330000,29.400000,29.059999,29.170000,22.052460,48294700
2008-03-25,29.330000,29.370001,28.940001,29.139999,22.029785,49149000
2008-03-26,29.030001,29.070000,28.379999,28.559999,21.591301,45868100
2008-03-27,28.480000,28.490000,28.000000,28.049999,21.205748,47894400
2008-03-28,28.230000,28.430000,27.830000,27.910000,21.099907,49244000
2008-03-31,27.879999,28.590000,27.840000,28.379999,21.455233,46780600
2008-04-01,28.830000,29.540001,28.629999,29.500000,22.301943,65796200
2008-04-02,29.570000,29.580000,29.000000,29.160000,22.044899,49499400
2008-04-03,29.000000,29.320000,28.799999,29.000000,21.923944,38961400
2008-04-04,29.129999,29.260000,28.740000,29.160000,22.044899,43860800
2008-04-07,29.549999,29.590000,29.030001,29.160000,22.044899,44428600
2008-04-08,28.940001,29.000000,28.540001,28.750000,21.734947,44733500
2008-04-09,28.719999,29.040001,28.540001,28.889999,21.840784,45839300
2008-04-10,28.830000,29.400000,28.799999,29.110001,22.007105,65591600
2008-04-11,28.870001,29.010000,28.209999,28.280001,21.379622,54373700
2008-04-14,28.240000,28.309999,27.930000,28.059999,21.213306,43418100
2008-04-15,28.120001,28.480000,28.030001,28.250000,21.356945,34310000
2008-04-16,28.570000,29.049999,28.379999,28.950001,21.886147,54107400
2008-04-17,29.120001,29.340000,28.900000,29.219999,22.090265,48743300
2008-04-18,30.010000,30.100000,29.610001,30.000000,22.679939,73658900
2008-04-21,30.190001,30.600000,30.120001,30.420000,22.997458,54411700
2008-04-22,30.639999,30.700001,29.969999,30.250000,22.868942,67387500
2008-04-23,30.450001,31.459999,30.299999,31.450001,23.776138,98351500
2008-04-24,31.629999,32.099998,31.160000,31.799999,24.040733,115416700
2008-04-25,30.049999,30.389999,29.600000,29.830000,22.551422,145194900
2008-04-28,29.799999,29.840000,28.820000,28.990000,21.916382,97473000
2008-04-29,28.799999,28.900000,28.450001,28.639999,21.651781,84428900
2008-04-30,28.740000,29.209999,28.510000,28.520000,21.561066,74733600
2008-05-01,28.500000,29.490000,28.480000,29.400000,22.226341,71699400
2008-05-02,29.590000,29.620001,28.860001,29.240000,22.105387,66024200
2008-05-05,29.930000,30.230000,28.990000,29.080000,21.984423,119687700
2008-05-06,29.000000,29.860001,28.930000,29.700001,22.453142,93582000
2008-05-07,29.690001,30.139999,29.080000,29.209999,22.082703,88775000
2008-05-08,29.280001,29.389999,29.000000,29.270000,22.128069,69589900
2008-05-09,29.209999,29.549999,28.950001,29.389999,22.218784,51621200
2008-05-12,29.400000,30.059999,29.350000,29.990000,22.672384,64278800
2008-05-13,30.000000,30.129999,29.530001,29.780001,22.596508,70934700
2008-05-14,29.889999,30.260000,29.730000,29.930000,22.710320,66730400
2008-05-15,29.980000,30.530001,29.940001,30.450001,23.104887,53355800
2008-05-16,30.469999,30.480000,29.920000,29.990000,22.755850,81538200
2008-05-19,29.870001,29.889999,29.309999,29.459999,22.353691,59615000
2008-05-20,29.299999,29.309999,28.629999,28.760000,21.822550,75767600
2008-05-21,28.809999,29.049999,28.190001,28.250000,21.435564,60125100
2008-05-22,28.280001,28.700001,28.180000,28.469999,21.602497,52203100
2008-05-23,28.260000,28.330000,27.950001,28.049999,21.283810,48890700
2008-05-27,28.110001,28.500000,28.049999,28.440001,21.579739,47334500
2008-05-28,28.559999,28.570000,28.040001,28.180000,21.382458,52318500
2008-05-29,28.209999,28.680000,28.139999,28.309999,21.481096,47699200
2008-05-30,28.379999,28.700001,28.200001,28.320000,21.488682,63399200
2008-06-02,28.240000,28.360001,27.549999,27.799999,21.094118,77028400
2008-06-03,27.910000,28.309999,27.270000,27.309999,20.722317,86616700
2008-06-04,27.280001,27.639999,27.200001,27.540001,20.896835,79567400
2008-06-05,27.719999,28.299999,27.600000,28.299999,21.473501,76063400
2008-06-06,27.990000,28.170000,27.490000,27.490000,20.858898,78500800
2008-06-09,27.650000,27.910000,27.299999,27.709999,21.025827,66787100
2008-06-10,27.360001,28.290001,27.320000,27.889999,21.162407,77433900
2008-06-11,27.850000,27.940001,27.110001,27.120001,20.578154,59330800
2008-06-12,27.400000,28.549999,27.190001,28.240000,21.427984,113996300
2008-06-13,28.629999,29.570000,28.500000,29.070000,22.057766,131969100
2008-06-16,29.020000,29.110001,28.639999,28.930000,21.951540,74718900
2008-06-17,29.040001,29.120001,28.790001,28.799999,21.852898,44256700
2008-06-18,28.549999,28.860001,28.459999,28.459999,21.594908,49677800
2008-06-19,28.549999,29.190001,28.330000,28.930000,21.951540,62037800
2008-06-20,28.900000,28.920000,28.100000,28.230000,21.420401,97480400
2008-06-23,28.299999,28.410000,27.790001,27.969999,21.223112,57145300
2008-06-24,27.920000,28.010000,27.510000,27.730000,21.041000,65218300
2008-06-25,27.809999,28.670000,27.760000,28.350000,21.511444,64280200
2008-06-26,28.030001,28.200001,27.750000,27.750000,21.056183,67049100
2008-06-27,27.680000,27.910000,27.459999,27.629999,20.965122,73450200
2008-06-30,27.730000,27.980000,27.490000,27.510000,20.874075,57830500
2008-07-01,27.270000,27.379999,26.440001,26.870001,20.388456,100327800
2008-07-02,26.900000,27.000000,25.879999,25.879999,19.637255,84669000
2008-07-03,25.969999,26.100000,25.600000,25.980000,19.713137,37074500
2008-07-07,26.110001,26.389999,25.450001,26.030001,19.751076,71527600
2008-07-08,25.930000,26.200001,25.510000,25.850000,19.614498,65553200
2008-07-09,25.790001,25.850000,25.180000,25.230000,19.144054,54255800
2008-07-10,25.200001,25.670000,24.980000,25.450001,19.310980,57830600
2008-07-11,25.160000,25.639999,24.870001,25.250000,19.159227,69532600
2008-07-14,25.480000,25.809999,25.070000,25.150000,19.083349,51216200
2008-07-15,24.930000,26.639999,24.930000,26.150000,19.842125,92719300
2008-07-16,26.129999,27.290001,25.920000,27.260000,20.684378,82060400
2008-07-17,27.580000,27.910000,27.110001,27.520000,20.881662,96526100
2008-07-18,26.360001,26.469999,25.110001,25.860001,19.622082,150277000
2008-07-21,25.660000,26.170000,25.530001,25.639999,19.455153,77575600
2008-07-22,25.540001,25.940001,25.480000,25.799999,19.576557,88657200
2008-07-23,25.860001,26.840000,25.850000,26.430000,20.054586,79408800
2008-07-24,26.090000,26.170000,25.440001,25.440001,19.303394,81092600
2008-07-25,25.639999,26.219999,25.500000,26.160000,19.849712,58682300
2008-07-28,26.059999,26.110001,25.340000,25.500000,19.348919,59707800
2008-07-29,25.520000,26.190001,25.400000,26.110001,19.811775,66368200
2008-07-30,26.200001,26.490000,25.900000,26.230000,19.902830,51977700
2008-07-31,25.850000,26.280001,25.709999,25.719999,19.515852,60461000
2008-08-01,25.920000,25.950001,25.070000,25.440001,19.303394,82720200
2008-08-04,25.389999,25.549999,25.110001,25.280001,19.181988,60588300
2008-08-05,25.639999,26.280001,25.500000,26.209999,19.887655,84297600
2008-08-06,26.730000,27.160000,26.379999,27.020000,20.502266,95550000
2008-08-07,26.900000,27.750000,26.730000,27.389999,20.783016,82565800
2008-08-08,27.350000,28.230000,27.190001,28.129999,21.344513,80814100
2008-08-11,27.860001,28.400000,27.660000,27.900000,21.169994,68743800
2008-08-12,27.780001,28.360001,27.580000,28.120001,21.336927,62813000
2008-08-13,28.070000,28.500000,27.760000,27.910000,21.177586,51165200
2008-08-14,27.820000,28.280001,27.559999,27.910000,21.177586,49732300
2008-08-15,27.980000,28.150000,27.580000,27.809999,21.101706,47267400
2008-08-18,27.780001,28.049999,27.549999,27.690001,21.010651,38078200
2008-08-19,27.540001,27.750000,27.270000,27.320000,20.812586,40332900
2008-08-20,27.540001,27.580000,27.170000,27.290001,20.789730,41497200
2008-08-21,27.100000,27.230000,26.860001,27.180000,20.705929,43614200
2008-08-22,27.230000,27.879999,27.219999,27.840000,21.208729,47930400
2008-08-25,27.610001,27.840000,27.459999,27.660000,21.071594,51381300
2008-08-26,27.580000,27.719999,27.170000,27.270000,20.774492,44774400
2008-08-27,27.340000,27.790001,27.129999,27.559999,20.995420,33975300
2008-08-28,27.610001,28.010000,27.600000,27.940001,21.284903,48372600
2008-08-29,27.680000,27.780001,27.290001,27.290001,20.789730,50735500
2008-09-02,27.670000,27.760000,27.059999,27.100000,20.644993,66079200
2008-09-03,27.000000,27.180000,26.840000,26.900000,20.492617,57127700
2008-09-04,26.740000,26.889999,26.350000,26.350000,20.073629,66141900
2008-09-05,26.030001,26.219999,25.629999,25.650000,19.540363,82305200
2008-09-08,26.209999,26.330000,25.670000,26.120001,19.898417,62110800
2008-09-09,26.200001,26.600000,26.049999,26.100000,19.883181,85735700
2008-09-10,26.520000,26.860001,26.250000,26.440001,20.142189,75064900
2008-09-11,26.100000,27.459999,26.030001,27.340000,20.827814,72913300
2008-09-12,27.139999,27.740000,26.940001,27.620001,21.041128,75628500
2008-09-15,26.920000,27.490000,26.730000,26.820000,20.431677,82349400
2008-09-16,26.090000,26.490000,25.520000,25.990000,19.799374,111729700
2008-09-17,25.730000,25.870001,24.500000,24.570000,18.717609,106972100
2008-09-18,24.799999,25.350000,24.010000,25.260000,19.243254,132291300
2008-09-19,26.370001,26.400000,23.500000,25.160000,19.167078,134926100
2008-09-22,26.219999,26.320000,25.320000,25.400000,19.349909,105207700
2008-09-23,25.660000,26.170000,25.340000,25.440001,19.380384,92181300
2008-09-24,25.580000,26.090000,25.459999,25.719999,19.593689,80250300
2008-09-25,25.820000,26.879999,25.740000,26.610001,20.271700,96203500
2008-09-26,26.170000,27.559999,26.139999,27.400000,20.873520,100744300
2008-09-29,26.940001,27.660000,25.010000,25.010000,19.052801,134383100
2008-09-30,25.770000,26.690001,25.540001,26.690001,20.332642,107192700
2008-10-01,26.379999,26.990000,26.280001,26.480000,20.172663,88957000
2008-10-02,26.180000,26.530001,25.700001,26.250000,19.997450,93819800
2008-10-03,26.370001,27.469999,26.240000,26.320000,20.050770,114289400
2008-10-06,25.629999,25.990000,24.139999,24.910000,18.976620,146374600
2008-10-07,24.980000,25.209999,23.139999,23.230000,17.696789,145941200
2008-10-08,22.900000,24.299999,22.500000,23.010000,17.529196,171598600
2008-10-09,23.770000,23.910000,22.070000,22.299999,16.988306,131948700
2008-10-10,21.790001,22.350000,20.650000,21.500000,16.378864,228467500
2008-10-13,22.860001,25.500000,22.629999,25.500000,19.426094,144935400
2008-10-14,25.639999,25.730000,23.600000,24.100000,18.359564,165674900
2008-10-15,23.780001,24.250000,22.480000,22.660000,17.262554,113280200
2008-10-16,22.940001,24.190001,21.309999,24.190001,18.428125,161147800
2008-10-17,23.570000,25.110001,23.309999,23.930000,18.230059,133673100
2008-10-20,24.200001,24.750000,23.010000,24.719999,18.831886,93484300
2008-10-21,24.299999,25.010000,23.270000,23.360001,17.795824,100385600
2008-10-22,23.040001,23.059999,20.900000,21.530001,16.401720,150054800
2008-10-23,21.549999,22.590000,20.889999,22.320000,17.003542,154774100
2008-10-24,21.059999,22.860001,20.950001,21.959999,16.729296,153919700
2008-10-27,21.670000,21.959999,21.020000,21.180000,16.135084,117683900
2008-10-28,21.639999,23.209999,21.340000,23.100000,17.597752,134088800
2008-10-29,23.129999,23.969999,22.700001,23.000000,17.521578,111701800
2008-10-30,23.690001,23.879999,22.389999,22.629999,17.239704,95323000
2008-10-31,22.530001,22.910000,22.120001,22.330000,17.011156,93055200
2008-11-03,22.480000,22.910000,22.209999,22.620001,17.232086,61923500
2008-11-04,23.129999,23.660000,22.870001,23.530001,17.925335,72123000
2008-11-05,23.330000,23.340000,22.049999,22.080000,16.820709,81179700
2008-11-06,21.870001,22.080000,20.860001,20.879999,15.906541,95509700
2008-11-07,21.320000,21.540001,21.000000,21.500000,16.378864,71256300
2008-11-10,21.850000,21.969999,21.190001,21.299999,16.226501,67106800
2008-11-11,21.290001,21.299999,20.790001,21.200001,16.150320,78014500
2008-11-12,20.889999,21.000000,20.280001,20.299999,15.464697,90162300
2008-11-13,20.150000,21.250000,18.740000,21.250000,16.188410,148413700
2008-11-14,20.559999,21.340000,19.650000,20.059999,15.281857,96624500
2008-11-17,19.740000,20.240000,19.150000,19.320000,14.718122,97289000
2008-11-18,19.500000,19.660000,18.750000,19.620001,15.047916,108966500
2008-11-19,19.629999,19.950001,18.250000,18.290001,14.027848,103010500
2008-11-20,18.120001,18.840000,17.500000,17.530001,13.444955,139532800
2008-11-21,18.020000,19.700001,17.980000,19.680000,15.093937,157231900
2008-11-24,19.889999,20.940001,19.870001,20.690001,15.868571,125289900
2008-11-25,20.860001,20.930000,19.549999,19.990000,15.331697,92948100
2008-11-26,19.730000,20.680000,19.730000,20.490000,15.715183,79678300
2008-11-28,20.230000,20.309999,20.020000,20.219999,15.508099,28650800
2008-12-01,19.879999,19.950001,18.600000,18.610001,14.273283,79639900
2008-12-02,18.990000,19.309999,18.559999,19.150000,14.687441,79689800
2008-12-03,18.650000,19.900000,18.600000,19.870001,15.239663,80961500
2008-12-04,19.400000,19.920000,18.790001,19.110001,14.656765,78719200
2008-12-05,18.910000,19.980000,18.469999,19.870001,15.239663,91996200
2008-12-08,20.350000,21.250000,20.139999,21.010000,16.114002,107225000
2008-12-09,20.620001,21.250000,20.459999,20.600000,15.799551,80484900
2008-12-10,20.820000,20.959999,20.299999,20.610001,15.807216,61499000
2008-12-11,20.110001,20.120001,19.309999,19.450001,14.917532,83564300
2008-12-12,19.150000,19.850000,18.700001,19.360001,14.848506,78112600
2008-12-15,19.340000,19.440001,18.889999,19.040001,14.603077,59925900
2008-12-16,19.209999,20.180000,19.000000,20.110001,15.423732,97688700
2008-12-17,19.809999,20.049999,19.500000,19.660000,15.078599,78922700
2008-12-18,19.860001,20.020000,18.990000,19.299999,14.802489,80759200
2008-12-19,19.420000,19.799999,19.110001,19.120001,14.664440,113530400
2008-12-22,19.240000,19.290001,18.889999,19.180000,14.710451,58575400
2008-12-23,19.280001,19.570000,19.010000,19.280001,14.787150,47511400
2008-12-24,19.260000,19.450001,19.100000,19.170000,14.702779,16880400
2008-12-26,19.200001,19.330000,19.090000,19.129999,14.672100,23101000
2008-12-29,19.150000,19.209999,18.639999,18.959999,14.541719,58512800
2008-12-30,19.010000,19.490000,19.000000,19.340000,14.833172,43224100
2008-12-31,19.309999,19.680000,19.270000,19.440001,14.909866,46419000
2009-01-02,19.530001,20.400000,19.370001,20.330000,15.592469,50084000
2009-01-05,20.200001,20.670000,20.059999,20.520000,15.738195,61475200
2009-01-06,20.750000,21.000000,20.610001,20.760000,15.922266,58083400
2009-01-07,20.190001,20.290001,19.480000,19.510000,14.963554,72709900
2009-01-08,19.629999,20.190001,19.549999,20.120001,15.431399,70255400
2009-01-09,20.170000,20.299999,19.410000,19.520000,14.971218,49815300
2009-01-12,19.709999,19.790001,19.299999,19.469999,14.932869,52163500
2009-01-13,19.520000,19.990000,19.520000,19.820000,15.201311,65843500
2009-01-14,19.530001,19.680000,19.010000,19.090000,14.641424,80257500
2009-01-15,19.070000,19.299999,18.520000,19.240000,14.756468,96169800
2009-01-16,19.629999,19.910000,19.150000,19.709999,15.116944,79634100
2009-01-20,19.459999,19.620001,18.370001,18.480000,14.173573,89873000
2009-01-21,18.870001,19.450001,18.459999,19.379999,14.863844,68340900
2009-01-22,18.049999,18.180000,17.070000,17.110001,13.122831,222436600
2009-01-23,16.969999,17.490000,16.750000,17.200001,13.191854,117020600
2009-01-26,17.290001,17.809999,17.230000,17.629999,13.521647,92476500
2009-01-27,17.780001,17.969999,17.430000,17.660000,13.544660,61695000
2009-01-28,17.799999,18.309999,17.760000,18.040001,13.836110,64145500
2009-01-29,17.780001,17.959999,17.559999,17.590000,13.490972,49192800
2009-01-30,17.740000,17.790001,17.100000,17.100000,13.115162,62370900
2009-02-02,17.030001,18.129999,17.000000,17.830000,13.675047,88871700
2009-02-03,17.850000,18.610001,17.600000,18.500000,14.188914,86865100
2009-02-04,18.540001,19.000000,18.500000,18.629999,14.288616,75618000
2009-02-05,18.510000,19.139999,18.250000,19.040001,14.603077,75195200
2009-02-06,19.160000,19.930000,19.059999,19.660000,15.078599,86746000
2009-02-09,19.639999,19.770000,19.260000,19.440001,14.909866,52196400
2009-02-10,19.250000,19.799999,18.700001,18.799999,14.419001,83953200
2009-02-11,18.940001,19.490000,18.920000,19.209999,14.733459,58599000
2009-02-12,18.969999,19.320000,18.540001,19.260000,14.771810,75323200
2009-02-13,19.270000,19.469999,19.040001,19.090000,14.641424,47416000
2009-02-17,18.490000,18.500000,17.889999,18.090000,13.969583,75853300
2009-02-18,18.219999,18.450001,18.000000,18.120001,13.992751,54946900
2009-02-19,18.299999,18.379999,17.809999,17.910000,13.830588,49195600
2009-02-20,17.770000,18.190001,17.660000,18.000000,13.900089,69413800
2009-02-23,18.020000,18.150000,17.160000,17.209999,13.290027,70803400
2009-02-24,17.030001,17.350000,16.360001,17.170000,13.259138,122674500
2009-02-25,17.010000,17.240000,16.459999,16.959999,13.096972,105894600
2009-02-26,17.049999,17.080000,16.420000,16.420000,12.679966,83219500
2009-02-27,16.290001,16.520000,16.100000,16.150000,12.471465,93428000
2009-03-02,15.960000,16.250000,15.720000,15.790000,12.193467,80602100
2009-03-03,16.030001,16.240000,15.640000,15.880000,12.262964,80476600
2009-03-04,16.120001,16.400000,15.890000,16.120001,12.448302,69285100
2009-03-05,15.860000,15.880000,15.270000,15.270000,11.791907,89708500
2009-03-06,15.350000,15.620000,14.870000,15.280000,11.799628,92821400
2009-03-09,15.200000,15.740000,15.100000,15.150000,11.699240,66479100
2009-03-10,15.370000,16.620001,15.250000,16.480000,12.726303,95184200
2009-03-11,16.629999,17.200001,16.430000,17.110001,13.212805,84522200
2009-03-12,17.010000,17.040001,16.480000,17.010000,13.135584,93694100
2009-03-13,16.980000,17.049999,16.180000,16.650000,12.857578,82965800
2009-03-16,16.820000,16.959999,16.240000,16.250000,12.548688,67028900
2009-03-17,16.320000,16.900000,16.260000,16.900000,13.050638,62481000
2009-03-18,17.030001,17.219999,16.600000,16.959999,13.096972,70710700
2009-03-19,17.370001,17.450001,16.920000,17.139999,13.235970,58994600
2009-03-20,17.320000,17.650000,16.879999,17.059999,13.174190,81725500
2009-03-23,17.370001,18.590000,17.309999,18.330000,14.154922,71600000
2009-03-24,18.040001,18.209999,17.840000,17.930000,13.846035,50044100
2009-03-25,17.980000,18.309999,17.520000,17.879999,13.807421,73927100
2009-03-26,18.170000,18.879999,18.120001,18.830000,14.541036,63775100
2009-03-27,18.540001,18.620001,18.049999,18.129999,14.000476,47670400
2009-03-30,17.740000,17.760000,17.270000,17.480000,13.498528,49633000
2009-03-31,17.830000,18.790001,17.780001,18.370001,14.185816,92423300
2009-04-01,18.230000,19.360001,18.180000,19.309999,14.911706,96438900
2009-04-02,19.500000,19.889999,19.000000,19.290001,14.896262,99082300
2009-04-03,19.129999,19.150000,18.430000,18.750000,14.479255,81858400
2009-04-06,18.540001,18.760000,18.270000,18.760000,14.486983,47476100
2009-04-07,18.760000,19.139999,18.629999,18.760000,14.486983,65815200
2009-04-08,18.969999,19.620001,18.959999,19.190001,14.819037,56408900
2009-04-09,19.450001,19.700001,19.219999,19.670000,15.189708,55759600
2009-04-13,19.690001,19.850000,19.370001,19.590000,15.127930,44444700
2009-04-14,19.440001,19.549999,19.000000,19.350000,14.942590,63796300
2009-04-15,19.209999,19.250000,18.510000,18.830000,14.541036,72725500
2009-04-16,19.160000,19.780001,18.990000,19.760000,15.259206,67688700
2009-04-17,19.690001,19.690001,19.000000,19.200001,14.826762,61398500
2009-04-20,18.889999,18.950001,18.570000,18.610001,14.371145,62937200
2009-04-21,18.590000,19.080000,18.570000,18.969999,14.649149,60928300
2009-04-22,18.760000,19.190001,18.700001,18.780001,14.502425,59401000
2009-04-23,18.920000,18.940001,18.469999,18.920000,14.610533,86116300
2009-04-24,19.820000,21.200001,19.500000,20.910000,16.147270,168478500
2009-04-27,20.549999,20.820000,20.280001,20.400000,15.753426,68219600
2009-04-28,20.250000,20.270000,19.790001,19.930000,15.390482,76685200
2009-04-29,20.110001,20.889999,20.059999,20.250000,15.637594,79301600
2009-04-30,20.600000,21.100000,20.010000,20.260000,15.645320,87439900
2009-05-01,20.190001,20.350000,19.860001,20.240000,15.629875,63224500
2009-05-04,20.370001,20.400000,19.980000,20.190001,15.591264,54313400
2009-05-05,20.139999,20.240000,19.639999,19.790001,15.282372,66835500
2009-05-06,20.059999,20.070000,19.610001,19.790001,15.282372,59639100
2009-05-07,19.959999,19.990000,19.139999,19.320000,14.919426,68727200
2009-05-08,19.459999,19.639999,19.139999,19.420000,14.996655,67597600
2009-05-11,19.200001,19.730000,19.010000,19.320000,14.919426,63762600
2009-05-12,19.510000,20.059999,19.469999,19.889999,15.359591,71966800
2009-05-13,19.920000,20.000000,19.670000,19.750000,15.251481,49281700
2009-05-14,19.830000,20.230000,19.799999,20.059999,15.490876,54539500
2009-05-15,20.129999,20.500000,19.980000,20.219999,15.614432,61289900
2009-05-18,20.360001,20.600000,20.240000,20.600000,15.907879,46073800
2009-05-19,20.510000,20.740000,20.250000,20.309999,15.783531,51368300
2009-05-20,20.410000,20.690001,20.219999,20.379999,15.837934,47450700
2009-05-21,20.139999,20.230000,19.510000,19.820000,15.402740,58232800
2009-05-22,19.930000,20.170000,19.469999,19.750000,15.348342,37318700
2009-05-26,19.540001,20.450001,19.450001,20.340000,15.806851,44991700
2009-05-27,20.250000,20.600000,20.070000,20.129999,15.643651,42892900
2009-05-28,20.320000,20.629999,20.049999,20.450001,15.892333,45480800
2009-05-29,20.559999,20.940001,20.299999,20.889999,16.234270,46134900
2009-06-01,21.000000,21.500000,20.860001,21.400000,16.630613,57317100
2009-06-02,21.360001,21.980000,21.200001,21.400000,16.630613,48935700
2009-06-03,21.309999,21.760000,21.290001,21.730000,16.887060,56039600
2009-06-04,21.770000,21.900000,21.580000,21.830000,16.964777,42330000
2009-06-05,21.959999,22.309999,21.809999,22.139999,17.205687,59579200
2009-06-08,21.980000,22.320000,21.629999,22.049999,17.135746,49000600
2009-06-09,22.059999,22.320000,21.879999,22.080000,17.159063,50887700
2009-06-10,22.170000,22.620001,22.120001,22.549999,17.524307,61297200
2009-06-11,22.590000,23.260000,22.570000,22.830000,17.741909,65124600
2009-06-12,22.900000,23.379999,22.740000,23.330000,18.130478,50963500
2009-06-15,23.230000,23.540001,23.020000,23.420000,18.200417,69089600
2009-06-16,23.469999,24.110001,23.440001,23.450001,18.223732,105295600
2009-06-17,23.500000,23.820000,23.170000,23.680000,18.402470,86483100
2009-06-18,23.620001,23.690001,23.299999,23.500000,18.262585,58852200
2009-06-19,24.040001,24.340000,23.750000,24.070000,18.705549,115459000
2009-06-22,23.950001,23.950001,23.250000,23.280001,18.091619,71291600
2009-06-23,23.379999,23.660000,23.209999,23.340000,18.138243,56752700
2009-06-24,23.450001,23.750000,23.360001,23.469999,18.239264,54287700
2009-06-25,23.430000,23.920000,23.200001,23.790001,18.487957,57724300
2009-06-26,23.570000,23.690001,23.320000,23.350000,18.146015,65126400
2009-06-29,23.600000,24.030001,23.549999,23.860001,18.542349,62854900
2009-06-30,23.969999,24.240000,23.629999,23.770000,18.472412,66452400
2009-07-01,24.049999,24.299999,23.959999,24.040001,18.682236,54908400
2009-07-02,23.760000,24.040001,23.209999,23.370001,18.161560,65422200
2009-07-06,23.209999,23.280001,22.870001,23.200001,18.029449,49207700
2009-07-07,23.080000,23.139999,22.459999,22.530001,17.508764,52842500
2009-07-08,22.309999,22.690001,22.000000,22.559999,17.532084,73023400
2009-07-09,22.650000,22.809999,22.370001,22.440001,17.438826,46981200
2009-07-10,22.190001,22.540001,22.150000,22.389999,17.399971,43229200
2009-07-13,22.420000,23.290001,22.139999,23.230000,18.052755,67584000
2009-07-14,23.200001,23.219999,22.860001,23.110001,17.959501,45448700
2009-07-15,23.750000,24.120001,23.559999,24.120001,18.744404,67238700
2009-07-16,23.930000,24.440001,23.860001,24.440001,18.993086,64555100
2009-07-17,24.400000,24.450001,24.100000,24.290001,18.876520,52860100
2009-07-20,24.440001,24.530001,24.150000,24.530001,19.063032,47798000
2009-07-21,24.690001,24.830000,24.370001,24.830000,19.296169,52028400
2009-07-22,24.700001,24.900000,24.510000,24.799999,19.272858,66192500
2009-07-23,24.930000,25.719999,24.840000,25.559999,19.863478,106060500
2009-07-24,23.610001,23.889999,22.809999,23.450001,18.223732,215135700
2009-07-27,23.440001,23.450001,22.900000,23.110001,17.959501,80950000
2009-07-28,22.990000,23.549999,22.900000,23.469999,18.239264,70288400
2009-07-29,23.730000,23.910000,23.340000,23.799999,18.495726,73626900
2009-07-30,24.200001,24.430000,23.709999,23.809999,18.503496,67820000
2009-07-31,23.770000,24.070000,23.500000,23.520000,18.278131,54258200
2009-08-03,23.820000,23.860001,23.500000,23.830000,18.519037,46902900
2009-08-04,23.680000,23.790001,23.530001,23.770000,18.472412,49218300
2009-08-05,23.840000,24.250000,23.790001,23.809999,18.503496,53310300
2009-08-06,23.930000,23.980000,23.270000,23.459999,18.231499,59686000
2009-08-07,23.750000,23.820000,23.500000,23.559999,18.309212,46169700
2009-08-10,23.459999,23.549999,23.299999,23.420000,18.200417,35261900
2009-08-11,23.320000,23.400000,23.049999,23.129999,17.975044,33615800
2009-08-12,23.129999,23.900000,23.030001,23.530001,18.285904,61972300
2009-08-13,23.629999,23.850000,23.400000,23.620001,18.355843,38954500
2009-08-14,23.620001,23.799999,23.510000,23.690001,18.410240,46330200
2009-08-17,23.320000,23.600000,23.230000,23.250000,18.068302,42474400
2009-08-18,23.290001,23.650000,23.270000,23.580000,18.427792,38878900
2009-08-19,23.250000,23.719999,23.250000,23.650000,18.482496,41821300
2009-08-20,23.600000,23.870001,23.540001,23.670000,18.498123,39505900
2009-08-21,23.930000,24.420000,23.770000,24.410000,19.076437,69011400
2009-08-24,24.410000,24.730000,24.280001,24.639999,19.256187,54180900
2009-08-25,24.600000,24.820000,24.459999,24.639999,19.256187,43980300
2009-08-26,24.590000,24.750000,24.420000,24.549999,19.185844,41079000
2009-08-27,24.410000,24.780001,24.299999,24.690001,19.295256,45495600
2009-08-28,25.070000,25.490000,24.610001,24.680000,19.287441,55808000
2009-08-31,24.570000,24.850000,24.290001,24.650000,19.263996,49592800
2009-09-01,24.350000,24.740000,23.900000,24.000000,18.756021,62608500
2009-09-02,23.820000,24.139999,23.780001,23.860001,18.646608,40771300
2009-09-03,23.910000,24.139999,23.760000,24.110001,18.841991,34120000
2009-09-04,24.090000,24.799999,24.080000,24.620001,19.240555,44999700
2009-09-08,24.620001,24.840000,24.410000,24.820000,19.396851,53737100
2009-09-09,24.740000,24.950001,24.670000,24.780001,19.365593,49900300
2009-09-10,24.799999,25.049999,24.650000,25.000000,19.537519,46256000
2009-09-11,24.930000,25.170000,24.809999,24.860001,19.428118,54303500
2009-09-14,24.650000,25.090000,24.639999,25.000000,19.537519,42806800
2009-09-15,24.969999,25.270000,24.860001,25.200001,19.693827,44716600
2009-09-16,25.250000,25.350000,24.950001,25.200001,19.693827,50055800
2009-09-17,25.059999,25.379999,25.059999,25.299999,19.771969,42428800
2009-09-18,25.459999,25.480000,25.100000,25.260000,19.740711,68016500
2009-09-21,25.110001,25.370001,25.100000,25.299999,19.771969,28878700
2009-09-22,25.400000,25.820000,25.290001,25.770000,20.139278,61376700
2009-09-23,25.920000,26.250000,25.639999,25.709999,20.092388,60599900
2009-09-24,25.920000,26.110001,25.660000,25.940001,20.272135,56302900
2009-09-25,25.690001,25.820000,25.520000,25.549999,19.967352,50158900
2009-09-28,25.600000,26.160000,25.600000,25.830000,20.186174,44358000
2009-09-29,25.910000,25.959999,25.690001,25.750000,20.123650,39050300
2009-09-30,25.760000,25.990000,25.379999,25.719999,20.100206,63533400
2009-10-01,25.410000,25.469999,24.799999,24.879999,19.443747,75958100
2009-10-02,24.459999,25.090000,24.430000,24.959999,19.506260,51219700
2009-10-05,24.980000,25.059999,24.520000,24.639999,19.256187,60804900
2009-10-06,24.680000,25.209999,24.660000,25.110001,19.623491,48795300
2009-10-07,24.990000,25.180000,24.879999,25.100000,19.615671,38472700
2009-10-08,25.440001,25.900000,25.219999,25.670000,20.061129,60521300
2009-10-09,25.570000,25.790001,25.459999,25.549999,19.967352,39520000
2009-10-12,25.660000,25.889999,25.549999,25.719999,20.100206,29145800
2009-10-13,25.590000,25.940001,25.520000,25.809999,20.170540,37749000
2009-10-14,26.139999,26.200001,25.820000,25.959999,20.287758,45365500
2009-10-15,25.900000,26.709999,25.900000,26.709999,20.873892,65620100
2009-10-16,26.450001,26.629999,26.100000,26.500000,20.709774,56500900
2009-10-19,26.490000,26.580000,26.250000,26.360001,20.600368,48143200
2009-10-20,26.420000,26.510000,25.940001,26.370001,20.608183,54604700
2009-10-21,26.459999,26.750000,26.389999,26.580000,20.772293,61672700
2009-10-22,26.559999,26.719999,26.129999,26.590000,20.780115,61600000
2009-10-23,29.200001,29.350000,27.879999,28.020000,21.897663,281761000
2009-10-26,28.129999,29.020000,28.110001,28.680000,22.413450,124149700
2009-10-27,28.730000,28.879999,28.440001,28.590000,22.343115,69685800
2009-10-28,28.240000,28.770000,27.950001,28.020000,21.897663,73542400
2009-10-29,28.070000,28.410000,27.850000,28.219999,22.053953,65225500
2009-10-30,28.030001,28.400000,27.660000,27.730000,21.671022,73371800
2009-11-02,27.700001,28.049999,27.410000,27.879999,21.788250,62428900
2009-11-03,27.639999,27.740000,27.430000,27.530001,21.514717,50294800
2009-11-04,27.690001,28.389999,27.620001,28.059999,21.928915,63898400
2009-11-05,28.520000,28.740000,28.280001,28.469999,22.249329,52681700
2009-11-06,28.379999,28.629999,28.200001,28.520000,22.288408,38908500
2009-11-09,28.620001,29.000000,28.530001,28.990000,22.655714,57518000
2009-11-10,28.900000,29.280001,28.809999,29.010000,22.671339,65881100
2009-11-11,29.080000,29.299999,29.020000,29.120001,22.757309,49693400
2009-11-12,29.010000,29.490000,29.000000,29.360001,22.944868,55352400
2009-11-13,29.469999,29.790001,29.370001,29.629999,23.155865,53037600
2009-11-16,29.610001,29.799999,29.370001,29.540001,23.085537,54129500
2009-11-17,29.500000,30.000000,29.469999,30.000000,23.548655,75648900
2009-11-18,30.000000,30.139999,29.809999,30.110001,23.635010,59431200
2009-11-19,29.990000,30.000000,29.700001,29.780001,23.375965,51967700
2009-11-20,29.660000,29.770000,29.430000,29.620001,23.250376,42647100
2009-11-23,29.840000,30.010000,29.700001,29.940001,23.501566,41832700
2009-11-24,29.950001,29.990000,29.750000,29.910000,23.478020,37341400
2009-11-25,29.809999,29.860001,29.580000,29.790001,23.383820,32033500
2009-11-27,29.110001,29.389999,28.750000,29.219999,22.936398,29357900
2009-11-30,29.150000,29.450001,29.000000,29.410000,23.085535,44172000
2009-12-01,29.520000,30.049999,29.410000,30.010000,23.556511,49904200
2009-12-02,29.900000,29.990000,29.650000,29.780001,23.375965,36308600
2009-12-03,29.840000,30.200001,29.760000,29.830000,23.415218,43095200
2009-12-04,30.049999,30.370001,29.830000,29.980000,23.532965,58810700
2009-12-07,29.780001,30.080000,29.680000,29.790001,23.383820,38082700
2009-12-08,29.520000,29.740000,29.379999,29.570000,23.211130,37402200
2009-12-09,29.469999,29.809999,29.250000,29.709999,23.321024,44713300
2009-12-10,29.709999,29.959999,29.660000,29.870001,23.446619,45940200
2009-12-11,29.969999,30.000000,29.790001,29.850000,23.430920,43744200
2009-12-14,29.910000,30.160000,29.900000,30.110001,23.635010,34651200
2009-12-15,29.889999,30.209999,29.879999,30.020000,23.564362,49473200
2009-12-16,30.070000,30.410000,30.040001,30.100000,23.627159,55737800
2009-12-17,29.950001,29.959999,29.570000,29.600000,23.234678,43691200
2009-12-18,29.840000,30.450001,29.799999,30.360001,23.831242,94118000
2009-12-21,30.400000,30.840000,30.370001,30.520000,23.956837,40129100
2009-12-22,30.600000,30.930000,30.540001,30.820000,24.192322,36321000
2009-12-23,30.709999,30.950001,30.690001,30.920000,24.270821,28362700
2009-12-24,30.879999,31.000000,30.760000,31.000000,24.333616,11083900
2009-12-28,31.000000,31.180000,30.889999,31.170000,24.467060,25384000
2009-12-29,31.350000,31.500000,31.230000,31.389999,24.639746,29716200
2009-12-30,31.150000,31.290001,30.799999,30.959999,24.302216,42006200
2009-12-31,30.980000,30.990000,30.480000,30.480000,23.925440,31929700
2010-01-04,30.620001,31.100000,30.590000,30.950001,24.294369,38409100
2010-01-05,30.850000,31.100000,30.639999,30.959999,24.302216,49749600
2010-01-06,30.879999,31.080000,30.520000,30.770000,24.153070,58182400
2010-01-07,30.629999,30.700001,30.190001,30.450001,23.901886,50559700
2010-01-08,30.280001,30.879999,30.240000,30.660000,24.066734,51197400
2010-01-11,30.709999,30.760000,30.120001,30.270000,23.760603,68754700
2010-01-12,30.150000,30.400000,29.910000,30.070000,23.603607,65912100
2010-01-13,30.260000,30.520000,30.010000,30.350000,23.823395,51863500
2010-01-14,30.309999,31.100000,30.260000,30.959999,24.302216,63228100
2010-01-15,31.080000,31.240000,30.709999,30.860001,24.223721,79913200
2010-01-19,30.750000,31.240000,30.680000,31.100000,24.412111,46575700
2010-01-20,30.809999,30.940001,30.309999,30.590000,24.011782,54849500
2010-01-21,30.610001,30.719999,30.000000,30.010000,23.556511,73086700
2010-01-22,30.000000,30.200001,28.840000,28.959999,22.732307,102004600
2010-01-25,29.240000,29.660000,29.100000,29.320000,23.014898,63373000
2010-01-26,29.200001,29.850000,29.090000,29.500000,23.156181,66639900
2010-01-27,29.350000,29.820000,29.020000,29.670000,23.289631,63949500
2010-01-28,29.840000,29.870001,28.889999,29.160000,22.889299,117513700
2010-01-29,29.900000,29.920000,27.660000,28.180000,22.120043,193888500
2010-02-01,28.389999,28.480000,27.920000,28.410000,22.300581,85931100
2010-02-02,28.370001,28.500000,28.139999,28.459999,22.339828,54413700
2010-02-03,28.260000,28.790001,28.120001,28.629999,22.473269,61397900
2010-02-04,28.379999,28.500000,27.809999,27.840000,21.853163,77850000
2010-02-05,28.000000,28.280001,27.570000,28.020000,21.994453,80960100
2010-02-08,28.010000,28.080000,27.570000,27.719999,21.758957,52820600
2010-02-09,27.969999,28.340000,27.750000,28.010000,21.986599,59195800
2010-02-10,28.030001,28.240000,27.840000,27.990000,21.970903,48591300
2010-02-11,27.930000,28.400000,27.700001,28.120001,22.072945,65993700
2010-02-12,27.809999,28.059999,27.580000,27.930000,21.923805,81117200
2010-02-16,28.129999,28.370001,28.020000,28.350000,22.357546,51935600
2010-02-17,28.530001,28.650000,28.360001,28.590000,22.546816,45882900
2010-02-18,28.590000,29.030001,28.510000,28.969999,22.846493,42856500
2010-02-19,28.790001,28.920000,28.690001,28.770000,22.688766,44451800
2010-02-22,28.840000,28.940001,28.650000,28.730000,22.657217,36707100
2010-02-23,28.680000,28.830000,28.090000,28.330000,22.341770,52266200
2010-02-24,28.520000,28.790001,28.379999,28.629999,22.578362,43165900
2010-02-25,28.270000,28.650000,28.020000,28.600000,22.554699,48735300
2010-02-26,28.650000,28.850000,28.510000,28.670000,22.609909,40370600
2010-03-01,28.770000,29.049999,28.530001,29.020000,22.885929,43805400
2010-03-02,29.080000,29.299999,28.240000,28.459999,22.444300,93123900
2010-03-03,28.510000,28.610001,28.350000,28.459999,22.444300,48442100
2010-03-04,28.459999,28.650000,28.270000,28.629999,22.578362,42890600
2010-03-05,28.660000,28.680000,28.420000,28.590000,22.546816,56001800
2010-03-08,28.520000,28.930000,28.500000,28.629999,22.578362,39414500
2010-03-09,28.559999,29.110001,28.549999,28.799999,22.712425,50271600
2010-03-10,28.860001,29.110001,28.799999,28.969999,22.846493,44891400
2010-03-11,28.889999,29.190001,28.850000,29.180000,23.012110,35349700
2010-03-12,29.320000,29.379999,29.040001,29.270000,23.083084,31700200
2010-03-15,29.180000,29.370001,29.010000,29.290001,23.098850,37512000
2010-03-16,29.420000,29.490000,29.200001,29.370001,23.161953,36723500
2010-03-17,29.500000,29.870001,29.400000,29.629999,23.366978,50385700
2010-03-18,29.629999,29.719999,29.500000,29.610001,23.351217,43845200
2010-03-19,29.760000,29.900000,29.350000,29.590000,23.335440,81332100
2010-03-22,29.500000,29.700001,29.389999,29.600000,23.343330,37718200
2010-03-23,29.590000,29.900000,29.410000,29.879999,23.564150,42026600
2010-03-24,29.719999,29.850000,29.600000,29.650000,23.382759,33987700
2010-03-25,29.830000,30.570000,29.799999,30.010000,23.666670,73168700
2010-03-26,30.090000,30.200001,29.590000,29.660000,23.390646,55595500
2010-03-29,29.709999,29.820000,29.549999,29.590000,23.335440,33336000
2010-03-30,29.629999,29.860001,29.500000,29.770000,23.477396,34954800
2010-03-31,29.639999,29.719999,29.170000,29.290001,23.098850,63760000
2010-04-01,29.350000,29.540001,28.620001,29.160000,22.996336,74768100
2010-04-05,29.129999,29.430000,29.030001,29.270000,23.083084,34331200
2010-04-06,29.150000,29.580000,28.980000,29.320000,23.122520,47366800
2010-04-07,29.160000,29.559999,29.139999,29.350000,23.146170,58318800
2010-04-08,29.320000,29.980000,29.299999,29.920000,23.595692,63713800
2010-04-09,29.950001,30.410000,29.900000,30.340000,23.926912,54752500
2010-04-12,30.250000,30.490000,30.209999,30.320000,23.911137,37068800
2010-04-13,30.150000,30.500000,30.129999,30.450001,24.013655,41374600
2010-04-14,30.790001,31.000000,30.660000,30.820000,24.305452,68941200
2010-04-15,30.820000,30.950001,30.709999,30.870001,24.344883,52745400
2010-04-16,30.790001,30.980000,30.600000,30.670000,24.187159,88703100
2010-04-19,30.770000,31.250000,30.760000,31.040001,24.478949,64970300
2010-04-20,31.219999,31.440001,31.129999,31.360001,24.731310,52199500
2010-04-21,31.330000,31.500000,31.230000,31.330000,24.707647,55343100
2010-04-22,31.040001,31.530001,30.900000,31.389999,24.754969,84847600
2010-04-23,31.120001,31.580000,30.650000,30.959999,24.415865,126766600
2010-04-26,31.000000,31.280001,30.860001,31.110001,24.534153,63649300
2010-04-27,30.950001,31.250000,30.750000,30.850000,24.329115,68730900
2010-04-28,30.920000,31.000000,30.620001,30.910000,24.376423,64557900
2010-04-29,30.930000,31.430000,30.670000,31.000000,24.447399,52665200
2010-04-30,31.070000,31.080000,30.520000,30.540001,24.084637,63214800
2010-05-03,30.670000,31.059999,30.580000,30.860001,24.337000,43989500
2010-05-04,30.520000,30.549999,29.750000,30.129999,23.761301,82085600
2010-05-05,29.770000,30.090000,29.690001,29.850000,23.540487,66833800
2010-05-06,29.590000,29.879999,27.910000,28.980000,22.854389,128613000
2010-05-07,28.930000,28.950001,27.320000,28.209999,22.247137,173718100
2010-05-10,29.010000,29.480000,28.709999,28.940001,22.822834,86653300
2010-05-11,28.680000,29.650000,28.570000,28.879999,22.775520,63789400
2010-05-12,28.980000,29.580000,28.920000,29.440001,23.217154,47146800
2010-05-13,29.260000,29.730000,29.180000,29.240000,23.059423,45188800
2010-05-14,29.200001,29.209999,28.639999,28.930000,22.814947,63334000
2010-05-17,29.120001,29.230000,28.450001,28.940001,22.822834,46053300
2010-05-18,28.870001,29.000000,28.400000,28.600000,22.656477,52690600
2010-05-19,28.520000,28.690001,27.790001,28.240000,22.371288,61746700
2010-05-20,27.650000,27.840000,27.040001,27.110001,21.476122,87991100
2010-05-21,26.629999,27.110001,26.440001,26.840000,21.262224,117596300
2010-05-24,26.850000,26.860001,26.260000,26.270000,20.810688,73711700
2010-05-25,25.650000,26.330000,25.379999,26.070000,20.652254,98373600
2010-05-26,26.230000,26.610001,24.559999,25.010000,19.812534,176684100
2010-05-27,25.730000,26.360001,25.730000,26.000000,20.596798,136433600
2010-05-28,25.840000,26.120001,25.660000,25.799999,20.438364,67496900
2010-06-01,25.530001,26.309999,25.520000,25.889999,20.509659,76152400
2010-06-02,26.059999,26.480000,25.730000,26.459999,20.961203,65718800
2010-06-03,26.549999,26.930000,26.410000,26.860001,21.278074,67837000
2010-06-04,26.100000,26.570000,25.620001,25.790001,20.430439,89832200
2010-06-07,25.820000,25.830000,25.240000,25.290001,20.034349,80456200
2010-06-08,25.250000,25.260000,24.650000,25.110001,19.891752,87355000
2010-06-09,25.219999,25.520000,24.750000,24.790001,19.638256,87794000
2010-06-10,25.129999,25.150000,24.780001,25.000000,19.804609,78930900
2010-06-11,25.040001,25.719999,24.770000,25.660000,20.327456,68057700
2010-06-14,25.860001,25.959999,25.469999,25.500000,20.200705,50972400
2010-06-15,25.750000,26.650000,25.740000,26.580000,21.056269,81641500
2010-06-16,26.469999,26.580000,26.230000,26.320000,20.850294,48698000
2010-06-17,26.559999,26.670000,26.040001,26.370001,20.889906,47995500
2010-06-18,26.370001,26.530001,26.170000,26.440001,20.945354,52075600
2010-06-21,26.780001,26.889999,25.889999,25.950001,20.557186,54625300
2010-06-22,26.160000,26.450001,25.760000,25.770000,20.414597,55985400
2010-06-23,25.780001,25.780001,25.219999,25.309999,20.050192,61466200
2010-06-24,25.459999,25.719999,24.930000,25.000000,19.804609,85243400
2010-06-25,25.049999,25.110001,24.309999,24.530001,19.432283,156256700
2010-06-28,24.510000,24.610001,24.120001,24.309999,19.258007,73784800
2010-06-29,24.129999,24.200001,23.110001,23.309999,18.465818,119882100
2010-06-30,23.299999,23.680000,22.950001,23.010000,18.228165,81050500
2010-07-01,23.090000,23.320000,22.730000,23.160000,18.346998,92239400
2010-07-02,23.360001,23.480000,23.049999,23.270000,18.434135,62485100
2010-07-06,23.700001,24.090000,23.580000,23.820000,18.869835,73592000
2010-07-07,23.820000,24.320000,23.610001,24.299999,19.250080,79965300
2010-07-08,24.600000,24.620001,23.969999,24.410000,19.337223,50758100
2010-07-09,24.330000,24.410000,24.150000,24.270000,19.226316,53806100
2010-07-12,24.430000,24.889999,24.420000,24.830000,19.669947,49854200
2010-07-13,25.139999,25.299999,24.900000,25.129999,19.907595,61928700
2010-07-14,25.500000,25.610001,25.120001,25.440001,20.153177,72808100
2010-07-15,25.500000,25.590000,24.980000,25.510000,20.208630,56934700
2010-07-16,25.510000,25.639999,24.879999,24.889999,19.717474,65064800
2010-07-19,24.959999,25.299999,24.910000,25.230000,19.986814,38181800
2010-07-20,24.860001,25.480000,24.700001,25.480000,20.184860,45530700
2010-07-21,25.600000,25.650000,24.980000,25.120001,19.899672,73297300
2010-07-22,25.510000,25.990000,25.469999,25.840000,20.470049,73016400
2010-07-23,25.840000,26.020000,25.250000,25.809999,20.446281,108520100
2010-07-26,25.860001,26.200001,25.799999,26.100000,20.676018,67249900
2010-07-27,26.139999,26.240000,25.959999,26.160000,20.723551,60672100
2010-07-28,26.070000,26.190001,25.830000,25.950001,20.557186,69704800
2010-07-29,26.129999,26.410000,25.600000,26.030001,20.620567,69446200
2010-07-30,25.750000,25.840000,25.350000,25.809999,20.446281,83534800
2010-08-02,25.990000,26.379999,25.750000,26.330000,20.858219,55044600
2010-08-03,26.200001,26.350000,25.969999,26.160000,20.723551,56877700
2010-08-04,26.150000,26.240000,25.440001,25.730000,20.382906,78531900
2010-08-05,25.490000,25.580000,25.209999,25.370001,20.097723,64922100
2010-08-06,25.180000,25.559999,25.020000,25.549999,20.240313,55982100
2010-08-09,25.549999,25.730000,25.370001,25.610001,20.287844,57096500
2010-08-10,25.330000,25.340000,24.879999,25.070000,19.860062,87257700
2010-08-11,24.680000,24.900000,24.559999,24.860001,19.693708,76746900
2010-08-12,24.420000,24.680000,24.360001,24.490000,19.400600,70240500
2010-08-13,24.350000,24.670000,24.240000,24.400000,19.329302,45263500
2010-08-16,24.360001,24.610001,24.299999,24.500000,19.408518,40909700
2010-08-17,24.709999,24.959999,24.600000,24.709999,19.679302,52912600
2010-08-18,24.680000,24.950001,24.410000,24.820000,19.766903,46818900
2010-08-19,24.620001,24.740000,24.209999,24.440001,19.464270,54064600
2010-08-20,24.309999,24.400000,24.200001,24.230000,19.297026,49560100
2010-08-23,24.440001,24.639999,24.240000,24.280001,19.336847,51643000
2010-08-24,24.090000,24.350000,24.000000,24.040001,19.145704,66522500
2010-08-25,24.000000,24.219999,23.870001,24.100000,19.193491,47404800
2010-08-26,24.090000,24.190001,23.790001,23.820000,18.970493,49105300
2010-08-27,23.879999,24.020000,23.510000,23.930000,19.058111,60939400
2010-08-30,23.740000,23.820000,23.600000,23.639999,18.827141,45453100
2010-08-31,23.600000,23.730000,23.320000,23.469999,18.691759,66074600
2010-09-01,23.670000,23.950001,23.540001,23.900000,19.034208,65235900
2010-09-02,23.879999,23.950001,23.709999,23.940001,19.066065,48837100
2010-09-03,24.240000,24.450001,24.200001,24.290001,19.344809,64189100
2010-09-07,24.100000,24.299999,23.920000,23.959999,19.081989,51928700
2010-09-08,24.070000,24.200001,23.740000,23.930000,19.058111,65512400
2010-09-09,24.190001,24.209999,23.990000,24.010000,19.121811,46028900
2010-09-10,23.980000,24.030001,23.790001,23.850000,18.994387,58284300
2010-09-13,24.200001,25.290001,24.090000,25.110001,19.997868,114680400
2010-09-14,25.040001,25.350000,24.889999,25.030001,19.934149,87160400
2010-09-15,25.100000,25.219999,24.920000,25.120001,20.005825,56201900
2010-09-16,25.059999,25.370001,25.049999,25.330000,20.173079,44548300
2010-09-17,25.400000,25.530001,25.080000,25.219999,20.085474,70341600
2010-09-20,25.280001,25.520000,25.110001,25.430000,20.252716,49838700
2010-09-21,25.420000,25.420000,25.080000,25.150000,20.029716,52675700
2010-09-22,24.889999,24.969999,24.360001,24.610001,19.599661,94299400
2010-09-23,24.510000,24.590000,24.360001,24.430000,19.456308,46201800
2010-09-24,24.639999,24.799999,24.580000,24.780001,19.735052,51948800
2010-09-27,24.850000,24.990000,24.590000,24.730000,19.695230,43603300
2010-09-28,24.799999,24.900000,24.350000,24.680000,19.655407,56041200
2010-09-29,24.629999,24.660000,24.400000,24.500000,19.512056,44318900
2010-09-30,24.610001,24.830000,24.360001,24.490000,19.504093,61262700
2010-10-01,24.770000,24.820000,24.299999,24.379999,19.416481,62672300
2010-10-04,23.959999,23.990000,23.780001,23.910000,19.042170,98143400
2010-10-05,24.059999,24.450001,23.910000,24.350000,19.392593,78152900
2010-10-06,24.320000,24.540001,24.129999,24.430000,19.456308,50489700
2010-10-07,24.620001,24.750000,24.280001,24.530001,19.535944,50096100
2010-10-08,24.620001,24.650000,24.370001,24.570000,19.567801,41327800
2010-10-11,24.740000,24.740000,24.500000,24.590000,19.583729,27587800
2010-10-12,24.650000,24.930000,24.430000,24.830000,19.774874,50141500
2010-10-13,25.020000,25.540001,24.889999,25.340000,20.181038,75336500
2010-10-14,25.290001,25.340000,25.000000,25.230000,20.093430,51949100
2010-10-15,25.360001,25.549999,25.230000,25.540001,20.340324,68954800
2010-10-18,25.590000,25.950001,25.450001,25.820000,20.563320,48330500
2010-10-19,25.270000,25.370001,24.950001,25.100000,19.989901,66150900
2010-10-20,25.260000,25.400000,25.100000,25.309999,20.157148,56283600
2010-10-21,25.400000,25.540001,25.049999,25.420000,20.244749,50032400
2010-10-22,25.520000,25.540001,25.270000,25.379999,20.212891,25837900
2010-10-25,25.240000,25.350000,25.170000,25.190001,20.061577,50912400
2010-10-26,25.120001,25.969999,25.059999,25.900000,20.627024,69304200
2010-10-27,25.790001,26.110001,25.620001,26.049999,20.746487,64805500
2010-10-28,26.209999,26.379999,25.920000,26.280001,20.929661,80730300
2010-10-29,27.150000,27.200001,26.480000,26.670000,21.240265,114193200
2010-11-01,26.879999,27.219999,26.700001,26.950001,21.463259,61912100
2010-11-02,27.059999,27.420000,27.020000,27.389999,21.813683,54402100
2010-11-03,27.459999,27.490000,26.959999,27.030001,21.526970,110255300
2010-11-04,27.410000,27.430000,27.010000,27.139999,21.614580,93599300
2010-11-05,27.170000,27.190001,26.530001,26.850000,21.383619,110953700
2010-11-08,26.680000,28.870001,26.580000,26.809999,21.351761,71670800
2010-11-09,26.809999,27.110001,26.709999,26.950001,21.463259,58538600
2010-11-10,27.010000,27.080000,26.809999,26.940001,21.455297,52277300
2010-11-11,26.680000,26.719999,26.280001,26.680000,21.248234,62073100
2010-11-12,26.469999,26.520000,26.100000,26.270000,20.921703,64962200
2010-11-15,26.330000,26.500000,26.170000,26.200001,20.865948,51794600
2010-11-16,26.040001,26.040001,25.650000,25.809999,20.681650,65339200
2010-11-17,25.900000,25.910000,25.549999,25.570000,20.489336,58299700
2010-11-18,25.709999,26.080000,25.610001,25.840000,20.705687,59514000
2010-11-19,25.799999,25.830000,25.600000,25.690001,20.585495,52423200
2010-11-22,25.650000,25.740000,25.440001,25.730000,20.617542,53350500
2010-11-23,25.570000,25.600000,25.090000,25.120001,20.128752,69742500
2010-11-24,25.200001,25.459999,25.160000,25.370001,20.329079,56825900
2010-11-26,25.209999,25.410000,25.170000,25.250000,20.232922,21356500
2010-11-29,25.190001,25.420000,24.930000,25.309999,20.281002,56603600
2010-11-30,25.049999,25.469999,25.000000,25.260000,20.240932,75282100
2010-12-01,25.570000,26.250000,25.559999,26.040001,20.865950,74123500
2010-12-02,26.240000,26.980000,26.200001,26.889999,21.547060,91759200
2010-12-03,26.809999,27.059999,26.780001,27.020000,21.651230,52622000
2010-12-06,26.930000,26.980000,26.760000,26.840000,21.506990,36264200
2010-12-07,27.080000,27.129999,26.850000,26.870001,21.531036,57860500
2010-12-08,26.830000,27.240000,26.799999,27.230000,21.819502,41666800
2010-12-09,27.280001,27.340000,27.010000,27.080000,21.699305,47148300
2010-12-10,27.190001,27.400000,27.110001,27.340000,21.907644,37625800
2010-12-13,27.270000,27.450001,27.170000,27.250000,21.835524,47943900
2010-12-14,27.309999,27.750000,27.260000,27.620001,22.132013,64070500
2010-12-15,27.530001,27.990000,27.530001,27.850000,22.316315,69634200
2010-12-16,27.760000,27.990000,27.660000,27.990000,22.428497,57680200
2010-12-17,27.920000,28.090000,27.750000,27.900000,22.356382,87456500
2010-12-20,27.950001,27.990000,27.680000,27.809999,22.284258,52811000
2010-12-21,27.850000,28.139999,27.760000,28.070000,22.492596,38153000
2010-12-22,28.010000,28.400000,27.980000,28.190001,22.588747,42252300
2010-12-23,27.969999,28.320000,27.959999,28.299999,22.676893,24902500
2010-12-27,28.120001,28.200001,27.879999,28.070000,22.492596,21652800
2010-12-28,27.969999,28.170000,27.959999,28.010000,22.444517,23042200
2010-12-29,27.940001,28.120001,27.879999,27.969999,22.412468,19502500
2010-12-30,27.920000,28.000000,27.780001,27.850000,22.316315,20786100
2010-12-31,27.799999,27.920000,27.629999,27.910000,22.364389,24752000
2011-01-03,28.049999,28.180000,27.920000,27.980000,22.420481,53443800
2011-01-04,27.940001,28.170000,27.850000,28.090000,22.508627,54405600
2011-01-05,27.900000,28.010000,27.770000,28.000000,22.436506,58998700
2011-01-06,28.040001,28.850000,27.860001,28.820000,23.093576,88026300
2011-01-07,28.639999,28.740000,28.250000,28.600000,22.917286,73762000
2011-01-10,28.260000,28.400000,28.040001,28.219999,22.612789,57573600
2011-01-11,28.200001,28.250000,28.049999,28.110001,22.524651,50298900
2011-01-12,28.120001,28.590000,28.070000,28.549999,22.877232,52631100
2011-01-13,28.330000,28.389999,28.010000,28.190001,22.588747,67077600
2011-01-14,28.080000,28.379999,27.910000,28.299999,22.676893,62688400
2011-01-18,28.160000,28.740000,28.139999,28.660000,22.965368,53322700
2011-01-19,28.459999,28.680000,28.270000,28.469999,22.813116,50005900
2011-01-20,28.500000,28.549999,28.129999,28.350000,22.716965,58613600
2011-01-21,28.400000,28.430000,28.020000,28.020000,22.452536,58080300
2011-01-24,28.020000,28.559999,27.990000,28.379999,22.741009,52047800
2011-01-25,28.139999,28.450001,28.120001,28.450001,22.797100,42436600
2011-01-26,28.510000,28.990000,28.500000,28.780001,23.061527,74628800
2011-01-27,28.750000,29.459999,28.490000,28.870001,23.133642,146938600
2011-01-28,28.900000,28.930000,27.450001,27.750000,22.236176,141249400
2011-01-31,27.770000,27.900000,27.420000,27.730000,22.220154,65029000
2011-02-01,27.799999,28.059999,27.610001,27.990000,22.428497,62810700
2011-02-02,27.930000,28.110001,27.879999,27.940001,22.388426,45824000
2011-02-03,27.969999,27.969999,27.540001,27.650000,22.156050,60340100
2011-02-04,27.700001,27.840000,27.510000,27.770000,22.252207,40412200
2011-02-07,27.799999,28.340000,27.790001,28.200001,22.596769,68980900
2011-02-08,28.100000,28.340000,28.049999,28.280001,22.660870,34904200
2011-02-09,28.190001,28.260000,27.910000,27.969999,22.412468,52905100
2011-02-10,27.930000,27.940001,27.290001,27.500000,22.035860,76672400
2011-02-11,27.760000,27.809999,27.070000,27.250000,21.835524,83939700
2011-02-14,27.209999,27.270000,26.950001,27.230000,21.819502,56766200
2011-02-15,27.040001,27.330000,26.950001,26.959999,21.730837,44116500
2011-02-16,27.049999,27.070000,26.600000,27.020000,21.779205,70817900
2011-02-17,26.969999,27.370001,26.910000,27.209999,21.932344,57207300
2011-02-18,27.129999,27.209999,26.990000,27.059999,21.811447,68667800
2011-02-22,26.780001,27.100000,26.520000,26.590000,21.432606,60889000
2011-02-23,26.530001,26.860001,26.430000,26.590000,21.432606,60234100
2011-02-24,26.639999,27.059999,26.500000,26.770000,21.577696,64494200
2011-02-25,26.910000,26.950001,26.500000,26.549999,21.400364,53006300
2011-02-28,26.690001,26.860001,26.510000,26.580000,21.424541,51379900
2011-03-01,26.600000,26.780001,26.150000,26.160000,21.086014,60055000
2011-03-02,26.110001,26.370001,26.040001,26.080000,21.021526,48658200
2011-03-03,26.260000,26.400000,26.180000,26.200001,21.118246,68271500
2011-03-04,26.219999,26.240000,25.799999,25.950001,20.916739,70437200
2011-03-07,26.129999,26.270000,25.549999,25.719999,20.731350,64980400
2011-03-08,25.770000,26.020000,25.650000,25.910000,20.884501,50549800
2011-03-09,25.809999,25.980000,25.660000,25.889999,20.868376,39789100
2011-03-10,25.620001,25.709999,25.350000,25.410000,20.481478,66549500
2011-03-11,25.410000,25.850000,25.360001,25.680000,20.699104,49905800
2011-03-14,25.490000,25.760000,25.350000,25.690001,20.707170,54473400
2011-03-15,25.080000,25.469999,25.000000,25.389999,20.465359,76067300
2011-03-16,25.219999,25.280001,24.680000,24.790001,19.981733,100725400
2011-03-17,25.059999,25.219999,24.750000,24.780001,19.973677,62497000
2011-03-18,25.059999,25.180000,24.799999,24.799999,19.989790,85486700
2011-03-21,25.180000,25.580000,25.150000,25.330000,20.416998,46878100
2011-03-22,25.299999,25.459999,25.230000,25.299999,20.392807,30895600
2011-03-23,25.230000,25.610001,25.180000,25.540001,20.586264,43969000
2011-03-24,25.600000,25.870001,25.500000,25.809999,20.803892,38696700
2011-03-25,25.930000,25.950001,25.590000,25.620001,20.650736,57029800
2011-03-28,25.660000,25.719999,25.379999,25.410000,20.481478,48973200
2011-03-29,25.340000,25.520000,25.299999,25.490000,20.545959,40763500
2011-03-30,25.600000,25.719999,25.500000,25.610001,20.642685,41999300
2011-03-31,25.600000,25.680000,25.340000,25.389999,20.465359,63233700
2011-04-01,25.530001,25.530001,25.309999,25.480000,20.537905,63114200
2011-04-04,25.450001,25.660000,25.410000,25.549999,20.594320,35433700
2011-04-05,25.820000,26.180000,25.740000,25.780001,20.779713,73651100
2011-04-06,25.980000,26.309999,25.860001,26.150000,21.077948,65581400
2011-04-07,26.190001,26.260000,25.969999,26.200001,21.118246,46134700
2011-04-08,26.170000,26.280001,25.959999,26.070000,21.013464,39887600
2011-04-11,26.190001,26.250000,25.799999,25.980000,20.940916,34286300
2011-04-12,25.830000,25.850000,25.549999,25.639999,20.666864,36920400
2011-04-13,25.650000,25.870001,25.559999,25.629999,20.658812,38144700
2011-04-14,25.420000,25.440001,25.090000,25.420000,20.489534,55239900
2011-04-15,25.459999,25.559999,25.180000,25.370001,20.449234,65080400
2011-04-18,25.100000,25.280001,24.719999,25.080000,20.215485,58045100
2011-04-19,25.000000,25.170000,24.870001,25.150000,20.271904,38892400
2011-04-20,25.540001,26.000000,25.510000,25.760000,20.763597,61608600
2011-04-21,25.790001,25.889999,25.360001,25.520000,20.570143,46892300
2011-04-25,25.559999,25.620001,25.340000,25.610001,20.642685,33525100
2011-04-26,25.740000,26.440001,25.670000,26.190001,21.110191,69200000
2011-04-27,26.299999,26.389999,26.129999,26.379999,21.263332,52689000
2011-04-28,26.459999,26.870001,26.400000,26.709999,21.529331,80200000
2011-04-29,26.549999,26.639999,25.360001,25.920000,20.892557,319317900
2011-05-02,25.940001,26.000000,25.480000,25.660000,20.682985,89825600
2011-05-03,25.600000,25.850000,25.490000,25.809999,20.803892,71892900
2011-05-04,25.850000,26.250000,25.790001,26.059999,21.005402,73292300
2011-05-05,26.049999,26.080000,25.680000,25.790001,20.787769,55600000
2011-05-06,26.070000,26.219999,25.750000,25.870001,20.852259,55993000
2011-05-09,25.799999,25.959999,25.670000,25.830000,20.820017,38696400
2011-05-10,25.379999,25.850000,25.250000,25.670000,20.691044,120798700
2011-05-11,25.650000,25.660000,25.209999,25.360001,20.441177,78600000
2011-05-12,25.350000,25.389999,25.100000,25.320000,20.408932,77400000
2011-05-13,25.280001,25.320000,24.950001,25.030001,20.175180,66812300
2011-05-16,24.959999,25.070000,24.500000,24.570000,19.804398,91350900
2011-05-17,24.400000,24.700001,24.270000,24.520000,19.893644,82882100
2011-05-18,24.530001,24.740000,24.250000,24.690001,20.031574,53931100
2011-05-19,24.850000,24.879999,24.500000,24.719999,20.055910,37783600
2011-05-20,24.719999,24.870001,24.440001,24.490000,19.869310,45451500
2011-05-23,24.209999,24.250000,24.030001,24.170000,19.609684,52692500
2011-05-24,24.200001,24.290001,24.040001,24.150000,19.593454,47691800
2011-05-25,24.170000,24.309999,24.160000,24.190001,19.625914,34904200
2011-05-26,24.350000,25.030001,24.320000,24.670000,20.015343,78016600
2011-05-27,24.680000,24.900000,24.650000,24.760000,20.088367,50251000
2011-05-31,24.959999,25.059999,24.700001,25.010000,20.291193,60196300
2011-06-01,24.990000,25.100000,24.370001,24.430000,19.820629,74033500
2011-06-02,24.490000,24.650000,24.180000,24.219999,19.650249,51487800
2011-06-03,24.049999,24.139999,23.840000,23.910000,19.398743,60697700
2011-06-06,23.889999,24.250000,23.770000,24.010000,19.479870,54778700
2011-06-07,24.090000,24.170000,23.900000,24.059999,19.520443,41112600
2011-06-08,23.900000,24.020000,23.860001,23.940001,19.423079,42205000
2011-06-09,24.010000,24.040001,23.820000,23.959999,19.439304,42878700
2011-06-10,24.020000,24.020000,23.690001,23.709999,19.236477,49327200
2011-06-13,23.790001,24.190001,23.700001,24.040001,19.504213,47572500
2011-06-14,24.299999,24.450001,24.190001,24.219999,19.650249,42894500
2011-06-15,24.000000,24.010000,23.670000,23.740000,19.260817,49410200
2011-06-16,23.750000,24.100000,23.650000,24.000000,19.471766,57184100
2011-06-17,24.219999,24.299999,23.980000,24.260000,19.682701,83320400
2011-06-20,24.170000,24.660000,24.160000,24.469999,19.853083,54338400
2011-06-21,24.520000,24.860001,24.400000,24.760000,20.088367,49708700
2011-06-22,24.600000,24.809999,24.590000,24.650000,19.999117,44287300
2011-06-23,24.440001,24.650000,24.200001,24.629999,19.982889,59470400
2011-06-24,24.510000,24.540001,24.190001,24.299999,19.715157,101387200
2011-06-27,24.230000,25.459999,24.230000,25.200001,20.445349,92044200
2011-06-28,25.299999,25.920000,25.160000,25.799999,20.932148,81032100
2011-06-29,25.709999,25.709999,25.360001,25.620001,20.786104,66051000
2011-06-30,25.740000,26.000000,25.660000,26.000000,21.094410,52535400
2011-07-01,25.930000,26.170000,25.840000,26.020000,21.110630,52906200
2011-07-05,26.100000,26.150000,25.900000,26.030001,21.118748,37805300
2011-07-06,25.969999,26.370001,25.959999,26.330000,21.362141,48744200
2011-07-07,26.490000,26.879999,26.360001,26.770000,21.719128,51946500
2011-07-08,26.540001,26.980000,26.510000,26.920000,21.840824,58320700
2011-07-11,26.620001,26.799999,26.490000,26.629999,21.605539,43999800
2011-07-12,26.549999,26.790001,26.340000,26.540001,21.532520,47319300
2011-07-13,26.600000,26.959999,26.510000,26.629999,21.605539,40861800
2011-07-14,26.620001,27.010000,26.360001,26.469999,21.475725,46382300
2011-07-15,26.469999,26.930000,26.469999,26.780001,21.727243,49132400
2011-07-18,26.629999,26.900000,26.260000,26.590000,21.573088,44501900
2011-07-19,26.809999,27.639999,26.780001,27.540001,22.343842,86730600
2011-07-20,27.280001,27.350000,26.980000,27.059999,21.954414,49795400
2011-07-21,27.040001,27.309999,26.650000,27.100000,21.986864,81737400
2011-07-22,26.860001,27.549999,26.680000,27.530001,22.335728,76380600
2011-07-25,27.260000,28.090000,27.190001,27.910000,22.644032,108482400
2011-07-26,27.820000,28.150000,27.780001,28.080000,22.781961,74636500
2011-07-27,27.879999,27.990000,27.200001,27.330000,22.173468,71488700
2011-07-28,27.290001,28.070000,27.209999,27.719999,22.489880,83761400
2011-07-29,27.520000,27.709999,27.260000,27.400000,22.230259,104394800
2011-08-01,27.510000,27.690001,26.750000,27.270000,22.124784,61838400
2011-08-02,26.980000,27.450001,26.760000,26.799999,21.743464,63883100
2011-08-03,26.830000,27.000000,26.480000,26.920000,21.840824,64581200
2011-08-04,26.530001,26.870001,25.930000,25.940001,21.045725,92949500
2011-08-05,25.969999,26.100000,25.230000,25.680000,20.834785,112071700
2011-08-08,25.020000,25.600000,24.389999,24.480000,19.861189,134257200
2011-08-09,24.709999,25.620001,24.030001,25.580000,20.753649,126268900
2011-08-10,24.950001,25.090000,24.100000,24.200001,19.634022,127819900
2011-08-11,24.500000,25.379999,24.400000,25.190001,20.437237,90690100
2011-08-12,25.129999,25.340000,24.650000,25.100000,20.364218,64787100
2011-08-15,25.240000,25.580000,25.150000,25.510000,20.696854,56529400
2011-08-16,25.219999,25.590000,25.049999,25.350000,20.696856,54251500
2011-08-17,25.250000,25.700001,24.930000,25.250000,20.615215,50923700
2011-08-18,24.570000,25.090000,24.030001,24.670000,20.141672,105714200
2011-08-19,24.410000,24.620001,23.910000,24.049999,19.635481,77397900
2011-08-22,24.420000,24.490000,23.790001,23.980000,19.578331,54721000
2011-08-23,24.030001,24.750000,24.030001,24.719999,20.182499,59670600
2011-08-24,24.650000,24.930000,24.420000,24.900000,20.329462,45329700
2011-08-25,25.080000,25.160000,24.500000,24.570000,20.060028,48192000
2011-08-26,24.510000,25.340000,24.420000,25.250000,20.615215,71957000
2011-08-29,25.530001,25.860001,25.370001,25.840000,21.096916,38863200
2011-08-30,25.730000,26.430000,25.700001,26.230000,21.415331,57341400
2011-08-31,26.290001,26.709999,26.260000,26.600000,21.717421,59300800
2011-09-01,26.459999,26.860001,26.209999,26.209999,21.399008,60510800
2011-09-02,25.780001,26.000000,25.660000,25.799999,21.064260,43894400
2011-09-06,25.200001,25.590000,25.110001,25.510000,20.827490,54929300
2011-09-07,25.690001,26.000000,25.570000,26.000000,21.227549,41961000
2011-09-08,26.000000,26.660000,25.950001,26.219999,21.407167,65811900
2011-09-09,26.000000,26.180000,25.500000,25.740000,21.015270,64529200
2011-09-12,25.440001,25.930000,25.270000,25.889999,21.137737,55046100
2011-09-13,25.920000,26.190001,25.809999,26.040001,21.260210,48792300
2011-09-14,26.170000,26.799999,25.889999,26.500000,21.635773,66739200
2011-09-15,26.730000,27.030001,26.309999,26.990000,22.035824,67808300
2011-09-16,27.049999,27.270000,26.830000,27.120001,22.141970,89681500
2011-09-19,26.799999,27.309999,26.600000,27.209999,22.215443,52324900
2011-09-20,27.309999,27.500000,26.930000,26.980000,22.027664,49211900
2011-09-21,27.049999,27.059999,25.969999,25.990000,21.219385,72750700
2011-09-22,25.299999,25.650000,24.600000,25.059999,20.460089,96278300
2011-09-23,24.900000,25.150000,24.690001,25.059999,20.460089,64768100
2011-09-26,25.190001,25.520000,24.730000,25.440001,20.770340,51057600
2011-09-27,25.660000,25.920000,25.450001,25.670000,20.958122,55620700
2011-09-28,25.930000,26.370001,25.510000,25.580000,20.884640,60736200
2011-09-29,25.980000,26.170000,25.090000,25.450001,20.778509,63407300
2011-09-30,25.200001,25.500000,24.879999,24.889999,20.321293,54060500
2011-10-03,24.719999,25.340000,24.520000,24.530001,20.027370,64592500
2011-10-04,24.299999,25.389999,24.260000,25.340000,20.688694,83485400
2011-10-05,25.420000,26.160000,25.160000,25.889999,21.137737,94061300
2011-10-06,25.900000,26.400000,25.700001,26.340000,21.505136,55111400
2011-10-07,26.340000,26.510000,26.200001,26.250000,21.431660,52741600
2011-10-10,26.580000,26.969999,26.469999,26.940001,21.995007,41815300
2011-10-11,26.860001,27.070000,26.719999,27.000000,22.043989,38826200
2011-10-12,27.180000,27.309999,26.900000,26.959999,22.011335,52489800
2011-10-13,26.760000,27.200001,26.620001,27.180000,22.190956,43823500
2011-10-14,27.309999,27.500000,27.020000,27.270000,22.264431,50947700
2011-10-17,27.110001,27.420000,26.850000,26.980000,22.027664,39453300
2011-10-18,26.940001,27.400000,26.799999,27.309999,22.297091,52487900
2011-10-19,27.370001,27.469999,27.010000,27.129999,22.150127,42880000
2011-10-20,27.260000,27.340000,26.400000,27.040001,22.076645,76300200
2011-10-21,27.150000,27.190001,26.799999,27.160000,22.174618,76620600
2011-10-24,27.059999,27.400000,27.040001,27.190001,22.199118,56897800
2011-10-25,27.080000,27.230000,26.719999,26.809999,21.888870,53554600
2011-10-26,27.030001,27.059999,26.100000,26.590000,21.709251,63029900
2011-10-27,27.129999,27.400000,26.650000,27.250000,22.248100,74512400
2011-10-28,27.139999,27.190001,26.790001,26.980000,22.027664,57712100
2011-10-31,26.760000,27.000000,26.620001,26.629999,21.741907,46799000
2011-11-01,26.190001,26.320000,25.860001,25.990000,21.219385,61182600
2011-11-02,26.100000,26.200001,25.700001,26.010000,21.235708,53533100
2011-11-03,26.240000,26.590000,25.980000,26.530001,21.660263,65836100
2011-11-04,26.379999,26.400000,26.000000,26.250000,21.431660,36549200
2011-11-07,26.209999,26.820000,26.129999,26.799999,21.880701,42589700
2011-11-08,27.010000,27.200001,26.690001,27.160000,22.174618,47822500
2011-11-09,26.590000,26.750000,26.059999,26.200001,21.390833,62950900
2011-11-10,26.469999,26.500000,26.120001,26.280001,21.456152,32514400
2011-11-11,26.580000,27.080000,26.570000,26.910000,21.970516,37903000
2011-11-14,26.879999,27.000000,26.650000,26.760000,21.848043,34199200
2011-11-15,26.559999,26.940001,26.400000,26.740000,21.996113,43874200
2011-11-16,26.469999,26.510000,26.040001,26.070000,21.444971,53262800
2011-11-17,26.010000,26.040001,25.440001,25.540001,21.009005,70977500
2011-11-18,25.480000,25.500000,25.150000,25.299999,20.811577,47626200
2011-11-21,25.240000,25.250000,24.900000,25.000000,20.564804,61882500
2011-11-22,24.889999,24.959999,24.650000,24.790001,20.392059,49204500
2011-11-23,24.610001,24.790001,24.469999,24.469999,20.128826,49099700
2011-11-25,24.379999,24.670000,24.299999,24.299999,19.988991,26164600
2011-11-28,24.940001,24.969999,24.690001,24.870001,20.457865,46766700
2011-11-29,24.820000,25.040001,24.750000,24.840000,20.433186,40917100
2011-11-30,25.370001,25.590000,25.139999,25.580000,21.041897,81350900
2011-12-01,25.559999,25.629999,25.200001,25.280001,20.795128,48545400
2011-12-02,25.590000,25.620001,25.160000,25.219999,20.745777,52293800
2011-12-05,25.780001,25.799999,25.500000,25.700001,21.140617,56818400
2011-12-06,25.809999,25.870001,25.610001,25.660000,21.107710,46175300
2011-12-07,25.670000,25.760000,25.340000,25.600000,21.058357,62667000
2011-12-08,25.480000,25.719999,25.370001,25.400000,20.893841,60522200
2011-12-09,25.520000,25.870001,25.500000,25.700001,21.140617,53788500
2011-12-12,25.410000,25.570000,25.290001,25.510000,20.984324,38945900
2011-12-13,25.750000,26.100000,25.650000,25.760000,21.189974,54581100
2011-12-14,25.719999,25.860001,25.570000,25.590000,21.050135,47926400
2011-12-15,25.719999,25.879999,25.540001,25.559999,21.025452,46213900
2011-12-16,25.670000,26.170000,25.629999,26.000000,21.387392,101408100
2011-12-19,26.020000,26.120001,25.459999,25.530001,21.000771,52258300
2011-12-20,25.860001,26.100000,25.809999,26.030001,21.412075,60767600
2011-12-21,26.010000,26.190001,25.440001,25.760000,21.189974,64132500
2011-12-22,25.820000,25.860001,25.480000,25.809999,21.231102,35794100
2011-12-23,25.910000,26.040001,25.730000,26.030001,21.412075,23205800
2011-12-27,25.959999,26.139999,25.930000,26.040001,21.420301,21287200
2011-12-28,26.110001,26.150000,25.760000,25.820000,21.239328,29822500
2011-12-29,25.950001,26.049999,25.860001,26.020000,21.403845,22616900
2011-12-30,26.000000,26.120001,25.910000,25.959999,21.354488,27395700
2012-01-03,26.549999,26.959999,26.389999,26.770000,22.020796,64731500
2012-01-04,26.820000,27.469999,26.780001,27.400000,22.539021,80516100
2012-01-05,27.379999,27.730000,27.290001,27.680000,22.769344,56081400
2012-01-06,27.530001,28.190001,27.530001,28.110001,23.123066,99455500
2012-01-09,28.049999,28.100000,27.719999,27.740000,22.818701,59706800
2012-01-10,27.930000,28.150000,27.750000,27.840000,22.900967,60014400
2012-01-11,27.430000,27.980000,27.370001,27.719999,22.802252,65582400
2012-01-12,27.870001,28.020000,27.650000,28.000000,23.032576,49370800
2012-01-13,27.930000,28.250000,27.790001,28.250000,23.238224,60196100
2012-01-17,28.400000,28.650000,28.170000,28.260000,23.246450,72395300
2012-01-18,28.309999,28.400000,27.969999,28.230000,23.221771,64860600
2012-01-19,28.160000,28.440001,28.030001,28.120001,23.131289,74053500
2012-01-20,28.820000,29.740000,28.750000,29.709999,24.439213,165902900
2012-01-23,29.549999,29.950001,29.350000,29.730000,24.455660,76078100
2012-01-24,29.469999,29.570000,29.180000,29.340000,24.134850,51703300
2012-01-25,29.070000,29.650000,29.070000,29.559999,24.315825,59231700
2012-01-26,29.610001,29.700001,29.400000,29.500000,24.266466,49102800
2012-01-27,29.450001,29.530001,29.170000,29.230000,24.044367,44187700
2012-01-30,28.969999,29.620001,28.830000,29.610001,24.356953,51114800
2012-01-31,29.660000,29.700001,29.230000,29.530001,24.291142,50572400
2012-02-01,29.790001,30.049999,29.760000,29.889999,24.587280,67409900
2012-02-02,29.900000,30.170000,29.709999,29.950001,24.636635,52223300
2012-02-03,30.139999,30.400000,30.090000,30.240000,24.875191,41838500
2012-02-06,30.040001,30.219999,29.969999,30.200001,24.842279,28039700
2012-02-07,30.150000,30.490000,30.049999,30.350000,24.965668,39242400
2012-02-08,30.260000,30.670000,30.219999,30.660000,25.220673,49659100
2012-02-09,30.680000,30.799999,30.480000,30.770000,25.311155,50481600
2012-02-10,30.639999,30.799999,30.360001,30.500000,25.089060,44605300
2012-02-13,30.629999,30.770000,30.430000,30.580000,25.154863,33319800
2012-02-14,30.330000,30.459999,29.850000,30.250000,25.047222,59644000
2012-02-15,30.330000,30.389999,30.030001,30.049999,24.881622,43311300
2012-02-16,30.309999,31.549999,30.299999,31.290001,25.908352,94705100
2012-02-17,31.200001,31.320000,30.950001,31.250000,25.875235,70036500
2012-02-21,31.180000,31.610001,31.150000,31.440001,26.032551,50829900
2012-02-22,31.450001,31.680000,31.180000,31.270000,25.891792,49253200
2012-02-23,31.200001,31.590000,31.000000,31.370001,25.974592,35034700
2012-02-24,31.480000,31.500000,31.240000,31.480000,26.065668,35575400
2012-02-27,31.240000,31.500000,31.100000,31.350000,25.958031,34568400
2012-02-28,31.410000,31.930000,31.379999,31.870001,26.388596,45230600
2012-02-29,31.889999,32.000000,31.610001,31.740000,26.280954,59323600
2012-03-01,31.930000,32.389999,31.850000,32.290001,26.736357,77344100
2012-03-02,32.310001,32.439999,32.000000,32.080002,26.562479,47314200
2012-03-05,32.009998,32.049999,31.620001,31.799999,26.330631,45240000
2012-03-06,31.540001,31.980000,31.490000,31.559999,26.131912,51932900
2012-03-07,31.670000,31.920000,31.530001,31.840000,26.363760,34340400
2012-03-08,32.040001,32.209999,31.900000,32.009998,26.504519,36747400
2012-03-09,32.099998,32.160000,31.920000,31.990000,26.487959,34628400
2012-03-12,31.969999,32.200001,31.820000,32.040001,26.529362,34073600
2012-03-13,32.240002,32.689999,32.150002,32.669998,27.051001,48951700
2012-03-14,32.529999,32.880001,32.490002,32.770000,27.133808,41986900
2012-03-15,32.790001,32.939999,32.580002,32.849998,27.200039,49068300
2012-03-16,32.910000,32.950001,32.500000,32.599998,26.993040,65626400
2012-03-19,32.540001,32.610001,32.150002,32.200001,26.661844,44789200
2012-03-20,32.099998,32.150002,31.740000,31.990000,26.487959,41566800
2012-03-21,31.959999,32.150002,31.820000,31.910000,26.421713,37928600
2012-03-22,31.809999,32.090000,31.790001,32.000000,26.496241,31749500
2012-03-23,32.099998,32.110001,31.719999,32.009998,26.504519,35912200
2012-03-26,32.189999,32.610001,32.150002,32.590000,26.984766,36758300
2012-03-27,32.650002,32.700001,32.400002,32.520000,26.926798,36274900
2012-03-28,32.520000,32.700001,32.040001,32.189999,26.653559,41344800
2012-03-29,32.060001,32.189999,31.809999,32.119999,26.595600,37038500
2012-03-30,32.400002,32.410000,32.040001,32.259998,26.711521,31749400
2012-04-02,32.220001,32.459999,31.950001,32.290001,26.736357,35853600
2012-04-03,32.160000,32.189999,31.660000,31.940001,26.446560,42752100
2012-04-04,31.660000,31.690001,31.049999,31.209999,25.842106,49455900
2012-04-05,31.150000,31.629999,31.049999,31.520000,26.098789,50368600
2012-04-09,31.219999,31.400000,30.969999,31.100000,25.751032,31056400
2012-04-10,31.059999,31.190001,30.299999,30.469999,25.229387,54131300
2012-04-11,30.430000,30.530001,30.230000,30.350000,25.130032,43014000
2012-04-12,30.480000,31.040001,30.420000,30.980000,25.651670,38304000
2012-04-13,30.889999,31.160000,30.719999,30.809999,25.510906,39749200
2012-04-16,30.990000,31.190001,30.770000,31.080000,25.734476,38124800
2012-04-17,31.270000,31.610001,31.200001,31.440001,26.032551,34361500
2012-04-18,31.280001,31.309999,31.040001,31.139999,25.784149,40552900
2012-04-19,31.129999,31.680000,30.940001,31.010000,25.676514,54781200
2012-04-20,32.150002,32.889999,32.049999,32.419998,26.844006,106045000
2012-04-23,32.310001,32.500000,32.029999,32.119999,26.595600,61398200
2012-04-24,32.209999,32.520000,31.830000,31.920000,26.429993,40871100
2012-04-25,31.920000,32.320000,31.870001,32.200001,26.661844,62495500
2012-04-26,32.119999,32.230000,31.920000,32.110001,26.587317,40308100
2012-04-27,32.119999,32.220001,31.879999,31.980000,26.479673,41419100
2012-04-30,31.980000,32.110001,31.920000,32.020000,26.512798,35697200
2012-05-01,32.049999,32.340000,31.950001,32.009998,26.504519,43832300
2012-05-02,31.850000,31.930000,31.639999,31.799999,26.330631,37385300
2012-05-03,31.879999,31.900000,31.610001,31.760000,26.297516,31501300
2012-05-04,31.450001,31.570000,30.920000,30.980000,25.651670,57927200
2012-05-07,30.700001,30.860001,30.570000,30.650000,25.378426,48641400
2012-05-08,30.480000,30.780001,30.170000,30.500000,25.254229,46328300
2012-05-09,30.190001,30.830000,30.100000,30.760000,25.469513,50309300
2012-05-10,30.860001,31.020000,30.450001,30.740000,25.452951,43839200
2012-05-11,30.690001,31.540001,30.690001,31.160000,25.800713,43459300
2012-05-14,30.820000,31.040001,30.639999,30.680000,25.403267,40528900
2012-05-15,30.639999,30.799999,30.150000,30.209999,25.178238,61822800
2012-05-16,30.309999,30.320000,29.740000,29.900000,24.919872,60083700
2012-05-17,29.990000,30.209999,29.709999,29.719999,24.769852,48484000
2012-05-18,29.790001,29.809999,29.170000,29.270000,24.394806,56205300
2012-05-21,29.100000,29.790001,29.059999,29.750000,24.794863,38787900
2012-05-22,29.690001,29.879999,29.500000,29.760000,24.803186,39504900
2012-05-23,29.350000,29.400000,28.639999,29.110001,24.261457,65171000
2012-05-24,29.160000,29.299999,28.760000,29.070000,24.228115,52575000
2012-05-25,29.200001,29.360001,29.010000,29.059999,24.219776,29507200
2012-05-29,29.379999,29.719999,29.219999,29.559999,24.636501,37758800
2012-05-30,29.350000,29.480000,29.120001,29.340000,24.453144,41585500
2012-05-31,29.299999,29.420000,28.940001,29.190001,24.328133,39134000
2012-06-01,28.760000,28.959999,28.440001,28.450001,23.711386,56634300
2012-06-04,28.620001,28.780001,28.320000,28.549999,23.794737,47926300
2012-06-05,28.510000,28.750000,28.389999,28.510000,23.761393,45715400
2012-06-06,28.879999,29.370001,28.809999,29.350000,24.461477,46860500
2012-06-07,29.639999,29.700001,29.170000,29.230000,24.361462,37792800
2012-06-08,29.209999,29.680000,29.049999,29.650000,24.711512,42551100
2012-06-11,29.730000,29.809999,28.820000,28.900000,24.086430,46361900
2012-06-12,29.100000,29.299999,28.840000,29.290001,24.411472,35337900
2012-06-13,29.219999,29.440001,29.049999,29.129999,24.278118,32984600
2012-06-14,29.330000,29.459999,28.879999,29.340000,24.453144,39458900
2012-06-15,29.590000,30.080000,29.490000,30.020000,25.019886,62314400
2012-06-18,29.990000,30.030001,29.709999,29.840000,24.869865,58679900
2012-06-19,30.190001,31.110001,30.049999,30.700001,25.586628,75725800
2012-06-20,30.930000,31.049999,30.639999,30.930000,25.778318,36257100
2012-06-21,30.959999,31.139999,30.059999,30.139999,25.119900,48456600
2012-06-22,30.299999,30.730000,30.030001,30.700001,25.586628,45098100
2012-06-25,30.299999,30.320000,29.620001,29.870001,24.894865,42217200
2012-06-26,30.000000,30.270000,29.940001,30.020000,25.019886,38421300
2012-06-27,30.190001,30.500000,30.030001,30.170000,25.144907,33781700
2012-06-28,29.980000,30.049999,29.420000,29.910000,24.928211,45328400
2012-06-29,30.450001,30.690001,30.139999,30.590000,25.494946,55227200
2012-07-02,30.620001,30.620001,30.209999,30.559999,25.469946,30589100
2012-07-03,30.230000,30.760000,30.170000,30.760000,25.636631,20938100
2012-07-05,30.590000,30.780001,30.379999,30.700001,25.586628,28801900
2012-07-06,30.610001,30.700001,29.950001,30.190001,25.161566,38294800
2012-07-09,30.120001,30.230000,29.780001,30.000000,25.003218,30680800
2012-07-10,30.080000,30.219999,29.510000,29.740000,24.786518,37534100
2012-07-11,29.709999,29.740000,29.110001,29.299999,24.419807,39184900
2012-07-12,29.150000,29.180000,28.540001,28.629999,23.861404,63523600
2012-07-13,28.760000,29.480000,28.719999,29.389999,24.494820,39085000
2012-07-16,29.480000,29.530001,29.040001,29.440001,24.536497,27900600
2012-07-17,29.639999,29.860001,29.200001,29.660000,24.719845,33771300
2012-07-18,29.600000,30.450001,29.459999,30.450001,25.378258,41090400
2012-07-19,30.510000,30.799999,30.379999,30.670000,25.561623,46663200
2012-07-20,31.000000,31.049999,30.049999,30.120001,25.103233,64021700
2012-07-23,29.570000,29.580000,29.010000,29.280001,24.403141,55151900
2012-07-24,29.240000,29.360001,28.900000,29.150000,24.294792,47723300
2012-07-25,29.240000,29.330000,28.780001,28.830000,24.028091,45579500
2012-07-26,29.230000,29.500000,29.090000,29.160000,24.303120,45301400
2012-07-27,29.480000,29.850000,29.180000,29.760000,24.803186,44242600
2012-07-30,29.750000,29.820000,29.459999,29.639999,24.703178,28905000
2012-07-31,29.480000,29.709999,29.330000,29.469999,24.561493,37620900
2012-08-01,29.590000,29.650000,29.209999,29.410000,24.511488,31721800
2012-08-02,29.209999,29.530001,28.969999,29.190001,24.328133,39520500
2012-08-03,29.530001,29.940001,29.480000,29.750000,24.794863,35859400
2012-08-06,30.000000,30.110001,29.809999,29.950001,24.961546,27471800
2012-08-07,30.070000,30.350000,29.870001,30.260000,25.219912,28002900
2012-08-08,30.209999,30.469999,30.110001,30.330000,25.278255,26257600
2012-08-09,30.389999,30.650000,30.299999,30.500000,25.419937,24920800
2012-08-10,30.500000,30.620001,30.250000,30.420000,25.353266,27810300
2012-08-13,30.350000,30.459999,30.160000,30.389999,25.328255,23049100
2012-08-14,30.299999,30.389999,30.010000,30.129999,25.277922,34551400
2012-08-15,30.110001,30.280001,30.020000,30.200001,25.336651,24351000
2012-08-16,30.360001,30.940001,30.260000,30.780001,25.823250,35787200
2012-08-17,30.920000,30.920000,30.590000,30.900000,25.923918,32589900
2012-08-20,30.820000,30.850000,30.580000,30.740000,25.789690,23737700
2012-08-21,30.760000,30.959999,30.610001,30.799999,25.840017,28822700
2012-08-22,30.590000,30.760000,30.469999,30.540001,25.621893,33437400
2012-08-23,30.389999,30.400000,30.080000,30.260000,25.386988,28355600
2012-08-24,30.250000,30.629999,30.180000,30.559999,25.638676,22943300
2012-08-27,30.930000,30.959999,30.590000,30.690001,25.747744,34691100
2012-08-28,30.700001,30.799999,30.520000,30.629999,25.697403,23947900
2012-08-29,30.650000,30.750000,30.440001,30.650000,25.714178,23346800
2012-08-30,30.530001,30.610001,30.219999,30.320000,25.437325,23982100
2012-08-31,30.600000,30.959999,30.379999,30.820000,25.856806,36590100
2012-09-04,30.450001,30.660000,30.150000,30.389999,25.496048,48556700
2012-09-05,30.219999,30.530001,30.209999,30.389999,25.496048,33650000
2012-09-06,30.500000,31.360001,30.459999,31.350000,26.301453,48371700
2012-09-07,31.040001,31.070000,30.730000,30.950001,25.965872,42649100
2012-09-10,30.830000,30.900000,30.510000,30.719999,25.772911,40524000
2012-09-11,30.690001,30.910000,30.610001,30.790001,25.831635,25191800
2012-09-12,30.940001,31.180000,30.730000,30.780001,25.823250,32775800
2012-09-13,30.889999,31.180000,30.400000,30.940001,25.957478,45047300
2012-09-14,31.010000,31.250000,30.809999,31.209999,26.183994,51422800
2012-09-17,31.190001,31.260000,31.040001,31.209999,26.183994,36488500
2012-09-18,31.100000,31.209999,31.030001,31.180000,26.158833,34542700
2012-09-19,31.090000,31.190001,31.040001,31.049999,26.049767,48871900
2012-09-20,30.950001,31.480000,30.910000,31.450001,26.385347,45543000
2012-09-21,31.430000,31.610001,31.090000,31.190001,26.167223,102348900
2012-09-24,31.000000,31.070000,30.639999,30.780001,25.823250,46825900
2012-09-25,30.950001,31.000000,30.360001,30.389999,25.496048,54266400
2012-09-26,30.280001,30.600000,30.040001,30.170000,25.311481,54672000
2012-09-27,30.170000,30.400000,29.889999,30.160000,25.303083,47129900
2012-09-28,30.180000,30.260000,29.740000,29.760000,24.967503,54229300
2012-10-01,29.809999,29.980000,29.420000,29.490000,24.740990,54042700
2012-10-02,29.680000,29.889999,29.500000,29.660000,24.883606,43338900
2012-10-03,29.750000,29.990000,29.670000,29.860001,25.051405,46655900
2012-10-04,29.969999,30.030001,29.570000,30.030001,25.194025,43634900
2012-10-05,30.230000,30.250000,29.740000,29.850000,25.043016,41133900
2012-10-08,29.639999,29.920000,29.549999,29.780001,24.984283,29752000
2012-10-09,29.680000,29.740000,29.180000,29.280001,24.564806,45121100
2012-10-10,29.150000,29.309999,28.950001,28.980000,24.313116,47227100
2012-10-11,29.219999,29.250000,28.870001,28.950001,24.287947,41488500
2012-10-12,28.969999,29.320000,28.799999,29.200001,24.497686,46464700
2012-10-15,29.370001,29.719999,29.250000,29.510000,24.757767,42440200
2012-10-16,29.450001,29.740000,29.320000,29.490000,24.740990,47739400
2012-10-17,29.299999,29.639999,29.090000,29.590000,24.824881,44206100
2012-10-18,29.650000,29.730000,29.260000,29.500000,24.749372,59238500
2012-10-19,29.049999,29.080000,28.500000,28.639999,24.027864,90470800
2012-10-22,28.730000,28.830000,27.830000,28.000000,23.490931,83374000
2012-10-23,27.770000,28.200001,27.760000,28.049999,23.532881,64414800
2012-10-24,28.160000,28.200001,27.870001,27.900000,23.407034,53320400
2012-10-25,28.190001,28.200001,27.860001,27.879999,23.390259,54084300
2012-10-26,27.860001,28.340000,27.840000,28.209999,23.667114,57790000
2012-10-31,28.549999,28.879999,28.500000,28.540001,23.943966,69464100
2012-11-01,28.840000,29.559999,28.820000,29.520000,24.766155,72047900
2012-11-02,29.590000,29.770000,29.330000,29.500000,24.749372,57131600
2012-11-05,29.620001,29.740000,29.330000,29.629999,24.858438,38070800
2012-11-06,29.820000,30.200001,29.610001,29.860001,25.051405,43401500
2012-11-07,29.530001,29.830000,29.049999,29.080000,24.397015,57871800
2012-11-08,29.120001,29.370001,28.799999,28.809999,24.170494,49841800
2012-11-09,28.879999,29.190001,28.809999,28.830000,24.187271,43291200
2012-11-12,28.940001,29.010000,28.209999,28.219999,23.675497,61112300
2012-11-13,27.020000,27.299999,26.750000,27.090000,22.914236,131689200
2012-11-14,27.240000,27.290001,26.799999,26.840000,22.702770,76086100
2012-11-15,26.879999,26.969999,26.629999,26.660000,22.550512,50955600
2012-11-16,26.670000,26.700001,26.340000,26.520000,22.432096,64083300
2012-11-19,26.799999,26.799999,26.469999,26.730000,22.609722,57179300
2012-11-20,26.760000,26.799999,26.459999,26.709999,22.592806,47070400
2012-11-21,26.709999,27.170000,26.670000,26.950001,22.795815,66360300
2012-11-23,27.230000,27.770000,27.200001,27.700001,23.430204,57845700
2012-11-26,27.540001,27.580000,27.170000,27.389999,23.167992,85198700
2012-11-27,27.360001,27.379999,27.040001,27.080000,22.905779,45018600
2012-11-28,27.010000,27.389999,26.770000,27.360001,23.142616,53018400
2012-11-29,27.110001,27.360001,26.860001,26.950001,22.795815,69551400
2012-11-30,27.049999,27.129999,26.490000,26.620001,22.516682,83690200
2012-12-03,26.780001,26.820000,26.400000,26.430000,22.355965,53173800
2012-12-04,26.500000,26.629999,26.340000,26.370001,22.305218,49777500
2012-12-05,26.379999,26.930000,26.260000,26.670000,22.558968,68283800
2012-12-06,26.809999,26.980000,26.610001,26.730000,22.609722,39182300
2012-12-07,26.820000,26.820000,26.370001,26.459999,22.381344,46162100
2012-12-10,26.559999,26.969999,26.520000,26.940001,22.787354,47031100
2012-12-11,27.049999,27.490000,27.049999,27.320000,23.108782,52282800
2012-12-12,27.530001,27.620001,27.080000,27.240000,23.041113,43966300
2012-12-13,27.320000,27.520000,26.950001,27.110001,22.931149,45080100
2012-12-14,27.110001,27.129999,26.700001,26.809999,22.677397,42077500
2012-12-17,26.790001,27.219999,26.680000,27.100000,22.922689,42046100
2012-12-18,27.250000,27.629999,27.139999,27.559999,23.311789,50486900
2012-12-19,27.690001,27.730000,27.250000,27.309999,23.100315,53519900
2012-12-20,27.360001,27.680000,27.150000,27.680000,23.413290,52607300
2012-12-21,27.450001,27.490000,27.000000,27.450001,23.218744,98776500
2012-12-24,27.200001,27.250000,27.000000,27.059999,22.888857,20842400
2012-12-26,27.030001,27.200001,26.700001,26.860001,22.719683,31631100
2012-12-27,26.889999,27.090000,26.570000,26.959999,22.804270,39394000
2012-12-28,26.709999,26.900000,26.549999,26.549999,22.457466,28239900
2012-12-31,26.590000,26.770000,26.370001,26.709999,22.592806,42749500
2013-01-02,27.250000,27.730000,27.150000,27.620001,23.362539,52899300
2013-01-03,27.629999,27.650000,27.160000,27.250000,23.049566,48294400
2013-01-04,27.270000,27.340000,26.730000,26.740000,22.618179,52521100
2013-01-07,26.770000,26.879999,26.639999,26.690001,22.575893,37110400
2013-01-08,26.750000,26.790001,26.459999,26.549999,22.457466,44703100
2013-01-09,26.719999,26.750000,26.559999,26.700001,22.584349,49047900
2013-01-10,26.650000,26.980000,26.290001,26.459999,22.381344,71431300
2013-01-11,26.490000,26.930000,26.280001,26.830000,22.694309,55512100
2013-01-14,26.900000,27.080000,26.760000,26.889999,22.745060,48324400
2013-01-15,26.830000,27.290001,26.830000,27.209999,23.015730,48244500
2013-01-16,27.150000,27.230000,27.010000,27.040001,22.871943,41077400
2013-01-17,27.190001,27.469999,27.059999,27.250000,23.049566,51685900
2013-01-18,27.100000,27.290001,27.040001,27.250000,23.049566,52167700
2013-01-22,27.299999,27.450001,27.000000,27.150000,22.964981,58650600
2013-01-23,27.200001,27.639999,27.200001,27.610001,23.354080,50387700
2013-01-24,27.700001,28.070000,27.469999,27.629999,23.370991,101739300
2013-01-25,27.580000,28.230000,27.389999,27.879999,23.582458,81847700
2013-01-28,28.010000,28.230000,27.760000,27.910000,23.607834,56056500
2013-01-29,27.820000,28.129999,27.600000,28.010000,23.692419,49242600
2013-01-30,28.010000,28.190001,27.760000,27.850000,23.557081,43580500
2013-01-31,27.790001,27.969999,27.400000,27.450001,23.218744,50530000
2013-02-01,27.670000,28.049999,27.549999,27.930000,23.624756,55565900
2013-02-04,27.870001,28.020000,27.420000,27.440001,23.210279,50540000
2013-02-05,27.620001,27.660000,27.360001,27.500000,23.261034,35410400
2013-02-06,27.379999,27.540001,27.250000,27.340000,23.125696,41889600
2013-02-07,27.350000,27.389999,27.100000,27.280001,23.074945,38028300
2013-02-08,27.350000,27.709999,27.309999,27.549999,23.303328,33318500
2013-02-11,27.650000,27.920000,27.500000,27.860001,23.565544,32247700
2013-02-12,27.879999,28.000000,27.750000,27.879999,23.582458,35990900
2013-02-13,27.930000,28.110001,27.879999,28.030001,23.709335,41715600
2013-02-14,27.920000,28.059999,27.870001,28.040001,23.717798,32663200
2013-02-15,28.040001,28.160000,27.879999,28.010000,23.692419,49650900
2013-02-19,27.879999,28.090000,27.799999,28.049999,23.922693,38781400
2013-02-20,28.129999,28.200001,27.830000,27.870001,23.769178,44110200
2013-02-21,27.740000,27.740000,27.230000,27.490000,23.445091,49078500
2013-02-22,27.680000,27.760000,27.480000,27.760000,23.675365,31425900
2013-02-25,27.969999,28.049999,27.370001,27.370001,23.342747,48011800
2013-02-26,27.379999,27.600000,27.340000,27.370001,23.342747,49923300
2013-02-27,27.420000,28.000000,27.330000,27.809999,23.718002,36394700
2013-02-28,27.879999,27.969999,27.740000,27.799999,23.709480,35840200
2013-03-01,27.719999,27.980000,27.520000,27.950001,23.837404,34849700
2013-03-04,27.850000,28.150000,27.700001,28.150000,24.007978,38157500
2013-03-05,28.290001,28.540001,28.160000,28.350000,24.178553,41432200
2013-03-06,28.209999,28.230000,27.780001,28.090000,23.956806,51448500
2013-03-07,28.110001,28.280001,28.010000,28.139999,23.999447,29196700
2013-03-08,28.250000,28.330000,27.959999,28.000000,23.880053,37667800
2013-03-11,27.940001,27.969999,27.670000,27.870001,23.769178,36627500
2013-03-12,27.840000,27.950001,27.639999,27.910000,23.803291,39255200
2013-03-13,27.870001,28.020000,27.750000,27.920000,23.811821,29093400
2013-03-14,28.000000,28.160000,27.930000,28.139999,23.999447,55914800
2013-03-15,28.030001,28.160000,27.980000,28.040001,23.914165,92710300
2013-03-18,27.879999,28.280001,27.809999,28.100000,23.965336,44809400
2013-03-19,28.120001,28.219999,28.030001,28.180000,24.033562,51901600
2013-03-20,28.340000,28.490000,28.180000,28.320000,24.152966,35447800
2013-03-21,28.110001,28.360001,28.049999,28.110001,23.973860,34233200
2013-03-22,28.190001,28.340000,28.100000,28.250000,24.093262,28720900
2013-03-25,28.299999,28.350000,27.959999,28.160000,24.016508,44154000
2013-03-26,28.240000,28.340000,28.110001,28.160000,24.016508,27824300
2013-03-27,28.139999,28.450001,28.080000,28.370001,24.195606,36047400
2013-03-28,28.320000,28.660000,28.260000,28.610001,24.400293,55453800
2013-04-01,28.639999,28.660000,28.360001,28.610001,24.400293,29201100
2013-04-02,28.590000,28.850000,28.520000,28.799999,24.562330,28456500
2013-04-03,28.750000,28.950001,28.540001,28.559999,24.357649,35062800
2013-04-04,28.389999,28.610001,28.270000,28.600000,24.391760,45263200
2013-04-05,28.219999,28.780001,28.110001,28.700001,24.477053,50927300
2013-04-08,28.730000,28.730000,28.469999,28.590000,24.383238,34759500
2013-04-09,28.730000,29.820000,28.680000,29.610001,25.253157,77733800
2013-04-10,29.570000,30.320000,29.520000,30.280001,25.824572,71116700
2013-04-11,29.100000,29.200001,28.730000,28.940001,24.681740,130923200
2013-04-12,28.850000,29.020000,28.660000,28.790001,24.553804,62886300
2013-04-15,28.650000,28.980000,28.510000,28.690001,24.468521,56332900
2013-04-16,28.900000,29.139999,28.700001,28.969999,24.707321,52797300
2013-04-17,28.850000,29.040001,28.600000,28.830000,24.587925,52840700
2013-04-18,28.950001,28.980000,28.500000,28.790001,24.553804,56906600
2013-04-19,29.620001,30.240000,29.610001,29.770000,25.389614,99790700
2013-04-22,30.299999,31.180000,30.270000,30.830000,26.293644,137904000
2013-04-23,30.700001,30.900000,30.379999,30.600000,26.097490,59126900
2013-04-24,30.620001,31.920000,30.600000,31.760000,27.086800,90946600
2013-04-25,31.709999,32.840000,31.540001,31.940001,27.240313,110700200
2013-04-26,31.900000,31.980000,31.450001,31.790001,27.112389,47799300
2013-04-29,31.799999,32.680000,31.770000,32.610001,27.811728,59116400
2013-04-30,32.560001,33.110001,32.279999,33.099998,28.229630,75165200
2013-05-01,32.930000,33.080002,32.599998,32.720001,27.905539,54330900
2013-05-02,32.630001,33.169998,32.389999,33.160000,28.280802,46059500
2013-05-03,33.230000,33.520000,33.080002,33.490002,28.562252,46784600
2013-05-06,33.419998,33.910000,33.250000,33.750000,28.783995,40978300
2013-05-07,33.650002,33.790001,33.240002,33.310001,28.408731,43078300
2013-05-08,33.070000,33.240002,32.650002,32.990002,28.135820,51595700
2013-05-09,32.849998,33.000000,32.590000,32.660000,27.854372,46417800
2013-05-10,32.669998,32.720001,32.320000,32.689999,27.879957,36394900
2013-05-13,32.610001,33.070000,32.549999,33.029999,28.169930,36027600
2013-05-14,32.860001,33.529999,32.799999,33.529999,28.796875,56870100
2013-05-15,33.450001,33.900002,33.430000,33.849998,29.071711,46303900
2013-05-16,33.639999,34.150002,33.549999,34.080002,29.269249,59382900
2013-05-17,34.130001,34.869999,34.099998,34.869999,29.947729,60666700
2013-05-20,34.730000,35.099998,34.680000,35.080002,30.128088,54020800
2013-05-21,35.099998,35.270000,34.720001,34.849998,29.930548,48702400
2013-05-22,34.790001,34.840000,34.360001,34.610001,29.724434,66047500
2013-05-23,34.230000,34.549999,33.900002,34.150002,29.329363,51102700
2013-05-24,33.919998,34.279999,33.900002,34.270000,29.432426,33174400
2013-05-28,34.419998,35.180000,34.410000,35.020000,30.076557,48212100
2013-05-29,34.740002,35.020000,34.570000,34.880001,29.956310,38412200
2013-05-30,34.849998,35.250000,34.810001,35.029999,30.085138,51131000
2013-05-31,34.820000,35.279999,34.790001,34.900002,29.973494,56165700
2013-06-03,34.919998,35.630001,34.830002,35.590000,30.566093,51252600
2013-06-04,35.619999,35.740002,34.770000,34.990002,30.050791,65529500
2013-06-05,34.599998,34.889999,34.430000,34.779999,29.870432,46025100
2013-06-06,34.840000,35.110001,34.490002,34.959999,30.025028,37618500
2013-06-07,35.250000,35.779999,35.060001,35.669998,30.634789,40757300
2013-06-10,35.509998,35.650002,35.139999,35.470001,30.463030,35994500
2013-06-11,35.049999,35.180000,34.680000,34.840000,29.921967,39435900
2013-06-12,35.139999,35.270000,34.849998,35.000000,30.059370,37372700
2013-06-13,34.990002,35.020000,34.590000,34.720001,29.818899,45654900
2013-06-14,34.549999,34.689999,34.250000,34.400002,29.544071,53192600
2013-06-17,34.689999,35.160000,34.630001,35.000000,30.059370,49670100
2013-06-18,34.970001,35.169998,34.900002,34.980000,30.042198,28616500
2013-06-19,34.959999,35.090000,34.590000,34.590000,29.707254,30816200
2013-06-20,34.259998,34.330002,33.369999,33.490002,28.762533,54493700
2013-06-21,33.660000,33.730000,33.049999,33.270000,28.573576,85338500
2013-06-24,32.939999,34.200001,32.570000,33.720001,28.960064,56109000
2013-06-25,34.080002,34.380001,33.459999,33.669998,28.917120,44073400
2013-06-26,34.119999,34.480000,33.889999,34.349998,29.501131,48665900
2013-06-27,34.520000,34.779999,34.500000,34.619999,29.733017,28993100
2013-06-28,34.380001,34.790001,34.340000,34.540001,29.664309,65545500
2013-07-01,34.750000,34.990002,34.330002,34.360001,29.509716,31055400
2013-07-02,34.410000,34.439999,33.630001,33.939999,29.149006,37630000
2013-07-03,33.660000,34.369999,33.599998,34.009998,29.209126,15994400
2013-07-05,34.090000,34.240002,33.580002,34.209999,29.380896,26085900
2013-07-08,34.349998,34.590000,33.980000,34.330002,29.483953,32396900
2013-07-09,34.580002,34.599998,34.139999,34.349998,29.501131,25318500
2013-07-10,34.340000,34.810001,34.320000,34.700001,29.801720,29658800
2013-07-11,35.000000,35.770000,34.900002,35.689999,30.651972,53638300
2013-07-12,35.580002,35.730000,35.279999,35.669998,30.634789,35501200
2013-07-15,35.660000,36.220001,35.580002,36.169998,31.064209,34142600
2013-07-16,36.009998,36.430000,35.959999,36.270000,31.150099,36378500
2013-07-17,36.340000,36.389999,35.490002,35.740002,30.694920,37285100
2013-07-18,35.720001,35.889999,35.220001,35.439999,30.437262,49547100
2013-07-19,32.400002,32.669998,31.020000,31.400000,26.967554,248428500
2013-07-22,31.700001,32.009998,31.600000,32.009998,27.491446,79040700
2013-07-23,31.910000,32.040001,31.709999,31.820000,27.328264,65810400
2013-07-24,32.040001,32.189999,31.889999,31.959999,27.448503,52803100
2013-07-25,31.620001,31.650000,31.250000,31.389999,26.958963,63213000
2013-07-26,31.260000,31.620001,31.209999,31.620001,27.156500,38633600
2013-07-29,31.469999,31.600000,31.400000,31.540001,27.087795,28870700
2013-07-30,31.780001,32.119999,31.549999,31.850000,27.354029,45799500
2013-07-31,31.969999,32.049999,31.709999,31.840000,27.345446,43898400
2013-08-01,32.060001,32.090000,31.600000,31.670000,27.199440,42557900
2013-08-02,31.690001,31.900000,31.570000,31.889999,27.388384,29199900
2013-08-05,31.900000,32.000000,31.639999,31.700001,27.225208,30984000
2013-08-06,31.549999,31.670000,31.379999,31.580000,27.122150,36331500
2013-08-07,31.540001,32.099998,31.250000,32.060001,27.534386,38078600
2013-08-08,32.240002,33.070000,32.049999,32.889999,28.247227,59034400
2013-08-09,32.770000,32.900002,32.470001,32.700001,28.084051,26800700
2013-08-12,32.459999,32.970001,32.459999,32.869999,28.230045,25493700
2013-08-13,32.509998,32.549999,32.209999,32.230000,27.875443,39464100
2013-08-14,32.139999,33.360001,31.700001,32.349998,27.979229,48519600
2013-08-15,32.000000,32.180000,30.840000,31.790001,27.494890,33338000
2013-08-16,31.790001,31.990000,31.660000,31.799999,27.503544,32866300
2013-08-19,31.760000,31.969999,31.379999,31.389999,27.148939,27902500
2013-08-20,31.440001,31.900000,31.370001,31.620001,27.347862,22979600
2013-08-21,31.610001,32.009998,31.540001,31.610001,27.339212,37409100
2013-08-22,32.189999,32.490002,32.099998,32.389999,28.013830,31169900
2013-08-23,35.169998,35.200001,34.000000,34.750000,30.054966,225493800
2013-08-26,34.400002,34.669998,34.029999,34.150002,29.536036,72786800
2013-08-27,33.520000,34.099998,33.150002,33.259998,28.766285,58522300
2013-08-28,33.389999,33.599998,33.000000,33.020000,28.558708,44257400
2013-08-29,32.930000,33.599998,32.799999,33.549999,29.017096,45284700
2013-08-30,33.369999,33.480000,33.090000,33.400002,28.887365,42790200
2013-09-03,31.750000,32.070000,31.290001,31.879999,27.572729,154507000
2013-09-04,31.389999,31.469999,31.110001,31.200001,26.984604,142320600
2013-09-05,31.100000,31.440001,30.950001,31.230000,27.010550,71644900
2013-09-06,31.309999,31.389999,31.129999,31.150000,26.941362,75434900
2013-09-09,31.219999,31.790001,31.200001,31.660000,27.382452,49628500
2013-09-10,31.900000,32.400002,31.790001,32.389999,28.013830,56881200
2013-09-11,32.570000,32.930000,32.529999,32.740002,28.316542,39087500
2013-09-12,32.720001,32.779999,32.590000,32.689999,28.273294,32860200
2013-09-13,32.770000,33.070000,32.509998,33.029999,28.567360,40899000
2013-09-16,33.380001,33.500000,32.730000,32.799999,28.368433,52839700
2013-09-17,33.419998,33.470001,32.900002,32.930000,28.480862,84716500
2013-09-18,32.990002,33.400002,32.830002,33.320000,28.818174,64099900
2013-09-19,33.480000,33.680000,33.320000,33.639999,29.094936,42026600
2013-09-20,33.410000,33.480000,32.689999,32.790001,28.359783,102904900
2013-09-23,32.540001,32.970001,32.500000,32.740002,28.316542,39826100
2013-09-24,32.869999,32.869999,32.150002,32.450001,28.065718,40685000
2013-09-25,32.490002,32.799999,32.400002,32.509998,28.117613,28907500
2013-09-26,32.639999,33.000000,32.590000,32.770000,28.342487,28504000
2013-09-27,32.880001,33.750000,32.869999,33.270000,28.774931,55348000
2013-09-30,33.000000,33.310001,32.700001,33.279999,28.783575,39839500
2013-10-01,33.349998,33.610001,33.299999,33.580002,29.043051,36718700
2013-10-02,33.360001,34.029999,33.290001,33.919998,29.337111,46946800
2013-10-03,33.880001,34.000000,33.419998,33.860001,29.285215,38703800
2013-10-04,33.689999,33.990002,33.619999,33.880001,29.302513,33008100
2013-10-07,33.599998,33.709999,33.200001,33.299999,28.800877,35069300
2013-10-08,33.310001,33.330002,32.799999,33.009998,28.550062,41017600
2013-10-09,33.070000,33.349998,32.959999,33.070000,28.601955,35878600
2013-10-10,33.310001,33.889999,33.259998,33.759998,29.198727,42875100
2013-10-11,33.680000,34.139999,33.680000,34.130001,29.518742,30033300
2013-10-14,33.900002,34.500000,33.779999,34.450001,29.795502,27757900
2013-10-15,34.669998,34.990002,34.470001,34.490002,29.830105,47097800
2013-10-16,34.599998,34.900002,34.560001,34.639999,29.959826,35111600
2013-10-17,34.450001,34.990002,34.369999,34.919998,30.202000,31359200
2013-10-18,34.820000,34.990002,34.330002,34.959999,30.236601,41811700
2013-10-21,34.980000,35.200001,34.910000,34.990002,30.262541,27433500
2013-10-22,35.020000,35.099998,34.520000,34.580002,29.907932,40438500
2013-10-23,34.349998,34.490002,33.669998,33.759998,29.198727,58600500
2013-10-24,33.820000,34.099998,33.570000,33.720001,29.164127,53209700
2013-10-25,35.880001,36.290001,35.470001,35.730000,30.902565,113494000
2013-10-28,35.610001,35.730000,35.270000,35.570000,30.764179,38383600
2013-10-29,35.630001,35.720001,35.259998,35.520000,30.720945,31702200
2013-10-30,35.529999,35.790001,35.430000,35.540001,30.738243,36997700
2013-10-31,35.660000,35.689999,35.340000,35.410000,30.625797,41682300
2013-11-01,35.669998,35.689999,35.389999,35.529999,30.729586,40264600
2013-11-04,35.590000,35.980000,35.549999,35.939999,31.084188,28060700
2013-11-05,35.790001,36.709999,35.770000,36.639999,31.689610,51681900
2013-11-06,37.240002,38.220001,37.060001,38.180000,33.021542,88948800
2013-11-07,37.959999,38.009998,37.430000,37.500000,32.433422,60437400
2013-11-08,37.669998,37.779999,37.340000,37.779999,32.675602,36737800
2013-11-11,37.689999,37.779999,37.349998,37.590000,32.511253,26872500
2013-11-12,37.380001,37.599998,37.200001,37.360001,32.312332,31651600
2013-11-13,36.980000,38.160000,36.900002,38.160000,33.004242,44957600
2013-11-14,37.869999,38.130001,37.720001,38.020000,32.883163,46183700
2013-11-15,37.950001,38.020000,37.720001,37.840000,32.727482,50601300
2013-11-18,37.349998,37.580002,37.070000,37.200001,32.173962,53277500
2013-11-19,36.849998,37.230000,36.669998,36.740002,32.017097,44275000
2013-11-20,36.919998,37.410000,36.860001,37.080002,32.313393,32229900
2013-11-21,37.270000,37.529999,37.259998,37.400002,32.592255,23064700
2013-11-22,37.529999,37.680000,37.330002,37.570000,32.740391,27982000
2013-11-25,37.930000,37.950001,37.570000,37.639999,32.801392,30646800
2013-11-26,37.570000,37.650002,37.349998,37.349998,32.548683,34465300
2013-11-27,37.570000,37.759998,37.490002,37.599998,32.766537,26002100
2013-11-29,37.820000,38.290001,37.820000,38.130001,33.228413,22090400
2013-12-02,38.090000,38.779999,38.060001,38.450001,33.507271,42950400
2013-12-03,38.139999,38.490002,38.080002,38.310001,33.385273,52109800
2013-12-04,38.209999,38.980000,38.119999,38.939999,33.934280,51983600
2013-12-05,38.849998,38.880001,37.180000,38.000000,33.115112,116305000
2013-12-06,38.419998,38.549999,37.990002,38.360001,33.428844,36457300
2013-12-09,38.560001,38.869999,38.369999,38.709999,33.733849,30286000
2013-12-10,38.610001,38.900002,38.020000,38.110001,33.210979,37828600
2013-12-11,38.060001,38.299999,37.389999,37.610001,32.775257,39853400
2013-12-12,37.639999,37.639999,37.180000,37.220001,32.435387,36012800
2013-12-13,37.419998,37.450001,36.619999,36.689999,31.973518,40066100
2013-12-16,36.730000,37.000000,36.540001,36.889999,32.147812,31734200
2013-12-17,36.939999,37.110001,36.330002,36.520000,31.825361,45687700
2013-12-18,36.360001,36.599998,35.529999,36.580002,31.877657,63192100
2013-12-19,36.509998,36.549999,36.080002,36.250000,31.590076,34160100
2013-12-20,36.200001,36.930000,36.189999,36.799999,32.069389,62649100
2013-12-23,36.810001,36.889999,36.549999,36.619999,31.912523,25128700
2013-12-24,36.720001,37.169998,36.639999,37.080002,32.313393,14243000
2013-12-26,37.200001,37.490002,37.169998,37.439999,32.627102,17612800
2013-12-27,37.580002,37.619999,37.169998,37.290001,32.496399,14563000
2013-12-30,37.220001,37.380001,36.900002,37.290001,32.496399,16290500
2013-12-31,37.400002,37.580002,37.220001,37.410000,32.600952,17503500
2014-01-02,37.349998,37.400002,37.099998,37.160000,32.383102,30632200
2014-01-03,37.200001,37.220001,36.599998,36.910000,32.165230,31134800
2014-01-06,36.849998,36.889999,36.110001,36.130001,31.485502,43603700
2014-01-07,36.330002,36.490002,36.209999,36.410000,31.729513,35802800
2014-01-08,36.000000,36.139999,35.580002,35.759998,31.163067,59971700
2014-01-09,35.880001,35.910000,35.400002,35.529999,30.962631,36516300
2014-01-10,35.900002,36.150002,35.750000,36.040001,31.407072,40548800
2014-01-13,35.990002,36.020000,34.830002,34.980000,30.483334,45901900
2014-01-14,34.730000,35.880001,34.630001,35.779999,31.180502,41623300
2014-01-15,35.900002,36.790001,35.849998,36.759998,32.034512,44812600
2014-01-16,36.689999,37.000000,36.310001,36.889999,32.147812,38018700
2014-01-17,36.830002,36.830002,36.150002,36.380001,31.703382,46267500
2014-01-21,36.820000,36.820000,36.060001,36.169998,31.520363,31567300
2014-01-22,36.259998,36.320000,35.750000,35.930000,31.311216,21904300
2014-01-23,36.090000,36.130001,35.520000,36.060001,31.424509,43954000
2014-01-24,37.450001,37.549999,36.529999,36.810001,32.078091,76395500
2014-01-27,36.869999,36.889999,35.980000,36.029999,31.398367,44420800
2014-01-28,36.119999,36.389999,35.750000,36.270000,31.607512,36205500
2014-01-29,35.980000,36.880001,35.900002,36.660000,31.947382,52745900
2014-01-30,36.790001,36.880001,36.230000,36.860001,32.121666,35036300
2014-01-31,36.950001,37.889999,36.560001,37.840000,32.975685,93162300
2014-02-03,37.740002,37.990002,36.430000,36.480000,31.790524,64063100
2014-02-04,36.970001,37.189999,36.250000,36.349998,31.677233,54697900
2014-02-05,36.290001,36.470001,35.799999,35.820000,31.215355,55814400
2014-02-06,35.799999,36.250000,35.689999,36.180000,31.529068,35351800
2014-02-07,36.320000,36.590000,36.009998,36.560001,31.860235,33260500
2014-02-10,36.630001,36.799999,36.290001,36.799999,32.069389,26767000
2014-02-11,36.880001,37.259998,36.860001,37.169998,32.391815,32141400
2014-02-12,37.349998,37.599998,37.299999,37.470001,32.653252,27051800
2014-02-13,37.330002,37.860001,37.330002,37.610001,32.775257,37635500
2014-02-14,37.389999,37.779999,37.330002,37.619999,32.783962,31407500
2014-02-18,37.630001,37.779999,37.410000,37.419998,32.854206,32834000
2014-02-19,37.220001,37.750000,37.209999,37.509998,32.933228,29750400
2014-02-20,37.570000,37.869999,37.400002,37.750000,33.143948,27526100
2014-02-21,37.939999,38.349998,37.860001,37.980000,33.345875,38021300
2014-02-24,37.689999,37.980000,37.540001,37.689999,33.091267,32085100
2014-02-25,37.610001,37.849998,37.349998,37.540001,32.959568,30736500
2014-02-26,37.580002,37.740002,37.189999,37.470001,32.898109,41041800
2014-02-27,37.450001,37.889999,37.230000,37.860001,33.240524,33903400
2014-02-28,37.980000,38.459999,37.820000,38.310001,33.635612,41215000
2014-03-03,37.919998,38.130001,37.490002,37.779999,33.170277,29717500
2014-03-04,38.200001,38.480000,38.070000,38.410000,33.723415,26802400
2014-03-05,38.250000,38.270000,37.930000,38.110001,33.460014,20520100
2014-03-06,38.139999,38.240002,37.889999,38.150002,33.495136,23582200
2014-03-07,38.279999,38.360001,37.689999,37.900002,33.275646,26591600
2014-03-10,37.990002,38.009998,37.720001,37.820000,33.205399,19006600
2014-03-11,37.869999,38.230000,37.720001,38.020000,33.380997,25216400
2014-03-12,37.799999,38.430000,37.790001,38.270000,33.600491,30494100
2014-03-13,38.419998,38.450001,37.639999,37.889999,33.266857,32169700
2014-03-14,37.650002,38.139999,37.509998,37.700001,33.100048,27195600
2014-03-17,37.900002,38.410000,37.790001,38.049999,33.407330,20479600
2014-03-18,38.259998,39.900002,38.220001,39.549999,34.724316,64063900
2014-03-19,39.470001,39.549999,38.910000,39.270000,34.478474,35597200
2014-03-20,39.250000,40.650002,39.240002,40.330002,35.409145,59269800
2014-03-21,40.720001,40.939999,40.009998,40.160000,35.259884,80721800
2014-03-24,40.340000,40.639999,39.860001,40.500000,35.558395,46098400
2014-03-25,40.660000,40.990002,39.959999,40.340000,35.417915,43193100
2014-03-26,40.480000,40.709999,39.599998,39.790001,34.935032,41977500
2014-03-27,39.740002,39.970001,39.340000,39.360001,34.557499,35369200
2014-03-28,39.790001,40.639999,39.680000,40.299999,35.382801,43472700
2014-03-31,40.430000,41.500000,40.400002,40.990002,35.988625,46886300
2014-04-01,41.150002,41.590000,41.070000,41.419998,36.366154,32605000
2014-04-02,41.439999,41.660000,41.169998,41.349998,36.304691,28666700
2014-04-03,41.290001,41.290001,40.709999,41.009998,36.006172,30139600
2014-04-04,41.250000,41.389999,39.639999,39.869999,35.005264,51409600
2014-04-07,39.959999,40.270000,39.740002,39.799999,34.943813,37559600
2014-04-08,39.750000,39.930000,39.200001,39.820000,34.961372,35918600
2014-04-09,39.930000,40.549999,39.880001,40.470001,35.532063,27398700
2014-04-10,40.439999,40.689999,39.090000,39.360001,34.557499,45960800
2014-04-11,39.000000,39.790001,39.000000,39.209999,34.425808,34330200
2014-04-14,39.110001,39.410000,38.900002,39.180000,34.399456,32006600
2014-04-15,39.340000,39.959999,39.049999,39.750000,34.899914,33968700
2014-04-16,40.060001,40.419998,39.910000,40.400002,35.470604,30615800
2014-04-17,40.009998,40.200001,39.509998,40.009998,35.128189,36688400
2014-04-21,40.130001,40.150002,39.790001,39.939999,35.066727,22221200
2014-04-22,39.959999,40.139999,39.830002,39.990002,35.110630,27056700
2014-04-23,39.990002,39.990002,39.470001,39.689999,34.847240,24602800
2014-04-24,39.740002,39.970001,39.299999,39.860001,34.996487,42381600
2014-04-25,40.290001,40.680000,39.750000,39.910000,35.040394,56876800
2014-04-28,40.139999,41.290001,40.090000,40.869999,35.883259,50610200
2014-04-29,41.099998,41.189999,40.389999,40.509998,35.567188,29636200
2014-04-30,40.400002,40.500000,40.169998,40.400002,35.470604,35458700
2014-05-01,40.240002,40.360001,39.950001,40.000000,35.119415,28787400
2014-05-02,40.310001,40.340000,39.660000,39.689999,34.847240,43416600
2014-05-05,39.520000,39.639999,39.299999,39.430000,34.618946,22460900
2014-05-06,39.290001,39.349998,38.950001,39.060001,34.294106,27112400
2014-05-07,39.220001,39.509998,38.509998,39.419998,34.610172,41744500
2014-05-08,39.340000,39.900002,38.970001,39.639999,34.803322,32120400
2014-05-09,39.540001,39.849998,39.369999,39.540001,34.715530,29647600
2014-05-12,39.740002,40.020000,39.650002,39.970001,35.093067,22782600
2014-05-13,39.919998,40.500000,39.849998,40.419998,35.738518,27004800
2014-05-14,40.299999,40.450001,40.049999,40.240002,35.579372,18818700
2014-05-15,40.090000,40.400002,39.509998,39.599998,35.013496,37793200
2014-05-16,39.669998,39.840000,39.270000,39.830002,35.216846,29867100
2014-05-19,39.610001,39.820000,39.459999,39.750000,35.146126,24537400
2014-05-20,39.680000,39.939999,39.459999,39.680000,35.084225,21320900
2014-05-21,39.799999,40.349998,39.740002,40.349998,35.676624,22398700
2014-05-22,40.290001,40.349998,39.849998,40.099998,35.455593,20201800
2014-05-23,40.369999,40.369999,40.000000,40.119999,35.473251,18020000
2014-05-27,40.259998,40.259998,39.810001,40.189999,35.535152,26160600
2014-05-28,40.139999,40.189999,39.820000,40.009998,35.376007,25711500
2014-05-29,40.150002,40.349998,39.910000,40.340000,35.667786,19888200
2014-05-30,40.450001,40.970001,40.250000,40.939999,36.198288,34567600
2014-06-02,40.950001,41.090000,40.680000,40.790001,36.065662,18504300
2014-06-03,40.599998,40.680000,40.250000,40.290001,35.623577,18068900
2014-06-04,40.209999,40.369999,39.860001,40.320000,35.650105,23209000
2014-06-05,40.590000,41.250000,40.400002,41.209999,36.437023,31865200
2014-06-06,41.480000,41.660000,41.240002,41.480000,36.675747,24060500
2014-06-09,41.389999,41.480000,41.020000,41.270000,36.490070,15019200
2014-06-10,41.029999,41.160000,40.860001,41.110001,36.348610,15117700
2014-06-11,40.930000,41.070000,40.770000,40.860001,36.127563,18040000
2014-06-12,40.810001,40.880001,40.290001,40.580002,35.880001,29818900
2014-06-13,41.099998,41.570000,40.860001,41.230000,36.454708,26310000
2014-06-16,41.040001,41.610001,41.040001,41.500000,36.693432,24205300
2014-06-17,41.290001,41.910000,40.340000,41.680000,36.852589,22518600
2014-06-18,41.610001,41.740002,41.180000,41.650002,36.826057,27097000
2014-06-19,41.570000,41.770000,41.330002,41.509998,36.702278,19828200
2014-06-20,41.450001,41.830002,41.380001,41.680000,36.852589,47764900
2014-06-23,41.730000,42.000000,41.689999,41.990002,37.126686,18743900
2014-06-24,41.830002,41.939999,41.560001,41.750000,36.914482,26509100
2014-06-25,41.700001,42.049999,41.459999,42.029999,37.162045,20049100
2014-06-26,41.930000,41.939999,41.430000,41.720001,36.887959,23604400
2014-06-27,41.610001,42.290001,41.509998,42.250000,37.356567,74640000
2014-06-30,42.169998,42.209999,41.700001,41.700001,36.870274,30793100
2014-07-01,41.860001,42.150002,41.689999,41.869999,37.020580,26917000
2014-07-02,41.730000,41.900002,41.529999,41.900002,37.047112,20208100
2014-07-03,41.910000,41.990002,41.560001,41.799999,36.958691,15969300
2014-07-07,41.750000,42.119999,41.709999,41.990002,37.126686,21952400
2014-07-08,41.869999,42.000000,41.610001,41.779999,36.940998,31218200
2014-07-09,41.980000,41.990002,41.529999,41.669998,36.843742,18445900
2014-07-10,41.369999,42.000000,41.049999,41.689999,36.861427,21854700
2014-07-11,41.700001,42.090000,41.480000,42.090000,37.215092,24083000
2014-07-14,42.220001,42.450001,42.040001,42.139999,37.259312,21881100
2014-07-15,42.330002,42.470001,42.029999,42.450001,37.533401,28748700
2014-07-16,42.509998,44.310001,42.480000,44.080002,38.974621,63318000
2014-07-17,45.450001,45.709999,44.250000,44.529999,39.372501,82180300
2014-07-18,44.650002,44.840000,44.250000,44.689999,39.513962,43407500
2014-07-21,44.560001,45.160000,44.220001,44.840000,39.646595,37604400
2014-07-22,45.000000,45.150002,44.590000,44.830002,39.637753,43095800
2014-07-23,45.450001,45.450001,44.619999,44.869999,39.673119,52362900
2014-07-24,44.930000,45.000000,44.320000,44.400002,39.257557,30725300
2014-07-25,44.299999,44.660000,44.299999,44.500000,39.345970,26737700
2014-07-28,44.360001,44.509998,43.930000,43.970001,38.877357,29684200
2014-07-29,43.910000,44.090000,43.639999,43.889999,38.806625,27763100
2014-07-30,44.070000,44.099998,43.290001,43.580002,38.532524,31921400
2014-07-31,43.380001,43.689999,43.080002,43.160000,38.161182,31537500
2014-08-01,43.209999,43.250000,42.599998,42.860001,37.895912,31170300
2014-08-04,42.970001,43.470001,42.810001,43.369999,38.346851,34277400
2014-08-05,43.310001,43.459999,42.830002,43.080002,38.090439,26266400
2014-08-06,42.740002,43.169998,42.209999,42.740002,37.789814,24634000
2014-08-07,42.840000,43.450001,42.650002,43.230000,38.223064,30314900
2014-08-08,43.230000,43.320000,42.910000,43.200001,38.196541,28942700
2014-08-11,43.259998,43.450001,43.020000,43.200001,38.196541,20351600
2014-08-12,43.040001,43.590000,43.000000,43.520000,38.479473,21431100
2014-08-13,43.680000,44.180000,43.520000,44.080002,38.974621,22889500
2014-08-14,44.080002,44.419998,44.009998,44.270000,39.142609,19313200
2014-08-15,44.580002,44.900002,44.400002,44.790001,39.602383,41611300
2014-08-18,44.939999,45.110001,44.680000,45.110001,39.885319,26891100
2014-08-19,44.970001,45.340000,44.830002,45.330002,40.330170,28139500
2014-08-20,45.340000,45.400002,44.900002,44.950001,39.992088,24770500
2014-08-21,44.840000,45.250000,44.830002,45.220001,40.232304,22285500
2014-08-22,45.349998,45.470001,45.070000,45.150002,40.170036,18294500
2014-08-25,45.400002,45.439999,45.040001,45.169998,40.187824,16910000
2014-08-26,45.310001,45.400002,44.939999,45.009998,40.045464,14873100
2014-08-27,44.900002,45.000000,44.759998,44.869999,39.920910,21287900
2014-08-28,44.750000,44.980000,44.610001,44.880001,39.929806,17657600
2014-08-29,45.090000,45.439999,44.860001,45.430000,40.419140,21607600
2014-09-02,45.430000,45.459999,44.849998,45.090000,40.116634,22976800
2014-09-03,44.529999,45.110001,44.529999,44.959999,40.000984,33684500
2014-09-04,44.740002,45.270000,44.720001,45.259998,40.267891,26475500
2014-09-05,45.110001,45.930000,45.110001,45.910000,40.846195,36939400
2014-09-08,46.020000,46.799999,45.990002,46.470001,41.344429,45736700
2014-09-09,46.470001,46.970001,46.419998,46.759998,41.602448,40302400
2014-09-10,46.820000,46.939999,46.279999,46.840000,41.673622,27302400
2014-09-11,46.740002,47.000000,46.470001,47.000000,41.815975,29216400
2014-09-12,46.910000,47.020000,46.599998,46.700001,41.549065,38244700
2014-09-15,46.540001,46.709999,46.099998,46.240002,41.139809,37667600
2014-09-16,46.389999,46.849998,46.290001,46.759998,41.602448,27910600
2014-09-17,46.259998,46.689999,46.230000,46.520000,41.388916,38311900
2014-09-18,46.590000,46.830002,46.459999,46.680000,41.531273,35556600
2014-09-19,46.810001,47.570000,46.599998,47.520000,42.278622,202522400
2014-09-22,47.299999,47.380001,46.980000,47.060001,41.869358,38686100
2014-09-23,46.849998,46.980000,46.470001,46.560001,41.424503,33430300
2014-09-24,46.630001,47.110001,46.340000,47.080002,41.887150,26582700
2014-09-25,46.880001,47.090000,46.029999,46.040001,40.961864,33077400
2014-09-26,45.930000,46.619999,45.759998,46.410000,41.291050,27078800
2014-09-29,45.980000,46.560001,45.759998,46.439999,41.317741,26091000
2014-09-30,46.369999,46.480000,46.009998,46.360001,41.246563,33033100
2014-10-01,46.270000,46.529999,45.849998,45.900002,40.837303,38088400
2014-10-02,45.830002,46.099998,45.639999,45.759998,40.712742,25119400
2014-10-03,45.980000,46.299999,45.610001,46.090000,41.006344,32453200
2014-10-06,46.119999,46.299999,45.919998,46.090000,41.006344,20604000
2014-10-07,45.860001,45.930000,45.419998,45.529999,40.508110,25723700
2014-10-08,45.480000,46.889999,45.340000,46.779999,41.620243,33031000
2014-10-09,46.500000,46.799999,45.740002,45.849998,40.792812,34422800
2014-10-10,45.599998,46.119999,43.950001,44.029999,39.173553,51978100
2014-10-13,43.820000,44.560001,43.490002,43.650002,38.835480,37100200
2014-10-14,43.869999,44.380001,43.560001,43.730000,38.906658,38115700
2014-10-15,43.000000,43.389999,42.099998,43.220001,38.452908,60218700
2014-10-16,42.529999,43.080002,42.220001,42.740002,38.025841,49040400
2014-10-17,43.200001,43.939999,42.790001,43.630001,38.817680,40683300
2014-10-20,43.060001,44.139999,42.810001,44.080002,39.218056,34527900
2014-10-21,44.360001,44.980000,44.189999,44.880001,39.929806,36433800
2014-10-22,45.000000,45.070000,44.230000,44.380001,39.484955,33570900
2014-10-23,44.619999,45.450001,44.529999,45.020000,40.054359,45451900
2014-10-24,46.830002,46.900002,45.180000,46.130001,41.041943,61076700
2014-10-27,45.709999,46.099998,45.709999,45.910000,40.846195,30371300
2014-10-28,45.860001,46.500000,45.770000,46.490002,41.362221,29049800
2014-10-29,46.439999,46.700001,46.340000,46.619999,41.477890,30276100
2014-10-30,46.320000,46.320000,45.770000,46.049999,40.970757,30073900
2014-10-31,46.939999,46.970001,46.480000,46.950001,41.771484,35849700
2014-11-03,46.889999,47.459999,46.730000,47.439999,42.207432,23130400
2014-11-04,47.299999,47.730000,47.250000,47.570000,42.323097,21530800
2014-11-05,47.799999,47.900002,47.259998,47.860001,42.581120,22449600
2014-11-06,47.860001,48.860001,47.790001,48.700001,43.328461,33037800
2014-11-07,48.919998,48.919998,48.290001,48.680000,43.310669,28000600
2014-11-10,48.650002,49.150002,48.549999,48.889999,43.497505,36370100
2014-11-11,48.849998,48.950001,48.650002,48.869999,43.479710,23445200
2014-11-12,48.560001,48.919998,48.520000,48.779999,43.399647,22722100
2014-11-13,48.810001,49.650002,48.709999,49.610001,44.138088,26210400
2014-11-14,49.740002,50.049999,49.389999,49.580002,44.111397,29081700
2014-11-17,49.410000,49.709999,49.139999,49.459999,44.004642,30318600
2014-11-18,49.130001,49.330002,48.700001,48.740002,43.637554,23995500
2014-11-19,48.660000,48.750000,47.930000,48.220001,43.171997,26177500
2014-11-20,48.000000,48.700001,47.869999,48.700001,43.601742,21510600
2014-11-21,49.020000,49.049999,47.570000,47.980000,42.957115,42884800
2014-11-24,47.990002,48.000000,47.389999,47.590000,42.607944,35434200
2014-11-25,47.660000,47.970001,47.450001,47.470001,42.500511,28008000
2014-11-26,47.490002,47.990002,47.279999,47.750000,42.751198,27163600
2014-11-28,47.950001,48.200001,47.610001,47.810001,42.804924,21534400
2014-12-01,47.880001,48.779999,47.709999,48.619999,43.530121,31191600
2014-12-02,48.840000,49.049999,48.200001,48.459999,43.386868,25773500
2014-12-03,48.439999,48.500000,47.810001,48.080002,43.046658,23534800
2014-12-04,48.389999,49.060001,48.200001,48.840000,43.727093,30320400
2014-12-05,48.820000,48.970001,48.380001,48.419998,43.351059,27313400
2014-12-08,48.259998,48.349998,47.450001,47.700001,42.706444,26663100
2014-12-09,47.110001,47.919998,47.049999,47.590000,42.607944,24330500
2014-12-10,47.580002,47.660000,46.700001,46.900002,41.990173,30431800
2014-12-11,47.080002,47.740002,46.680000,47.169998,42.231922,29060400
2014-12-12,46.779999,47.730000,46.669998,46.950001,42.034943,34248400
2014-12-15,47.200001,47.669998,46.549999,46.669998,41.784264,29247800
2014-12-16,45.900002,46.340000,45.130001,45.160000,40.432346,47801400
2014-12-17,45.049999,45.950001,44.900002,45.740002,40.951626,34970900
2014-12-18,46.580002,47.520000,46.340000,47.520000,42.545280,40105600
2014-12-19,47.630001,48.099998,47.169998,47.660000,42.670624,64551200
2014-12-22,47.779999,48.119999,47.709999,47.980000,42.957115,26566000
2014-12-23,48.369999,48.799999,48.130001,48.450001,43.377926,23648100
2014-12-24,48.639999,48.639999,48.080002,48.139999,43.100376,11437800
2014-12-26,48.410000,48.410000,47.820000,47.880001,42.867592,13197800
2014-12-29,47.700001,47.779999,47.259998,47.450001,42.482605,14439500
2014-12-30,47.439999,47.619999,46.840000,47.020000,42.097618,16384700
2014-12-31,46.730000,47.439999,46.450001,46.450001,41.587284,21552500
2015-01-02,46.660000,47.419998,46.540001,46.759998,41.864841,27913900
2015-01-05,46.369999,46.730000,46.250000,46.330002,41.479866,39673900
2015-01-06,46.380001,46.750000,45.540001,45.650002,40.871037,36447900
2015-01-07,45.980000,46.459999,45.490002,46.230000,41.390320,29114100
2015-01-08,46.750000,47.750000,46.720001,47.590000,42.607944,29645200
2015-01-09,47.610001,47.820000,46.900002,47.189999,42.249817,23944200
2015-01-12,47.419998,47.540001,46.360001,46.599998,41.721588,23651900
2015-01-13,46.970001,47.910000,46.060001,46.360001,41.506714,35270600
2015-01-14,45.959999,46.240002,45.619999,45.959999,41.148579,29719600
2015-01-15,46.220001,46.380001,45.410000,45.480000,40.718842,32750800
2015-01-16,45.310001,46.279999,45.169998,46.240002,41.399284,35695300
2015-01-20,46.299999,46.650002,45.570000,46.389999,41.533566,36161900
2015-01-21,45.939999,46.139999,45.480000,45.919998,41.112770,39081100
2015-01-22,46.380001,47.139999,46.080002,47.130001,42.196106,35898000
2015-01-23,47.360001,47.389999,46.799999,47.180000,42.240868,26211600
2015-01-26,47.000000,47.130001,46.240002,47.009998,42.088665,42525500
2015-01-27,42.950001,43.200001,42.110001,42.660000,38.194061,169164000
2015-01-28,42.740002,42.790001,41.160000,41.189999,36.877941,84507100
2015-01-29,40.930000,42.119999,40.790001,42.009998,37.612106,63585300
2015-01-30,41.549999,41.580002,40.349998,40.400002,36.170650,78004900
2015-02-02,40.590000,41.369999,40.230000,41.279999,36.958527,50352500
2015-02-03,41.630001,41.930000,41.049999,41.599998,37.245037,52082400
2015-02-04,41.939999,42.209999,41.360001,41.840000,37.459892,41614800
2015-02-05,42.220001,42.639999,41.860001,42.450001,38.006042,36548200
2015-02-06,42.680000,42.790001,42.150002,42.410000,37.970222,34616600
2015-02-09,42.240002,42.740002,42.209999,42.360001,37.925461,31381100
2015-02-10,42.740002,42.770000,42.180000,42.599998,38.140343,29670700
2015-02-11,42.650002,42.650002,42.209999,42.380001,37.943371,38262500
2015-02-12,42.660000,43.090000,42.509998,43.090000,38.579041,33268800
2015-02-13,43.380001,43.869999,43.150002,43.869999,39.277378,40264900
2015-02-17,43.970001,44.000000,43.189999,43.580002,39.295418,33695700
2015-02-18,43.630001,43.700001,43.389999,43.529999,39.250340,27111700
2015-02-19,43.180000,43.529999,43.049999,43.500000,39.223278,27603400
2015-02-20,43.509998,43.880001,43.290001,43.860001,39.547894,29721100
2015-02-23,43.700001,44.189999,43.650002,44.150002,39.809380,32518800
2015-02-24,44.150002,44.299999,43.919998,44.090000,39.755280,25271700
2015-02-25,43.950001,44.090000,43.799999,43.990002,39.665104,29759800
2015-02-26,43.990002,44.230000,43.889999,44.060001,39.728226,28957300
2015-02-27,44.130001,44.200001,43.660000,43.849998,39.538872,33807700
2015-03-02,43.669998,44.189999,43.549999,43.880001,39.565929,31924000
2015-03-03,43.560001,43.830002,43.090000,43.279999,39.024906,31748600
2015-03-04,43.009998,43.209999,42.880001,43.060001,38.826534,25748700
2015-03-05,43.070000,43.240002,42.820000,43.110001,38.871628,23193500
2015-03-06,43.000000,43.110001,42.150002,42.360001,38.195362,36248800
2015-03-09,42.189999,43.130001,42.189999,42.849998,38.637188,32108000
2015-03-10,42.349998,42.709999,42.029999,42.029999,37.897800,39159700
2015-03-11,42.310001,42.369999,41.840000,41.980000,37.852718,32215300
2015-03-12,41.330002,41.650002,40.860001,41.020000,36.987106,59992500
2015-03-13,40.700001,41.470001,40.610001,41.380001,37.311714,58007700
2015-03-16,41.470001,41.639999,41.279999,41.560001,37.474010,35273500
2015-03-17,41.369999,41.830002,41.150002,41.700001,37.600246,31673400
2015-03-18,41.430000,42.830002,41.330002,42.500000,38.321594,44194800
2015-03-19,42.259998,42.590000,42.220001,42.290001,38.132248,33879100
2015-03-20,42.560001,42.980000,42.490002,42.880001,38.664242,71904500
2015-03-23,42.880001,43.130001,42.779999,42.860001,38.646210,26246100
2015-03-24,42.779999,43.169998,42.750000,42.900002,38.682270,25513300
2015-03-25,42.919998,42.930000,41.439999,41.459999,37.383846,43469900
2015-03-26,41.220001,41.610001,40.919998,41.209999,37.158421,37495600
2015-03-27,41.119999,41.430000,40.830002,40.970001,36.942028,34401400
2015-03-30,41.099998,41.540001,40.910000,40.959999,36.933010,35049700
2015-03-31,40.779999,41.029999,40.540001,40.660000,36.662495,34887200
2015-04-01,40.599998,40.759998,40.310001,40.720001,36.716602,36865300
2015-04-02,40.660000,40.740002,40.119999,40.290001,36.328884,37487500
2015-04-06,40.340000,41.779999,40.180000,41.549999,37.464993,39223700
2015-04-07,41.610001,41.910000,41.310001,41.529999,37.446957,28809400
2015-04-08,41.459999,41.689999,41.040001,41.419998,37.347771,24753400
2015-04-09,41.250000,41.619999,41.250000,41.480000,37.401886,25723900
2015-04-10,41.630001,41.950001,41.410000,41.720001,37.618282,28022000
2015-04-13,41.400002,42.060001,41.389999,41.759998,37.654354,30276700
2015-04-14,41.799999,42.029999,41.389999,41.650002,37.555172,24244400
2015-04-15,41.759998,42.459999,41.680000,42.259998,38.105190,27343600
2015-04-16,41.950001,42.340000,41.820000,42.160000,38.015030,22509700
2015-04-17,41.669998,41.740002,41.160000,41.619999,37.528114,42387600
2015-04-20,41.730000,43.169998,41.680000,42.910000,38.691284,46057700
2015-04-21,43.000000,43.150002,42.529999,42.639999,38.447842,26013800
2015-04-22,42.669998,43.130001,42.549999,42.990002,38.763428,25064300
2015-04-23,42.889999,43.610001,42.799999,43.340000,39.079014,46309500
2015-04-24,45.660000,48.139999,45.650002,47.869999,43.163647,130933700
2015-04-27,47.230000,48.130001,47.220001,48.029999,43.307915,59248200
2015-04-28,47.779999,49.209999,47.700001,49.160000,44.326824,60730800
2015-04-29,48.720001,49.310001,48.500000,49.060001,44.236649,47804600
2015-04-30,48.700001,49.540001,48.599998,48.639999,43.857941,64725500
2015-05-01,48.580002,48.880001,48.400002,48.660000,43.875984,38937300
2015-05-04,48.369999,48.869999,48.180000,48.240002,43.497272,34039500
2015-05-05,47.820000,48.160000,47.310001,47.599998,42.920189,50369200
2015-05-06,47.570000,47.770000,46.020000,46.279999,41.729969,52433000
2015-05-07,46.270000,47.090000,46.160000,46.700001,42.108677,32971700
2015-05-08,47.549999,47.980000,47.520000,47.750000,43.055447,35364900
2015-05-11,47.549999,47.910000,47.369999,47.369999,42.712799,24609400
2015-05-12,46.849998,47.680000,46.419998,47.349998,42.694778,29928300
2015-05-13,48.189999,48.320000,47.570000,47.630001,42.947243,34184600
2015-05-14,48.029999,48.820000,48.029999,48.720001,43.930080,32980900
2015-05-15,48.869999,48.910000,48.049999,48.299999,43.551365,28642700
2015-05-18,47.980000,48.220001,47.610001,48.009998,43.289883,24136500
2015-05-19,47.560001,47.810001,47.180000,47.580002,43.180977,28574800
2015-05-20,47.389999,47.930000,47.270000,47.580002,43.180977,25047900
2015-05-21,47.279999,47.599998,47.009998,47.419998,43.035767,22410700
2015-05-22,47.299999,47.349998,46.820000,46.900002,42.563839,25720600
2015-05-26,46.830002,46.880001,46.189999,46.590000,42.282513,29581900
2015-05-27,46.820000,47.770000,46.619999,47.610001,43.208202,27335600
2015-05-28,47.500000,48.020000,47.389999,47.450001,43.062996,19283700
2015-05-29,47.430000,47.570000,46.590000,46.860001,42.527546,36519600
2015-06-01,47.060001,47.770000,46.619999,47.230000,42.863331,28837300
2015-06-02,46.930000,47.349998,46.619999,46.919998,42.581993,21498300
2015-06-03,47.369999,47.740002,46.820000,46.849998,42.518463,28002200
2015-06-04,46.790001,47.160000,46.200001,46.360001,42.073772,27745500
2015-06-05,46.310001,46.520000,45.840000,46.139999,41.874107,25438100
2015-06-08,46.299999,46.430000,45.669998,45.730000,41.502018,22121600
2015-06-09,45.759998,45.939999,45.459999,45.650002,41.429413,24406100
2015-06-10,45.790001,46.830002,45.689999,46.610001,42.300655,28417400
2015-06-11,46.660000,46.919998,46.130001,46.439999,42.146370,27347800
2015-06-12,46.220001,46.470001,45.900002,45.970001,41.719830,23931000
2015-06-15,45.450001,45.650002,45.020000,45.480000,41.275127,33254500
2015-06-16,45.349998,46.240002,45.299999,45.830002,41.592777,27070300
2015-06-17,45.730000,46.070000,45.360001,45.970001,41.719830,28704100
2015-06-18,46.220001,46.799999,46.169998,46.720001,42.400486,32658300
2015-06-19,46.790001,46.830002,45.990002,46.099998,41.837811,63837000
2015-06-22,46.330002,46.720001,46.160000,46.230000,41.955791,20318100
2015-06-23,46.130001,46.279999,45.619999,45.910000,41.665382,25896500
2015-06-24,45.669998,46.250000,45.549999,45.639999,41.420345,34890900
2015-06-25,46.029999,46.060001,45.500000,45.650002,41.429413,20616000
2015-06-26,45.650002,46.279999,45.029999,45.259998,41.075466,49835300
2015-06-29,45.040001,45.230000,44.360001,44.369999,40.267754,34081700
2015-06-30,44.709999,44.720001,43.939999,44.150002,40.068100,35945400
2015-07-01,44.459999,45.230000,44.099998,44.450001,40.340359,28343900
2015-07-02,44.480000,44.750000,44.060001,44.400002,40.294971,21752000
2015-07-06,43.959999,44.480000,43.950001,44.389999,40.285900,23034000
2015-07-07,44.340000,44.490002,43.320000,44.299999,40.204227,36435800
2015-07-08,44.439999,44.900002,44.029999,44.240002,40.149776,39785900
2015-07-09,44.750000,45.220001,44.500000,44.520000,40.403893,32424700
2015-07-10,45.009998,45.139999,44.570000,44.610001,40.485569,25465800
2015-07-13,44.980000,45.619999,44.950001,45.540001,41.329590,28178300
2015-07-14,45.450001,45.959999,45.310001,45.619999,41.402180,22880300
2015-07-15,45.680000,45.889999,45.430000,45.759998,41.529243,26629600
2015-07-16,46.009998,46.689999,45.970001,46.660000,42.346035,26271700
2015-07-17,46.549999,46.779999,46.259998,46.619999,42.309734,29467100
2015-07-20,46.650002,47.130001,46.439999,46.919998,42.581993,30631900
2015-07-21,46.779999,47.330002,46.480000,47.279999,42.908710,42781900
2015-07-22,45.439999,46.930000,45.200001,45.540001,41.329590,59152400
2015-07-23,45.270000,46.230000,45.099998,46.110001,41.846882,33934000
2015-07-24,45.910000,46.320000,45.799999,45.939999,41.692600,32333200
2015-07-27,45.939999,46.009998,45.250000,45.349998,41.157143,39701400
2015-07-28,45.580002,45.639999,44.790001,45.340000,41.148071,34328900
2015-07-29,45.400002,46.779999,45.259998,46.290001,42.010239,40945900
2015-07-30,46.259998,47.400002,45.930000,46.880001,42.545692,39777900
2015-07-31,47.290001,47.369999,46.500000,46.700001,42.382339,31201500
2015-08-03,46.980000,47.000000,46.450001,46.810001,42.482162,24125900
2015-08-04,46.750000,47.709999,46.680000,47.540001,43.144669,33403900
2015-08-05,47.980000,48.410000,47.540001,47.580002,43.180977,26959700
2015-08-06,47.709999,47.770000,46.330002,46.619999,42.309734,27368000
2015-08-07,46.389999,46.779999,46.259998,46.740002,42.418644,19163000
2015-08-10,46.950001,47.490002,46.840000,47.330002,42.954082,23079900
2015-08-11,46.820000,46.939999,45.900002,46.410000,42.119148,29237400
2015-08-12,46.189999,46.900002,45.709999,46.740002,42.418644,30181400
2015-08-13,47.060001,47.099998,46.490002,46.730000,42.409569,22627200
2015-08-14,46.529999,47.099998,46.520000,47.000000,42.654606,21473400
2015-08-17,46.810001,47.450001,46.570000,47.320000,42.945011,21099700
2015-08-18,46.840000,47.430000,46.700001,47.270000,43.182529,23574100
2015-08-19,46.779999,47.080002,46.299999,46.610001,42.579597,31485500
2015-08-20,46.070000,46.470001,45.660000,45.660000,41.711754,36238200
2015-08-21,45.299999,45.480000,43.070000,43.070000,39.345711,70053100
2015-08-24,40.450001,42.689999,39.720001,41.680000,38.075897,88753700
2015-08-25,42.570000,43.240002,40.389999,40.470001,36.970531,70616600
2015-08-26,42.009998,42.840000,41.060001,42.709999,39.016842,63408000
2015-08-27,43.230000,43.950001,42.930000,43.900002,40.103935,50943200
2015-08-28,43.400002,44.150002,43.389999,43.930000,40.131348,28246700
2015-08-31,43.560001,43.930000,43.099998,43.520000,39.756790,34441700
2015-09-01,42.169998,42.590000,41.660000,41.820000,38.203796,49688900
2015-09-02,42.360001,43.380001,41.880001,43.360001,39.610626,37671500
2015-09-03,43.410000,43.980000,43.279999,43.500000,39.738522,28285200
2015-09-04,42.810001,43.040001,42.200001,42.610001,38.925491,37138800
2015-09-08,43.299999,44.000000,43.200001,43.889999,40.094799,32469800
2015-09-09,44.209999,44.400002,42.910000,43.070000,39.345711,33469500
2015-09-10,43.119999,43.790001,42.750000,43.290001,39.546680,31366600
2015-09-11,43.139999,43.590000,42.939999,43.480000,39.720257,27132500
2015-09-14,43.430000,43.439999,42.860001,43.040001,39.318302,23656000
2015-09-15,43.189999,44.290001,43.080002,43.980000,40.177021,28882200
2015-09-16,43.970001,44.380001,43.840000,44.299999,40.469345,23372200
2015-09-17,44.290001,45.000000,44.080002,44.250000,40.423664,32768200
2015-09-18,43.500000,43.990002,43.330002,43.480000,39.720257,63143700
2015-09-21,43.619999,44.470001,43.599998,44.110001,40.295784,26177200
2015-09-22,43.380001,44.049999,43.310001,43.900002,40.103935,28085900
2015-09-23,43.930000,44.169998,43.509998,43.869999,40.076527,17145200
2015-09-24,43.450001,44.130001,43.270000,43.910000,40.113071,27905600
2015-09-25,44.480000,44.730000,43.759998,43.939999,40.140476,29384600
2015-09-28,43.830002,44.090000,43.209999,43.290001,39.546680,27613800
2015-09-29,43.369999,43.570000,43.049999,43.439999,39.683720,32763600
2015-09-30,43.880001,44.299999,43.660000,44.259998,40.432808,34958900
2015-10-01,44.750000,44.750000,43.750000,44.610001,40.752541,28657900
2015-10-02,44.270000,45.570000,43.919998,45.570000,41.629536,41839000
2015-10-05,45.750000,46.889999,45.700001,46.630001,42.597878,34369300
2015-10-06,46.330002,47.180000,46.220001,46.750000,42.707493,27017200
2015-10-07,47.099998,47.349998,45.950001,46.799999,42.753166,27711500
2015-10-08,46.560001,47.520000,46.500000,47.450001,43.346966,33772700
2015-10-09,47.450001,47.540001,46.919998,47.110001,43.036377,28600600
2015-10-12,46.980000,47.070000,46.500000,47.000000,42.935879,19769100
2015-10-13,46.560001,47.130001,46.560001,46.889999,42.835384,19987800
2015-10-14,46.650002,47.099998,46.529999,46.680000,42.643555,24697800
2015-10-15,47.009998,47.029999,46.529999,47.009998,42.945015,27189400
2015-10-16,47.020000,47.540001,46.900002,47.509998,43.401779,26450300
2015-10-19,47.419998,47.880001,47.020000,47.619999,43.502262,29387600
2015-10-20,47.439999,47.810001,47.020000,47.770000,43.639294,30802200
2015-10-21,47.919998,47.990002,47.110001,47.200001,43.118584,25144300
2015-10-22,47.529999,48.950001,47.090000,48.029999,43.876812,56637100
2015-10-23,52.299999,54.070000,52.250000,52.869999,48.298298,135227100
2015-10-26,52.529999,54.320000,52.500000,54.250000,49.558960,64633300
2015-10-27,53.990002,54.369999,53.580002,53.689999,49.047382,50999900
2015-10-28,53.540001,53.980000,52.860001,53.980000,49.312309,47000800
2015-10-29,53.540001,53.830002,53.220001,53.360001,48.745922,30202100
2015-10-30,53.320000,53.990002,52.619999,52.639999,48.088177,46619800
2015-11-02,52.849998,53.360001,52.619999,53.240002,48.636295,30285000
2015-11-03,52.930000,54.389999,52.900002,54.150002,49.467621,36596900
2015-11-04,54.180000,54.880001,54.060001,54.400002,49.695995,37087800
2015-11-05,54.490002,54.700001,54.000000,54.380001,49.677719,31468500
2015-11-06,54.090000,54.980000,53.959999,54.919998,50.171024,32851200
2015-11-09,54.549999,54.869999,53.560001,54.160000,49.476749,32513100
2015-11-10,54.070000,54.130001,53.270000,53.509998,48.882950,55283700
2015-11-11,53.700001,54.200001,53.459999,53.650002,49.010853,36516300
2015-11-12,53.480000,53.980000,53.189999,53.320000,48.709377,35361100
2015-11-13,53.070000,53.290001,52.529999,52.840000,48.270893,36848200
2015-11-16,53.080002,53.889999,52.849998,53.770000,49.120464,32165200
2015-11-17,53.169998,53.529999,52.849998,52.970001,48.715816,31551300
2015-11-18,53.000000,53.980000,52.980000,53.849998,49.525135,29710000
2015-11-19,53.990002,54.660000,53.779999,53.939999,49.607910,28149200
2015-11-20,54.250000,54.299999,53.270000,54.189999,49.837822,37147600
2015-11-23,54.250000,54.459999,53.750000,54.189999,49.837822,28235900
2015-11-24,53.919998,54.439999,53.580002,54.250000,49.893005,24600000
2015-11-25,54.090000,54.230000,53.689999,53.689999,49.377987,21005100
2015-11-27,53.799999,54.080002,53.790001,53.930000,49.598701,9009100
2015-11-30,54.540001,54.959999,54.000000,54.349998,49.984982,56241400
2015-12-01,54.410000,55.230000,54.299999,55.220001,50.785107,39952800
2015-12-02,55.320000,55.959999,55.060001,55.209999,50.775906,47274900
2015-12-03,55.490002,55.770000,53.930000,54.200001,49.847027,38627800
2015-12-04,54.119999,56.230000,54.099998,55.910000,51.419689,43963700
2015-12-07,55.790001,55.970001,55.290001,55.810001,51.327728,30709800
2015-12-08,55.470001,56.099998,54.990002,55.790001,51.309326,32878000
2015-12-09,55.369999,55.869999,54.509998,54.980000,50.564381,36373200
2015-12-10,55.389999,55.660000,55.009998,55.270000,50.831093,31775800
2015-12-11,54.709999,55.099998,54.009998,54.060001,49.718269,39549500
2015-12-14,54.330002,55.209999,53.680000,55.139999,50.711536,46768900
2015-12-15,55.660000,55.900002,55.090000,55.200001,50.766716,39843000
2015-12-16,55.540001,56.250000,54.759998,56.130001,51.622021,37503300
2015-12-17,56.360001,56.790001,55.529999,55.700001,51.226551,41280900
2015-12-18,55.770000,56.000000,54.029999,54.130001,49.782642,84684200
2015-12-21,54.880001,55.349998,54.230000,54.830002,50.426434,37246300
2015-12-22,54.990002,55.480000,54.500000,55.349998,50.904655,28322200
2015-12-23,55.700001,55.880001,55.439999,55.820000,51.336910,27279800
2015-12-24,55.860001,55.959999,55.430000,55.669998,51.198963,9558500
2015-12-28,55.349998,55.950001,54.980000,55.950001,51.456482,22458300
2015-12-29,56.290001,56.849998,56.060001,56.549999,52.008289,27731400
2015-12-30,56.470001,56.779999,56.290001,56.310001,51.787560,21704500
2015-12-31,56.040001,56.189999,55.419998,55.480000,51.024227,27334100
2016-01-04,54.320000,54.799999,53.389999,54.799999,50.398834,53778000
2016-01-05,54.930000,55.389999,54.540001,55.049999,50.628761,34079700
2016-01-06,54.320000,54.400002,53.639999,54.049999,49.709072,39518900
2016-01-07,52.700001,53.490002,52.070000,52.169998,47.980057,56564900
2016-01-08,52.369999,53.279999,52.150002,52.330002,48.127216,48754000
2016-01-11,52.509998,52.849998,51.459999,52.299999,48.099617,36943800
2016-01-12,52.759998,53.099998,52.060001,52.779999,48.541073,36095500
2016-01-13,53.799999,54.070000,51.299999,51.639999,47.492630,66883600
2016-01-14,52.000000,53.419998,51.570000,53.110001,48.844570,52381900
2016-01-15,51.310001,51.970001,50.340000,50.990002,46.894836,71820700
2016-01-19,51.480000,51.680000,50.060001,50.560001,46.499371,43564500
2016-01-20,49.980000,51.380001,49.099998,50.790001,46.710896,63273000
2016-01-21,51.000000,51.580002,50.299999,50.480000,46.425785,40191200
2016-01-22,51.410000,52.330002,51.259998,52.290001,48.090416,37555800
2016-01-25,51.939999,52.650002,51.650002,51.790001,47.630577,34707700
2016-01-26,51.790001,52.439999,51.549999,52.169998,47.980057,28900800
2016-01-27,52.009998,52.200001,51.020000,51.220001,47.106358,36775200
2016-01-28,51.860001,52.209999,51.250000,52.060001,47.878891,62513800
2016-01-29,54.730000,55.090000,54.000000,55.090000,50.665543,83611700
2016-02-01,54.880001,55.090000,54.500000,54.709999,50.316063,44208500
2016-02-02,54.169998,54.259998,52.650002,53.000000,48.743404,56313800
2016-02-03,53.250000,53.389999,51.259998,52.160000,47.970860,57559800
2016-02-04,52.099998,52.810001,51.369999,52.000000,47.823719,46987100
2016-02-05,51.939999,52.000000,49.560001,50.160000,46.131496,62009000
2016-02-08,49.549999,49.570000,48.189999,49.410000,45.441711,59290500
2016-02-09,49.020000,50.240002,48.669998,49.279999,45.322163,46740500
2016-02-10,49.889999,50.389999,49.520000,49.709999,45.717632,38237000
2016-02-11,48.680000,50.110001,48.509998,49.689999,45.699234,48878600
2016-02-12,50.250000,50.680000,49.750000,50.500000,46.444187,34243300
2016-02-16,50.900002,51.090000,50.130001,51.090000,47.324162,37291200
2016-02-17,51.490002,52.770000,51.450001,52.419998,48.556126,40789000
2016-02-18,52.330002,52.950001,52.099998,52.189999,48.343075,27176000
2016-02-19,51.970001,52.279999,51.529999,51.820000,48.000340,33559100
2016-02-22,52.279999,53.000000,52.279999,52.650002,48.769173,25008300
2016-02-23,52.340000,52.369999,50.980000,51.180000,47.407524,28895300
2016-02-24,50.689999,51.500000,50.200001,51.360001,47.574257,33014500
2016-02-25,51.730000,52.099998,50.610001,52.099998,48.259720,26939500
2016-02-26,52.599998,52.680000,51.099998,51.299999,47.518673,35975900
2016-02-29,51.349998,51.650002,50.660000,50.880001,47.129642,31654000
2016-03-01,50.970001,52.590000,50.919998,52.580002,48.704338,33024500
2016-03-02,52.410000,52.959999,52.160000,52.950001,49.047066,29289900
2016-03-03,52.970001,52.970001,51.779999,52.349998,48.491283,24427800
2016-03-04,52.400002,52.450001,51.709999,52.029999,48.194870,33034200
2016-03-07,51.560001,51.799999,50.580002,51.029999,47.268581,38407800
2016-03-08,50.799999,52.130001,50.599998,51.650002,47.842880,33835100
2016-03-09,51.889999,52.849998,51.860001,52.840000,48.945175,28251600
2016-03-10,52.930000,52.939999,51.160000,52.049999,48.213406,38387800
2016-03-11,53.000000,53.070000,52.380001,53.070000,49.158211,32275700
2016-03-14,52.709999,53.590000,52.630001,53.169998,49.250839,24083600
2016-03-15,52.750000,53.590000,52.740002,53.590000,49.639877,21104800
2016-03-16,53.450001,54.599998,53.400002,54.349998,50.343864,31691700
2016-03-17,54.209999,55.000000,54.000000,54.660000,50.631012,28223900
2016-03-18,54.919998,54.970001,53.450001,53.490002,49.547253,67625500
2016-03-21,53.250000,53.930000,52.930000,53.860001,49.889980,23925700
2016-03-22,53.610001,54.250000,53.459999,54.070000,50.084503,23124100
2016-03-23,54.110001,54.240002,53.740002,53.970001,49.991879,20129000
2016-03-24,53.840000,54.330002,53.730000,54.209999,50.214188,19950000
2016-03-28,54.209999,54.290001,53.330002,53.540001,49.593563,17025100
2016-03-29,53.660000,54.860001,53.450001,54.709999,50.677326,23924300
2016-03-30,54.930000,55.639999,54.900002,55.049999,50.992271,23008300
2016-03-31,54.950001,55.590000,54.860001,55.230000,51.158993,26360500
2016-04-01,55.049999,55.610001,54.570000,55.570000,51.473946,24399200
2016-04-04,55.430000,55.660000,55.000000,55.430000,51.344265,18928800
2016-04-05,55.189999,55.299999,54.459999,54.560001,50.538391,19272300
2016-04-06,54.360001,55.200001,54.209999,55.119999,51.057102,21188700
2016-04-07,54.869999,54.910000,54.230000,54.459999,50.445763,19225100
2016-04-08,54.669998,55.279999,54.320000,54.419998,50.408707,22167200
2016-04-11,54.490002,55.150002,54.299999,54.310001,50.306816,21414200
2016-04-12,54.369999,54.779999,53.759998,54.650002,50.621754,24944300
2016-04-13,55.119999,55.439999,54.889999,55.349998,51.270149,20818000
2016-04-14,55.220001,55.580002,55.070000,55.360001,51.279415,20877100
2016-04-15,55.299999,55.919998,55.110001,55.650002,51.548042,28793800
2016-04-18,55.490002,56.590000,55.209999,56.459999,52.298336,23786000
2016-04-19,56.630001,56.770000,55.680000,56.389999,52.233494,29596800
2016-04-20,56.290001,56.500000,55.490002,55.590000,51.492466,36195700
2016-04-21,55.799999,56.230000,55.419998,55.779999,51.668461,38909100
2016-04-22,51.910000,52.430000,50.770000,51.779999,47.963299,126834100
2016-04-25,51.779999,52.130001,51.630001,52.110001,48.268978,33226900
2016-04-26,52.259998,52.349998,51.090000,51.439999,47.648361,33532600
2016-04-27,51.480000,51.500000,50.549999,50.939999,47.185215,43369300
2016-04-28,50.619999,50.770000,49.560001,49.900002,46.221874,43134800
2016-04-29,49.349998,50.250000,49.349998,49.869999,46.194080,48411700
2016-05-02,50.000000,50.750000,49.779999,50.610001,46.879543,33114500
2016-05-03,50.340000,50.410000,49.599998,49.779999,46.110718,26460200
2016-05-04,49.840000,50.060001,49.459999,49.869999,46.194080,24257600
2016-05-05,49.869999,50.299999,49.730000,49.939999,46.258923,25390700
2016-05-06,49.919998,50.389999,49.660000,50.389999,46.675755,24787300
2016-05-09,50.490002,50.590000,50.000000,50.070000,46.379345,17951600
2016-05-10,50.330002,51.099998,50.189999,51.020000,47.259319,22891000
2016-05-11,51.130001,51.779999,51.000000,51.049999,47.287109,24039100
2016-05-12,51.200001,51.810001,50.919998,51.509998,47.713200,24102800
2016-05-13,51.439999,51.900002,51.040001,51.080002,47.314903,22592300
2016-05-16,50.799999,51.959999,50.750000,51.830002,48.009617,20032000
2016-05-17,51.720001,51.730000,50.360001,50.509998,47.114151,27803500
2016-05-18,50.480000,51.139999,50.299999,50.810001,47.393982,24907500
2016-05-19,50.470001,50.619999,49.820000,50.320000,46.936924,23842400
2016-05-20,50.480000,51.220001,50.400002,50.619999,47.216755,23905800
2016-05-23,50.599998,50.680000,49.980000,50.029999,46.666435,26118700
2016-05-24,50.700001,51.709999,50.400002,51.590000,48.121552,34757900
2016-05-25,51.919998,52.490002,51.790001,52.119999,48.615913,24040200
2016-05-26,51.930000,51.980000,51.360001,51.889999,48.401371,24335200
2016-05-27,51.919998,52.320000,51.770000,52.320000,48.802471,17721400
2016-05-31,52.259998,53.000000,52.080002,53.000000,49.436760,37653100
2016-06-01,52.439999,52.950001,52.439999,52.849998,49.296829,25324800
2016-06-02,52.639999,52.740002,51.840000,52.480000,48.951721,22840800
2016-06-03,52.380001,52.419998,51.599998,51.790001,48.308094,23368300
2016-06-06,51.990002,52.349998,51.889999,52.130001,48.625252,18243300
2016-06-07,52.240002,52.730000,52.099998,52.099998,48.597263,20866800
2016-06-08,52.020000,52.439999,51.869999,52.040001,48.541286,21149400
2016-06-09,52.000000,52.000000,51.490002,51.619999,48.149521,20305700
2016-06-10,51.049999,52.049999,51.040001,51.480000,48.018940,25833200
2016-06-13,49.580002,50.720001,49.060001,50.139999,46.769024,83217800
2016-06-14,49.900002,50.099998,49.570000,49.830002,46.479874,42577100
2016-06-15,49.779999,50.119999,49.689999,49.689999,46.349285,33757600
2016-06-16,49.520000,50.470001,49.509998,50.389999,47.002224,31188600
2016-06-17,50.410000,50.430000,49.820000,50.130001,46.759705,45710500
2016-06-20,50.639999,50.830002,50.029999,50.070000,46.703743,35607900
2016-06-21,50.200001,51.430000,50.160000,51.189999,47.748436,34097800
2016-06-22,51.080002,51.459999,50.950001,50.990002,47.561893,28816800
2016-06-23,51.279999,52.060001,51.150002,51.910000,48.420033,29028800
2016-06-24,49.810001,50.939999,49.520000,49.830002,46.479874,133503000
2016-06-27,49.099998,49.150002,48.040001,48.430000,45.173996,50216300
2016-06-28,48.919998,49.470001,48.669998,49.439999,46.116089,38140700
2016-06-29,49.910000,50.720001,49.799999,50.540001,47.142136,31304000
2016-06-30,50.720001,51.299999,50.500000,51.169998,47.729782,28527800
2016-07-01,51.130001,51.720001,51.070000,51.160000,47.720455,21400400
2016-07-05,50.830002,51.279999,50.740002,51.169998,47.729782,24806400
2016-07-06,50.779999,51.540001,50.389999,51.380001,47.925667,28167500
2016-07-07,51.419998,51.610001,51.070000,51.380001,47.925667,19585200
2016-07-08,51.730000,52.360001,51.549999,52.299999,48.783810,28391000
2016-07-11,52.500000,52.830002,52.470001,52.590000,49.054321,22269200
2016-07-12,52.939999,53.400002,52.790001,53.209999,49.632633,27317600
2016-07-13,53.560001,53.860001,53.180000,53.509998,49.912457,25356800
2016-07-14,53.840000,53.990002,53.580002,53.740002,50.127003,24545500
2016-07-15,53.950001,54.000000,53.209999,53.700001,50.089695,32024400
2016-07-18,53.700001,54.340000,53.549999,53.959999,50.332211,31433900
2016-07-19,53.709999,53.900002,52.930000,53.090000,49.520702,53336500
2016-07-20,56.150002,56.840000,55.529999,55.910000,52.151108,89893300
2016-07-21,55.980000,56.230000,55.759998,55.799999,52.048508,32776700
2016-07-22,56.080002,56.630001,55.779999,56.570000,52.766743,32157200
2016-07-25,56.470001,56.740002,56.259998,56.730000,52.915970,25610600
2016-07-26,56.520000,57.290001,56.509998,56.759998,52.943954,28079000
2016-07-27,56.610001,56.799999,56.110001,56.189999,52.412281,32327500
2016-07-28,56.000000,56.369999,55.720001,56.209999,52.430939,37550400
2016-07-29,56.259998,56.759998,56.049999,56.680000,52.869335,30558700
2016-08-01,56.599998,56.750000,56.139999,56.580002,52.776062,26003400
2016-08-02,56.849998,56.900002,56.310001,56.580002,52.776062,35122000
2016-08-03,56.680000,57.110001,56.490002,56.970001,53.139847,22075600
2016-08-04,56.799999,57.520000,56.669998,57.389999,53.531605,26587700
2016-08-05,57.650002,58.209999,57.450001,57.959999,54.063278,29335200
2016-08-08,58.060001,58.090000,57.779999,58.060001,54.156563,19473500
2016-08-09,58.169998,58.500000,58.020000,58.200001,54.287144,16920700
2016-08-10,58.160000,58.320000,57.820000,58.020000,54.119259,15756900
2016-08-11,58.029999,58.450001,58.029999,58.299999,54.380424,18162300
2016-08-12,58.029999,58.189999,57.619999,57.939999,54.044632,21655200
2016-08-15,58.009998,58.500000,57.959999,58.119999,54.212524,19283900
2016-08-16,57.610001,57.619999,57.270000,57.439999,53.912174,20523500
2016-08-17,57.540001,57.680000,57.230000,57.560001,54.024803,18856400
2016-08-18,57.419998,57.700001,57.270000,57.599998,54.062355,14214300
2016-08-19,57.430000,57.730000,57.200001,57.619999,54.081123,17271000
2016-08-22,57.599998,57.750000,57.259998,57.669998,54.128052,15221900
2016-08-23,57.900002,58.180000,57.849998,57.889999,54.334541,18732400
2016-08-24,57.799999,58.040001,57.720001,57.950001,54.390858,18151500
2016-08-25,57.880001,58.290001,57.779999,58.169998,54.597343,18552600
2016-08-26,58.279999,58.700001,57.689999,58.029999,54.465939,20971200
2016-08-29,58.180000,58.599998,58.099998,58.099998,54.531643,16417200
2016-08-30,57.980000,58.189999,57.610001,57.889999,54.334541,16930200
2016-08-31,57.650002,57.799999,57.299999,57.459999,53.930954,20860300
2016-09-01,57.009998,57.820000,57.009998,57.590000,54.052967,26075400
2016-09-02,57.669998,58.189999,57.419998,57.669998,54.128052,18900500
2016-09-06,57.779999,57.799999,57.209999,57.610001,54.071743,16278400
2016-09-07,57.470001,57.840000,57.410000,57.660000,54.118664,17493400
2016-09-08,57.630001,57.790001,57.180000,57.430000,53.902790,20146100
2016-09-09,56.790001,57.520000,56.209999,56.209999,52.757725,35113900
2016-09-12,56.000000,57.209999,55.610001,57.049999,53.546135,29303000
2016-09-13,56.500000,56.650002,56.049999,56.529999,53.058075,30130200
2016-09-14,56.389999,56.630001,56.029999,56.259998,52.804646,24062500
2016-09-15,56.150002,57.349998,55.980000,57.189999,53.677528,26847000
2016-09-16,57.630001,57.630001,56.750000,57.250000,53.733849,44607000
2016-09-19,57.270000,57.750000,56.849998,56.930000,53.433506,20937100
2016-09-20,57.349998,57.349998,56.750000,56.810001,53.320869,17384000
2016-09-21,57.509998,57.849998,57.080002,57.759998,54.212521,33707300
2016-09-22,57.919998,58.000000,57.630001,57.820000,54.268845,19822200
2016-09-23,57.869999,57.910000,57.380001,57.430000,53.902790,19955300
2016-09-26,57.080002,57.139999,56.830002,56.900002,53.405354,21688700
2016-09-27,56.930000,58.060001,56.680000,57.950001,54.390858,28065100
2016-09-28,57.880001,58.060001,57.669998,58.029999,54.465939,20536400
2016-09-29,57.810001,58.169998,57.209999,57.400002,53.874641,25463500
2016-09-30,57.570000,57.770000,57.340000,57.599998,54.062355,29910800
2016-10-03,57.410000,57.549999,57.060001,57.419998,53.893410,19189500
2016-10-04,57.270000,57.599998,56.970001,57.240002,53.724464,20085900
2016-10-05,57.290001,57.959999,57.259998,57.639999,54.099899,16726400
2016-10-06,57.740002,57.860001,57.279999,57.740002,54.193756,16212600
2016-10-07,57.849998,57.980000,57.419998,57.799999,54.250069,20089000
2016-10-10,57.910000,58.389999,57.869999,58.040001,54.475330,18196500
2016-10-11,57.889999,58.020000,56.889999,57.189999,53.677528,26497400
2016-10-12,57.110001,57.270000,56.400002,57.110001,53.602444,22177500
2016-10-13,56.700001,57.299999,56.320000,56.919998,53.424122,25313700
2016-10-14,57.119999,57.740002,57.119999,57.419998,53.893410,27402500
2016-10-17,57.360001,57.459999,56.869999,57.220001,53.705692,23830000
2016-10-18,57.529999,57.950001,57.410000,57.660000,54.118664,19149500
2016-10-19,57.470001,57.840000,57.400002,57.529999,53.996651,22878400
2016-10-20,57.500000,57.520000,56.660000,57.250000,53.733849,49455600
2016-10-21,60.279999,60.450001,59.490002,59.660000,55.995831,80032200
2016-10-24,59.939999,61.000000,59.930000,61.000000,57.253532,54067000
2016-10-25,60.849998,61.369999,60.799999,60.990002,57.244148,35137200
2016-10-26,60.810001,61.200001,60.470001,60.630001,56.906250,29911600
2016-10-27,60.610001,60.830002,60.090000,60.099998,56.408806,28479900
2016-10-28,60.009998,60.520000,59.580002,59.869999,56.192932,33574700
2016-10-31,60.160000,60.419998,59.919998,59.919998,56.239861,26434700
2016-11-01,59.970001,60.020000,59.250000,59.799999,56.127235,24533000
2016-11-02,59.820000,59.930000,59.299999,59.430000,55.779957,22147000
2016-11-03,59.529999,59.639999,59.110001,59.209999,55.573471,21600400
2016-11-04,58.650002,59.279999,58.520000,58.709999,55.104179,28697000
2016-11-07,59.779999,60.520000,59.779999,60.419998,56.709156,31664800
2016-11-08,60.549999,60.779999,60.150002,60.470001,56.756084,22935400
2016-11-09,60.000000,60.590000,59.200001,60.169998,56.474503,49632500
2016-11-10,60.480000,60.490002,57.630001,58.700001,55.094799,57822400
2016-11-11,58.230000,59.119999,58.009998,59.020000,55.395142,38767800
2016-11-14,59.020000,59.080002,57.279999,58.119999,54.550411,41328400
2016-11-15,58.330002,59.490002,58.320000,58.869999,55.627632,35904100
2016-11-16,58.939999,59.660000,58.810001,59.650002,56.364674,27332500
2016-11-17,60.410000,60.950001,59.970001,60.639999,57.300140,32132700
2016-11-18,60.779999,61.139999,60.299999,60.349998,57.026115,27686300
2016-11-21,60.500000,60.970001,60.419998,60.860001,57.508022,19652600
2016-11-22,60.980000,61.259998,60.810001,61.119999,57.753696,23206700
2016-11-23,61.009998,61.099998,60.250000,60.400002,57.073364,21848900
2016-11-25,60.299999,60.529999,60.130001,60.529999,57.196201,8409600
2016-11-28,60.340000,61.020000,60.209999,60.610001,57.271793,20732600
2016-11-29,60.650002,61.410000,60.520000,61.090000,57.725357,22366700
2016-11-30,60.860001,61.180000,60.220001,60.259998,56.941071,34655400
2016-12-01,60.110001,60.150002,58.939999,59.200001,55.939449,34542100
2016-12-02,59.080002,59.470001,58.799999,59.250000,55.986698,25515700
2016-12-05,59.700001,60.590000,59.560001,60.220001,56.903275,23552700
2016-12-06,60.430000,60.459999,59.799999,59.950001,56.648148,19907000
2016-12-07,60.009998,61.380001,59.799999,61.369999,57.989937,30809000
2016-12-08,61.299999,61.580002,60.840000,61.009998,57.649757,21220800
2016-12-09,61.180000,61.990002,61.130001,61.970001,58.556896,27349400
2016-12-12,61.820000,62.299999,61.720001,62.169998,58.745872,20198100
2016-12-13,62.500000,63.419998,62.240002,62.980000,59.511261,35718900
2016-12-14,63.000000,63.450001,62.529999,62.680000,59.227783,30352700
2016-12-15,62.700001,63.150002,62.299999,62.580002,59.133289,27669900
2016-12-16,62.950001,62.950001,62.119999,62.299999,58.868710,42453100
2016-12-19,62.560001,63.770000,62.419998,63.619999,60.116005,34338200
2016-12-20,63.689999,63.799999,63.029999,63.540001,60.040417,26028400
2016-12-21,63.430000,63.700001,63.119999,63.540001,60.040417,17096300
2016-12-22,63.840000,64.099998,63.410000,63.549999,60.049877,22176600
2016-12-23,63.450001,63.540001,62.799999,63.240002,59.756943,12403800
2016-12-27,63.209999,64.070000,63.209999,63.279999,59.794735,11763200
2016-12-28,63.400002,63.400002,62.830002,62.990002,59.520710,14653300
2016-12-29,62.860001,63.200001,62.730000,62.900002,59.435673,10250600
2016-12-30,62.959999,62.990002,62.029999,62.139999,58.717522,25579900
2017-01-03,62.790001,62.840000,62.130001,62.580002,59.133289,20694100
2017-01-04,62.480000,62.750000,62.119999,62.299999,58.868710,21340000
2017-01-05,62.189999,62.660000,62.029999,62.299999,58.868710,24876000
2017-01-06,62.299999,63.150002,62.040001,62.840000,59.378971,19922900
2017-01-09,62.759998,63.080002,62.540001,62.639999,59.189987,20382700
2017-01-10,62.730000,63.070000,62.279999,62.619999,59.171085,18593000
2017-01-11,62.610001,63.230000,62.430000,63.189999,59.709686,21517300
2017-01-12,63.060001,63.400002,61.950001,62.610001,59.161636,20968200
2017-01-13,62.619999,62.869999,62.349998,62.700001,59.246685,19422300
2017-01-17,62.680000,62.700001,62.029999,62.529999,59.086044,20664000
2017-01-18,62.669998,62.700001,62.119999,62.500000,59.057697,19670100
2017-01-19,62.240002,62.980000,62.200001,62.299999,58.868710,18451700
2017-01-20,62.669998,62.820000,62.369999,62.740002,59.284477,30213500
2017-01-23,62.700001,63.119999,62.570000,62.959999,59.492367,23097600
2017-01-24,63.200001,63.740002,62.939999,63.520000,60.021526,24672900
2017-01-25,63.950001,64.099998,63.450001,63.680000,60.172703,23672700
2017-01-26,64.120003,64.540001,63.549999,64.269997,60.730209,43554600
2017-01-27,65.389999,65.910004,64.889999,65.779999,62.157043,44818000
2017-01-30,65.690002,65.790001,64.800003,65.129997,61.542835,31651400
2017-01-31,64.860001,65.150002,64.260002,64.650002,61.089279,25270500
2017-02-01,64.360001,64.620003,63.470001,63.580002,60.078220,39671500
2017-02-02,63.250000,63.410000,62.750000,63.169998,59.690788,45827000
2017-02-03,63.500000,63.700001,63.070000,63.680000,60.172703,30301800
2017-02-06,63.500000,63.650002,63.139999,63.639999,60.134907,19796400
2017-02-07,63.740002,63.779999,63.230000,63.430000,59.936474,20277200
2017-02-08,63.570000,63.810001,63.220001,63.340000,59.851437,18096400
2017-02-09,63.520000,64.440002,63.320000,64.059998,60.531776,22644400
2017-02-10,64.250000,64.300003,63.980000,64.000000,60.475086,18170700
2017-02-13,64.239998,64.860001,64.129997,64.720001,61.155426,22920100
2017-02-14,64.410004,64.720001,64.019997,64.570000,61.383595,23108400
2017-02-15,64.500000,64.570000,64.160004,64.529999,61.345562,17005200
2017-02-16,64.739998,65.239998,64.440002,64.519997,61.336044,20546300
2017-02-17,64.470001,64.690002,64.300003,64.620003,61.431122,21248800
2017-02-21,64.610001,64.949997,64.449997,64.489998,61.307537,20655900
2017-02-22,64.330002,64.389999,64.050003,64.360001,61.183949,19292700
2017-02-23,64.419998,64.730003,64.190002,64.620003,61.431122,20273100
2017-02-24,64.529999,64.800003,64.139999,64.620003,61.431122,21796800
2017-02-27,64.540001,64.540001,64.050003,64.230003,61.060368,15871500
2017-02-28,64.080002,64.199997,63.759998,63.980000,60.822701,23239800
2017-03-01,64.129997,64.989998,64.019997,64.940002,61.735340,26937500
2017-03-02,64.690002,64.750000,63.880001,64.010002,60.851223,24539600
2017-03-03,63.990002,64.279999,63.619999,64.250000,61.079372,18135900
2017-03-06,63.970001,64.559998,63.810001,64.269997,61.098389,18750300
2017-03-07,64.190002,64.779999,64.190002,64.400002,61.221981,18521000
2017-03-08,64.260002,65.080002,64.250000,64.989998,61.782856,21510900
2017-03-09,65.190002,65.199997,64.480003,64.730003,61.535694,19846800
2017-03-10,65.110001,65.260002,64.750000,64.930000,61.725811,19538200
2017-03-13,65.010002,65.190002,64.570000,64.709999,61.516678,20100000
2017-03-14,64.529999,64.550003,64.150002,64.410004,61.231480,14280200
2017-03-15,64.550003,64.919998,64.250000,64.750000,61.554707,24833800
2017-03-16,64.750000,64.760002,64.300003,64.639999,61.450130,20674300
2017-03-17,64.910004,65.239998,64.680000,64.870003,61.668781,49219700
2017-03-20,64.910004,65.180000,64.720001,64.930000,61.725811,14598100
2017-03-21,65.190002,65.500000,64.129997,64.209999,61.041351,26640500
2017-03-22,64.120003,65.139999,64.120003,65.029999,61.820881,20680000
2017-03-23,64.940002,65.239998,64.769997,64.870003,61.668781,19269200
2017-03-24,65.360001,65.449997,64.760002,64.980003,61.773365,22617100
2017-03-27,64.629997,65.220001,64.349998,65.099998,61.887432,18614700
2017-03-28,64.959999,65.470001,64.650002,65.290001,62.068058,20080400
2017-03-29,65.120003,65.500000,64.949997,65.470001,62.239174,13618400
2017-03-30,65.419998,65.980003,65.360001,65.709999,62.467327,15122800
2017-03-31,65.650002,66.190002,65.449997,65.860001,62.609928,21040300
2017-04-03,65.809998,65.940002,65.190002,65.550003,62.315228,20400900
2017-04-04,65.389999,65.809998,65.279999,65.730003,62.486347,12997400
2017-04-05,66.300003,66.349998,65.440002,65.559998,62.324734,21448600
2017-04-06,65.599998,66.059998,65.480003,65.730003,62.486347,18103500
2017-04-07,65.849998,65.959999,65.440002,65.680000,62.438808,14108500
2017-04-10,65.610001,65.820000,65.360001,65.529999,62.296192,17952700
2017-04-11,65.599998,65.610001,64.849998,65.480003,62.248676,18791500
2017-04-12,65.419998,65.510002,65.110001,65.230003,62.011013,17108500
2017-04-13,65.290001,65.860001,64.949997,64.949997,61.744827,17896500
2017-04-17,65.040001,65.489998,65.010002,65.480003,62.248676,16689300
2017-04-18,65.330002,65.709999,65.160004,65.389999,62.163124,15155600
2017-04-19,65.650002,65.750000,64.889999,65.040001,61.830387,26992800
2017-04-20,65.459999,65.750000,65.139999,65.500000,62.267696,22299500
2017-04-21,65.669998,66.699997,65.449997,66.400002,63.123283,32522600
2017-04-24,67.480003,67.660004,67.099998,67.529999,64.197510,29770000
2017-04-25,67.900002,68.040001,67.599998,67.919998,64.568283,30242700
2017-04-26,68.080002,68.309998,67.620003,67.830002,64.482712,26190800
2017-04-27,68.150002,68.379997,67.580002,68.269997,64.900993,34971000
2017-04-28,68.910004,69.139999,67.690002,68.459999,65.081627,39548800
2017-05-01,68.680000,69.550003,68.500000,69.410004,65.984741,31954400
2017-05-02,69.709999,69.709999,69.129997,69.300003,65.880165,23906100
2017-05-03,69.379997,69.379997,68.709999,69.080002,65.671036,28928000
2017-05-04,69.029999,69.080002,68.639999,68.809998,65.414337,21749400
2017-05-05,68.900002,69.029999,68.489998,69.000000,65.594978,19128800
2017-05-08,68.970001,69.050003,68.419998,68.940002,65.537918,18566100
2017-05-09,68.860001,69.279999,68.680000,69.040001,65.633011,22858400
2017-05-10,68.989998,69.559998,68.919998,69.309998,65.889679,17977800
2017-05-11,68.360001,68.730003,68.120003,68.459999,65.081627,28789400
2017-05-12,68.610001,68.610001,68.040001,68.379997,65.005577,18714100
2017-05-15,68.139999,68.480003,67.570000,68.430000,65.053108,31530300
2017-05-16,68.230003,69.440002,68.160004,69.410004,66.362968,34956000
2017-05-17,68.889999,69.099998,67.430000,67.480003,64.517685,30548800
2017-05-18,67.400002,68.129997,67.139999,67.709999,64.737587,25201300
2017-05-19,67.500000,68.099998,67.430000,67.690002,64.718475,26961100
2017-05-22,67.889999,68.500000,67.500000,68.449997,65.445099,16237600
2017-05-23,68.720001,68.750000,68.379997,68.680000,65.665009,15425800
2017-05-24,68.870003,68.879997,68.449997,68.769997,65.751060,14593900
2017-05-25,68.970001,69.879997,68.910004,69.620003,66.563751,21854100
2017-05-26,69.800003,70.220001,69.519997,69.959999,66.888802,19827900
2017-05-30,69.790001,70.410004,69.769997,70.410004,67.319077,17072800
2017-05-31,70.529999,70.739998,69.809998,69.839996,66.774078,30436400
2017-06-01,70.239998,70.610001,69.449997,70.099998,67.022667,21603600
2017-06-02,70.440002,71.860001,70.239998,71.760002,68.609795,34770300
2017-06-05,71.970001,72.889999,71.809998,72.279999,69.106972,33316800
2017-06-06,72.300003,72.620003,72.269997,72.519997,69.336433,31511100
2017-06-07,72.639999,72.769997,71.949997,72.389999,69.212143,22301800
2017-06-08,72.510002,72.519997,71.500000,71.949997,68.791458,24588300
2017-06-09,72.040001,72.080002,68.589996,70.320000,67.233017,49187400
2017-06-12,69.250000,69.940002,68.129997,69.779999,66.716705,47761700
2017-06-13,70.019997,70.820000,69.959999,70.650002,67.548523,25258600
2017-06-14,70.910004,71.099998,69.430000,70.269997,67.185211,25510700
2017-06-15,69.269997,70.209999,68.800003,69.900002,66.831459,26068700
2017-06-16,69.730003,70.029999,69.220001,70.000000,66.927071,48345100
2017-06-19,70.500000,70.940002,70.349998,70.870003,67.758865,23798300
2017-06-20,70.820000,70.870003,69.870003,69.910004,66.841011,21512200
2017-06-21,70.209999,70.620003,69.940002,70.269997,67.185211,19891100
2017-06-22,70.540001,70.589996,69.709999,70.260002,67.175644,22965700
2017-06-23,70.089996,71.250000,69.919998,71.209999,68.083939,27617300
2017-06-26,71.400002,71.709999,70.440002,70.529999,67.433784,19607000
2017-06-27,70.110001,70.180000,69.180000,69.209999,66.171738,25215100
2017-06-28,69.209999,69.839996,68.790001,69.800003,66.735847,25806200
2017-06-29,69.379997,69.489998,68.089996,68.489998,65.483353,28918700
2017-06-30,68.779999,69.379997,68.739998,68.930000,65.904030,24161100
2017-07-03,69.330002,69.599998,68.019997,68.169998,65.177391,16165500
2017-07-05,68.260002,69.440002,68.220001,69.080002,66.047440,21176300
2017-07-06,68.269997,68.779999,68.120003,68.570000,65.559837,21117600
2017-07-07,68.699997,69.839996,68.699997,69.459999,66.410767,16878300
2017-07-10,69.459999,70.250000,69.199997,69.980003,66.907944,15014500
2017-07-11,70.000000,70.680000,69.750000,69.989998,66.917488,17460000
2017-07-12,70.690002,71.279999,70.550003,71.150002,68.026588,17750900
2017-07-13,71.500000,72.040001,71.309998,71.769997,68.619354,20269800
2017-07-14,72.239998,73.269997,71.959999,72.779999,69.585030,25868100
2017-07-17,72.800003,73.449997,72.720001,73.349998,70.129997,21803900
2017-07-18,73.089996,73.389999,72.660004,73.300003,70.082191,26435300
2017-07-19,73.500000,74.040001,73.449997,73.860001,70.617607,22416200
2017-07-20,74.180000,74.300003,73.279999,74.220001,70.961807,42361000
2017-07-21,73.449997,74.290001,73.169998,73.790001,70.550682,46717100
2017-07-24,73.529999,73.750000,73.129997,73.599998,70.369026,21394800
2017-07-25,73.800003,74.309998,73.500000,74.190002,70.933136,22018700
2017-07-26,74.339996,74.379997,73.809998,74.050003,70.799263,16252200
2017-07-27,73.760002,74.419998,72.320000,73.160004,69.948341,36844200
2017-07-28,72.669998,73.309998,72.540001,73.040001,69.833595,18306700
2017-07-31,73.300003,73.440002,72.410004,72.699997,69.508530,23600100
2017-08-01,73.099998,73.419998,72.489998,72.580002,69.393814,22132300
2017-08-02,72.550003,72.559998,71.440002,72.260002,69.087852,26499200
2017-08-03,72.190002,72.440002,71.849998,72.150002,68.982681,18214400
2017-08-04,72.400002,73.040001,72.239998,72.680000,69.489418,22579000
2017-08-07,72.800003,72.900002,72.260002,72.400002,69.221710,18705700
2017-08-08,72.089996,73.129997,71.750000,72.790001,69.594582,22044600
2017-08-09,72.250000,72.510002,72.050003,72.470001,69.288635,22213400
2017-08-10,71.900002,72.190002,71.349998,71.410004,68.275154,24734500
2017-08-11,71.610001,72.699997,71.279999,72.500000,69.317314,21443700
2017-08-14,73.059998,73.720001,72.949997,73.589996,70.359459,20096600
2017-08-15,73.589996,73.589996,73.040001,73.220001,70.378693,19181400
2017-08-16,73.339996,74.099998,73.169998,73.650002,70.792000,18150400
2017-08-17,73.580002,73.870003,72.400002,72.400002,69.590508,22977500
2017-08-18,72.269997,72.839996,71.930000,72.489998,69.677017,18761500
2017-08-21,72.470001,72.480003,71.699997,72.150002,69.350212,17734800
2017-08-22,72.349998,73.239998,72.349998,73.160004,70.321030,14343700
2017-08-23,72.959999,73.150002,72.529999,72.720001,69.898102,13766500
2017-08-24,72.739998,72.860001,72.070000,72.690002,69.869255,17098300
2017-08-25,72.860001,73.349998,72.480003,72.820000,69.994194,12794300
2017-08-28,73.059998,73.089996,72.550003,72.830002,70.003822,14569700
2017-08-29,72.250000,73.160004,72.050003,73.050003,70.215279,11478400
2017-08-30,73.010002,74.209999,72.830002,74.010002,71.138023,16897800
2017-08-31,74.029999,74.959999,73.800003,74.769997,71.868546,27652800
2017-09-01,74.709999,74.739998,73.639999,73.940002,71.070747,21736200
2017-09-05,73.339996,73.889999,72.980003,73.610001,70.753555,21556000
2017-09-06,73.739998,74.040001,73.349998,73.400002,70.551704,16535800
2017-09-07,73.680000,74.599998,73.599998,74.339996,71.455215,17471200
2017-09-08,74.330002,74.440002,73.839996,73.980003,71.109200,14703800
2017-09-11,74.309998,74.940002,74.309998,74.760002,71.858925,17910400
2017-09-12,74.760002,75.239998,74.370003,74.680000,71.782036,14394900
2017-09-13,74.930000,75.230003,74.550003,75.209999,72.291473,13380800
2017-09-14,75.000000,75.489998,74.519997,74.769997,71.868546,15733900
2017-09-15,74.830002,75.389999,74.070000,75.309998,72.387573,38578400
2017-09-18,75.230003,75.970001,75.040001,75.160004,72.243408,23307000
2017-09-19,75.209999,75.709999,75.010002,75.440002,72.512550,16093300
2017-09-20,75.349998,75.550003,74.309998,74.940002,72.031944,21587900
2017-09-21,75.110001,75.239998,74.110001,74.209999,71.330261,19186100
2017-09-22,73.989998,74.510002,73.849998,74.410004,71.522507,14111400
2017-09-25,74.089996,74.250000,72.919998,73.260002,70.417130,24149200
2017-09-26,73.669998,73.809998,72.989998,73.260002,70.417130,18019600
2017-09-27,73.550003,74.169998,73.169998,73.849998,70.984238,19565100
2017-09-28,73.540001,73.970001,73.309998,73.870003,71.003471,10883800
2017-09-29,73.940002,74.540001,73.879997,74.489998,71.599403,17079100
2017-10-02,74.709999,75.010002,74.300003,74.610001,71.714737,15304800
2017-10-03,74.669998,74.879997,74.190002,74.260002,71.378334,12190400
2017-10-04,74.089996,74.720001,73.709999,74.690002,71.791641,13317700
2017-10-05,75.220001,76.120003,74.959999,75.970001,73.021965,21195300
2017-10-06,75.669998,76.029999,75.540001,76.000000,73.050812,13959800
2017-10-09,75.970001,76.550003,75.860001,76.290001,73.329559,11386500
2017-10-10,76.330002,76.629997,76.139999,76.290001,73.329559,13944500
2017-10-11,76.360001,76.459999,75.949997,76.419998,73.454506,15388900
2017-10-12,76.489998,77.290001,76.370003,77.120003,74.127335,16876500
2017-10-13,77.589996,77.870003,77.290001,77.489998,74.482979,15335700
2017-10-16,77.419998,77.809998,77.349998,77.650002,74.636780,12380100
2017-10-17,77.470001,77.620003,77.250000,77.589996,74.579109,16824000
2017-10-18,77.669998,77.849998,77.370003,77.610001,74.598328,13300700
2017-10-19,77.570000,77.930000,77.349998,77.910004,74.886696,15092800
2017-10-20,78.320000,78.970001,78.220001,78.809998,75.751770,22866400
2017-10-23,78.989998,79.339996,78.760002,78.830002,75.770988,20627200
2017-10-24,78.900002,79.199997,78.459999,78.860001,75.799820,17517200
2017-10-25,78.580002,79.099998,78.010002,78.629997,75.578758,20410800
2017-10-26,79.199997,79.419998,78.750000,78.760002,75.703697,32120700
2017-10-27,84.370003,86.199997,83.610001,83.809998,80.557732,71066700
2017-10-30,83.699997,84.330002,83.110001,83.889999,80.634636,31756700
2017-10-31,84.360001,84.360001,83.110001,83.180000,79.952187,27086600
2017-11-01,83.680000,83.760002,82.879997,83.180000,79.952187,22307400
2017-11-02,83.349998,84.459999,83.120003,84.050003,80.788429,23992900
2017-11-03,84.080002,84.540001,83.400002,84.139999,80.874931,17633500
2017-11-06,84.199997,84.699997,84.080002,84.470001,81.192139,19860900
2017-11-07,84.769997,84.900002,83.930000,84.269997,80.999878,17939700
2017-11-08,84.139999,84.610001,83.830002,84.559998,81.278625,18034200
2017-11-09,84.110001,84.269997,82.900002,84.089996,80.826859,21178400
2017-11-10,83.790001,84.099998,83.230003,83.870003,80.615417,19397800
2017-11-13,83.660004,83.940002,83.459999,83.930000,80.673080,14196900
2017-11-14,83.500000,84.099998,82.980003,84.050003,80.788429,18801300
2017-11-15,83.470001,83.690002,82.690002,82.980003,80.160522,19383100
2017-11-16,83.099998,83.419998,82.940002,83.199997,80.373032,20962800
2017-11-17,83.120003,83.120003,82.239998,82.400002,79.600227,22079000
2017-11-20,82.400002,82.589996,82.250000,82.529999,79.725800,16315000
2017-11-21,82.739998,83.839996,82.739998,83.720001,80.875366,21237500
2017-11-22,83.830002,83.900002,83.040001,83.110001,80.286110,20553100
2017-11-24,83.010002,83.430000,82.779999,83.260002,80.430992,7425600
2017-11-27,83.309998,83.980003,83.300003,83.870003,81.020279,18265200
2017-11-28,84.070000,85.059998,84.019997,84.879997,81.995956,21926000
2017-11-29,84.709999,84.919998,83.180000,83.339996,80.508278,27381100
2017-11-30,83.510002,84.519997,83.339996,84.169998,81.310074,33054600
2017-12-01,83.599998,84.809998,83.220001,84.260002,81.397026,29532100
2017-12-04,84.419998,84.430000,80.699997,81.080002,78.325081,39094900
2017-12-05,81.339996,82.680000,80.980003,81.589996,78.817734,26152300
2017-12-06,81.550003,83.139999,81.430000,82.779999,79.967300,26162100
2017-12-07,82.540001,82.800003,82.000000,82.489998,79.687149,23184500
2017-12-08,83.629997,84.580002,83.330002,84.160004,81.300423,24489100
2017-12-11,84.290001,85.370003,84.120003,85.230003,82.334061,22857900
2017-12-12,85.309998,86.050003,85.080002,85.580002,82.672165,23924100
2017-12-13,85.739998,86.000000,85.169998,85.349998,82.449982,22062700
2017-12-14,85.430000,85.870003,84.529999,84.690002,81.812401,19306000
2017-12-15,85.260002,87.089996,84.879997,86.849998,83.899017,53936700
2017-12-18,87.120003,87.500000,86.230003,86.379997,83.444984,22283800
2017-12-19,86.349998,86.349998,85.269997,85.830002,82.913681,23524800
2017-12-20,86.199997,86.300003,84.709999,85.519997,82.614212,23674900
2017-12-21,86.050003,86.099998,85.400002,85.500000,82.594894,17990700
2017-12-22,85.400002,85.629997,84.919998,85.510002,82.604538,14145800
2017-12-26,85.309998,85.529999,85.029999,85.400002,82.498283,9891200
2017-12-27,85.650002,85.980003,85.220001,85.709999,82.797745,14678000
2017-12-28,85.900002,85.930000,85.550003,85.720001,82.807411,10594300
2017-12-29,85.629997,86.050003,85.500000,85.540001,82.633545,18717400
2018-01-02,86.129997,86.309998,85.500000,85.949997,83.029594,22483800
2018-01-03,86.059998,86.510002,85.970001,86.349998,83.415993,26061400
2018-01-04,86.589996,87.660004,86.570000,87.110001,84.150192,21912000
2018-01-05,87.660004,88.410004,87.430000,88.190002,85.193497,23407100
2018-01-08,88.199997,88.580002,87.599998,88.279999,85.280426,22113000
2018-01-09,88.650002,88.730003,87.860001,88.220001,85.222473,19484300
2018-01-10,87.860001,88.190002,87.410004,87.820000,84.836060,18652200
2018-01-11,88.129997,88.129997,87.239998,88.080002,85.087219,17808900
2018-01-12,88.669998,89.779999,88.449997,89.599998,86.555573,24271500
2018-01-16,90.099998,90.790001,88.010002,88.349998,85.348045,36599700
2018-01-17,89.080002,90.279999,88.750000,90.139999,87.077217,25621200
2018-01-18,89.800003,90.669998,89.660004,90.099998,87.038597,24159700
2018-01-19,90.139999,90.610001,89.660004,90.000000,86.941986,36875000
2018-01-22,90.000000,91.620003,89.739998,91.610001,88.497276,23601600
2018-01-23,91.900002,92.300003,91.540001,91.900002,88.777435,23412800
2018-01-24,92.550003,93.430000,91.580002,91.820000,88.700134,33277500
2018-01-25,92.470001,93.239998,91.930000,92.330002,89.192825,26383200
2018-01-26,93.120003,94.059998,92.580002,94.059998,90.864044,29172200
2018-01-29,95.139999,95.449997,93.720001,93.919998,90.728790,31569900
2018-01-30,93.300003,93.660004,92.099998,92.739998,89.588882,38635100
2018-01-31,93.750000,95.400002,93.510002,95.010002,91.781754,48756300
2018-02-01,94.790001,96.070000,93.580002,94.260002,91.057243,47227900
2018-02-02,93.639999,93.970001,91.500000,91.779999,88.661499,47867800
2018-02-05,90.559998,93.239998,88.000000,88.000000,85.009949,51031500
2018-02-06,86.889999,91.480003,85.250000,91.330002,88.226784,67998600
2018-02-07,90.489998,91.769997,89.199997,89.610001,86.565231,41107600
2018-02-08,89.709999,89.879997,84.760002,85.010002,82.121544,55628700
2018-02-09,86.300003,88.930000,83.830002,88.180000,85.183823,63499100
2018-02-12,88.739998,89.779999,87.930000,89.129997,86.101532,35720300
2018-02-13,88.930000,90.000000,87.800003,89.830002,86.777771,26407700
2018-02-14,88.510002,90.989998,88.410004,90.809998,88.136551,34960900
2018-02-15,91.209999,92.720001,90.620003,92.660004,89.932083,27823900
2018-02-16,92.449997,93.500000,91.800003,92.000000,89.291519,30596900
2018-02-20,91.480003,93.059998,91.010002,92.720001,89.990318,30911700
2018-02-21,92.980003,93.360001,91.489998,91.489998,88.796516,26922500
2018-02-22,92.050003,92.730003,91.360001,91.730003,89.029465,24392800
2018-02-23,93.599998,94.070000,92.360001,94.059998,91.290871,26329200
2018-02-26,94.400002,95.449997,94.250000,95.419998,92.610817,30199800
2018-02-27,95.739998,95.839996,94.199997,94.199997,91.426758,25869100
2018-02-28,94.839996,95.709999,93.629997,93.769997,91.009407,31167300
2018-03-01,93.989998,94.570000,91.839996,92.849998,90.116493,37135600
2018-03-02,91.580002,93.150002,90.860001,93.050003,90.310608,32830400
2018-03-05,92.339996,94.269997,92.260002,93.639999,90.883232,23901600
2018-03-06,94.339996,94.489998,92.940002,93.320000,90.572647,22175800
2018-03-07,93.160004,93.940002,92.430000,93.860001,91.096756,26716100
2018-03-08,94.269997,95.099998,93.769997,94.430000,91.649971,25887800
2018-03-09,95.290001,96.540001,95.000000,96.540001,93.697861,36937300
2018-03-12,96.500000,97.209999,96.040001,96.769997,93.921074,26073700
2018-03-13,97.000000,97.239998,93.970001,94.410004,91.630577,35387800
2018-03-14,95.120003,95.410004,93.500000,93.849998,91.087044,32132000
2018-03-15,93.529999,94.580002,92.830002,94.180000,91.407333,27611000
2018-03-16,94.680000,95.379997,93.919998,94.599998,91.814964,49081300
2018-03-19,93.739998,93.900002,92.110001,92.889999,90.155304,33344100
2018-03-20,93.050003,93.769997,93.000000,93.129997,90.388237,23075200
2018-03-21,92.930000,94.050003,92.209999,92.480003,89.757385,24457100
2018-03-22,91.269997,91.750000,89.660004,89.790001,87.146576,38604700
2018-03-23,89.500000,90.459999,87.080002,87.180000,84.613426,44068900
2018-03-26,90.610001,94.000000,90.400002,93.779999,91.019112,56396800
2018-03-27,94.940002,95.139999,88.510002,89.470001,86.835999,56569000
2018-03-28,89.820000,91.230003,88.870003,89.389999,86.758347,52501100
2018-03-29,90.180000,92.290001,88.400002,91.269997,88.583000,45867500
2018-04-02,90.470001,90.879997,87.510002,88.519997,85.913963,48515400
2018-04-03,89.580002,90.050003,87.889999,89.709999,87.068924,37213800
2018-04-04,87.849998,92.760002,87.730003,92.330002,89.611801,35560000
2018-04-05,92.440002,93.070000,91.400002,92.379997,89.660324,29771900
2018-04-06,91.489998,92.459999,89.480003,90.230003,87.573624,38026000
2018-04-09,91.040001,93.169998,90.620003,90.769997,88.097717,31533900
2018-04-10,92.389999,93.279999,91.639999,92.879997,90.145599,26812000
2018-04-11,92.010002,93.290001,91.480003,91.860001,89.155632,24872100
2018-04-12,92.430000,94.160004,92.430000,93.580002,90.824997,26758900
2018-04-13,94.050003,94.180000,92.440002,93.080002,90.339714,23346100
2018-04-16,94.070000,94.660004,93.419998,94.169998,91.397629,20288100
2018-04-17,95.000000,96.540001,94.879997,96.070000,93.241684,26771000
2018-04-18,96.220001,96.720001,95.519997,96.440002,93.600800,21043300
2018-04-19,96.440002,97.070000,95.339996,96.110001,93.280510,23552500
2018-04-20,95.910004,96.110001,94.050003,95.000000,92.203186,31154400
2018-04-23,95.739998,96.290001,94.629997,95.349998,92.542877,22331800
2018-04-24,96.239998,96.470001,92.410004,93.120003,90.378532,34524800
2018-04-25,93.300003,93.300003,90.279999,92.309998,89.592384,33729300
2018-04-26,93.550003,95.150002,93.099998,94.260002,91.484978,42529000
2018-04-27,97.599998,97.900002,93.910004,95.820000,92.999054,48272800
2018-04-30,96.330002,96.400002,93.150002,93.519997,90.766754,41523600
2018-05-01,93.209999,95.290001,92.790001,95.000000,92.203186,31408900
2018-05-02,94.989998,95.169998,93.190002,93.510002,90.757065,27471000
2018-05-03,92.959999,94.930000,92.449997,94.070000,91.300568,31142500
2018-05-04,93.320000,95.370003,92.919998,95.160004,92.358482,22531300
2018-05-07,95.169998,96.709999,95.099998,96.220001,93.387268,24242000
2018-05-08,95.849998,96.160004,95.059998,95.809998,92.989342,23484600
2018-05-09,96.010002,96.970001,95.050003,96.940002,94.086067,27327400
2018-05-10,97.459999,97.949997,97.050003,97.910004,95.027519,22388100
2018-05-11,97.800003,97.870003,97.040001,97.699997,94.823692,16778300
2018-05-14,97.919998,98.690002,97.309998,98.029999,95.143990,19454100
2018-05-15,97.239998,97.849998,96.339996,97.320000,94.454895,24594000
2018-05-16,97.360001,97.400002,96.620003,97.150002,94.698578,17384700
2018-05-17,96.760002,97.540001,95.830002,96.180000,93.753059,17246700
2018-05-18,96.010002,96.930000,96.010002,96.360001,93.928513,17865800
2018-05-21,97.000000,98.010002,96.800003,97.599998,95.137230,19422500
2018-05-22,97.680000,98.169998,97.199997,97.500000,95.039757,15441200
2018-05-23,96.709999,98.730003,96.320000,98.660004,96.170479,21251200
2018-05-24,98.730003,98.940002,96.809998,98.309998,95.829315,26649300
2018-05-25,98.300003,98.980003,97.860001,98.360001,95.878052,18363900
2018-05-29,97.839996,98.879997,97.230003,98.010002,95.536873,28671000
2018-05-30,98.309998,99.250000,97.910004,98.949997,96.453156,22158500
2018-05-31,99.290001,99.989998,98.610001,98.839996,96.345940,34140900
2018-06-01,99.279999,100.860001,99.169998,100.790001,98.246735,28655600
2018-06-04,101.260002,101.860001,100.849998,101.669998,99.104530,27281600
2018-06-05,102.000000,102.330002,101.529999,102.190002,99.611412,23514400
2018-06-06,102.480003,102.599998,101.900002,102.489998,99.903839,21122900
2018-06-07,102.650002,102.690002,100.379997,100.879997,98.334465,28232200
2018-06-08,101.089996,101.949997,100.540001,101.629997,99.065529,22165100
2018-06-11,101.010002,101.589996,100.669998,101.050003,98.500175,23490900
2018-06-12,101.099998,101.449997,100.750000,101.309998,98.753616,18325200
2018-06-13,101.720001,102.010002,100.559998,100.849998,98.305222,29492900
2018-06-14,101.650002,102.029999,101.000000,101.419998,98.860840,25691800
2018-06-15,101.510002,101.529999,100.070000,100.129997,97.603386,65738600
2018-06-18,100.010002,101.110001,99.419998,100.860001,98.314972,23586000
2018-06-19,99.650002,101.000000,99.500000,100.860001,98.314972,28653100
2018-06-20,101.370003,102.519997,101.120003,101.870003,99.299484,26180800
2018-06-21,102.080002,102.459999,100.879997,101.139999,98.587906,23198200
2018-06-22,100.410004,100.769997,99.629997,100.410004,97.876328,38923100
2018-06-25,100.000000,100.110001,97.300003,98.389999,95.907303,35433300
2018-06-26,98.820000,100.080002,98.750000,99.080002,96.579887,26897200
2018-06-27,99.580002,100.019997,97.400002,97.540001,95.078751,31298400
2018-06-28,97.379997,99.110001,97.260002,98.629997,96.141235,26650700
2018-06-29,98.930000,99.910004,98.330002,98.610001,96.121750,28053200
2018-07-02,98.099998,100.059998,98.000000,100.010002,97.486420,19564500
2018-07-03,100.480003,100.629997,98.940002,99.050003,96.550652,14670300
2018-07-05,99.500000,99.919998,99.029999,99.760002,97.242729,18977400
2018-07-06,99.889999,101.430000,99.669998,101.160004,98.607407,19234600
2018-07-09,101.650002,102.250000,101.250000,101.849998,99.279984,18212000
2018-07-10,102.000000,102.510002,101.860001,102.120003,99.543167,19293100
2018-07-11,101.150002,102.339996,101.099998,101.980003,99.406708,19644600
2018-07-12,102.769997,104.410004,102.730003,104.190002,101.560951,24335900
2018-07-13,104.370003,105.599998,104.089996,105.430000,102.769653,24635200
2018-07-16,105.400002,105.820000,104.519997,104.910004,102.262772,21786900
2018-07-17,104.610001,106.500000,104.320000,105.949997,103.276535,25901700
2018-07-18,105.940002,106.050003,104.720001,105.120003,102.467468,29493900
2018-07-19,104.930000,105.309998,103.889999,104.400002,101.765648,40171600
2018-07-20,108.080002,108.199997,106.080002,106.269997,103.588448,56004000
2018-07-23,106.300003,108.139999,106.129997,107.970001,105.245567,29707000
2018-07-24,108.570000,108.820000,107.260002,107.660004,104.943382,26316600
2018-07-25,107.959999,111.150002,107.599998,110.830002,108.033386,30702100
2018-07-26,110.739998,111.000000,109.500000,109.620003,106.853928,31372100
2018-07-27,110.180000,110.180000,106.139999,107.680000,104.962875,37005300
2018-07-30,107.190002,107.529999,104.760002,105.370003,102.711166,34668300
2018-07-31,106.489998,106.720001,105.379997,106.080002,103.403252,27655200
2018-08-01,106.029999,106.449997,105.419998,106.279999,103.598206,23628700
2018-08-02,105.400002,108.089996,104.839996,107.570000,104.855652,26104300
2018-08-03,107.800003,108.050003,106.820000,108.040001,105.313797,18659600
2018-08-06,108.120003,108.419998,107.559998,108.129997,105.401520,20265900
2018-08-07,108.559998,109.099998,108.169998,108.879997,106.132599,16080200
2018-08-08,109.330002,109.750000,108.760002,109.489998,106.727203,15487500
2018-08-09,109.709999,110.160004,109.599998,109.669998,106.902657,13677200
2018-08-10,109.419998,109.690002,108.379997,109.000000,106.249573,18183700
2018-08-13,109.239998,109.580002,108.099998,108.209999,105.479500,18472500
2018-08-14,108.559998,109.750000,108.040001,109.559998,106.795441,16788300
2018-08-15,108.489998,108.989998,106.820000,107.660004,105.347237,29982800
2018-08-16,108.300003,108.860001,107.300003,107.639999,105.327660,21384300
2018-08-17,107.360001,107.900002,106.690002,107.580002,105.268959,18061500
2018-08-20,107.510002,107.900002,106.480003,106.870003,104.574219,17914200
2018-08-21,106.919998,107.349998,105.849998,105.980003,103.703331,22881900
2018-08-22,105.849998,107.339996,105.779999,107.059998,104.760117,18000600
2018-08-23,107.150002,108.180000,106.870003,107.559998,105.249374,18167700
2018-08-24,107.669998,108.559998,107.559998,108.400002,106.071335,17234000
2018-08-27,109.269997,109.639999,108.510002,109.599998,107.245552,19662300
2018-08-28,109.940002,110.500000,109.790001,110.260002,107.891388,19151500
2018-08-29,110.449997,112.029999,110.269997,112.019997,109.613571,20818000
2018-08-30,111.669998,112.610001,111.440002,111.949997,109.545074,22798700
2018-08-31,111.690002,112.779999,111.519997,112.330002,109.916916,23222700
2018-09-04,110.849998,111.959999,110.220001,111.709999,109.310234,22634600
2018-09-05,111.010002,111.419998,108.099998,108.489998,106.159401,32872400
2018-09-06,108.250000,108.989998,107.510002,108.739998,106.404030,23477600
2018-09-07,108.230003,108.720001,107.230003,108.209999,105.885422,22498600
2018-09-10,108.839996,109.639999,108.360001,109.379997,107.030289,20727900
2018-09-11,108.900002,111.589996,108.889999,111.239998,108.850319,24301800
2018-09-12,111.430000,111.849998,110.510002,111.709999,109.310234,18891100
2018-09-13,112.120003,113.730003,112.120003,112.910004,110.484451,26055600
2018-09-14,113.360001,113.730003,112.440002,113.370003,110.934570,19122300
2018-09-17,113.690002,113.699997,111.860001,112.139999,109.730995,20736500
2018-09-18,112.190002,113.699997,111.720001,113.209999,110.778008,22170900
2018-09-19,113.050003,113.320000,111.040001,111.699997,109.300438,21728400
2018-09-20,112.279999,113.800003,111.930000,113.570000,111.130280,23714500
2018-09-21,114.000000,115.290001,113.510002,114.260002,111.805466,71229700
2018-09-24,113.029999,114.900002,112.220001,114.669998,112.206642,27334500
2018-09-25,114.800003,115.099998,113.750000,114.449997,111.991356,22668000
2018-09-26,114.470001,115.059998,113.739998,113.980003,111.531479,19352000
2018-09-27,114.779999,114.910004,114.199997,114.410004,111.952232,19091300
2018-09-28,114.190002,114.570000,113.680000,114.370003,111.913086,21647800
2018-10-01,114.750000,115.680000,114.730003,115.610001,113.126457,18883100
2018-10-02,115.300003,115.839996,114.440002,115.150002,112.676338,20787200
2018-10-03,115.419998,116.180000,114.930000,115.169998,112.695900,16648000
2018-10-04,114.610001,114.760002,111.629997,112.790001,110.367027,34821700
2018-10-05,112.629997,113.169998,110.639999,112.129997,109.721207,29068900
2018-10-08,111.660004,112.029999,109.339996,110.849998,108.468704,29640600
2018-10-09,111.139999,113.080002,110.800003,112.260002,109.848419,26198600
2018-10-10,111.239998,111.500000,105.790001,106.160004,103.879463,61376300
2018-10-11,105.349998,108.930000,104.199997,105.910004,103.634827,63904300
2018-10-12,109.010002,111.239998,107.120003,109.570000,107.216202,47742100
2018-10-15,108.910004,109.480003,106.949997,107.599998,105.288513,32068100
2018-10-16,109.540001,111.410004,108.949997,111.000000,108.615486,31610200
2018-10-17,111.680000,111.809998,109.550003,110.709999,108.331711,26548200
2018-10-18,110.099998,110.529999,107.830002,108.500000,106.169189,32506200
2018-10-19,108.930000,110.860001,108.209999,108.660004,106.325760,32785500
2018-10-22,109.320000,110.540001,108.239998,109.629997,107.274902,26545600
2018-10-23,107.769997,108.970001,105.110001,108.099998,105.777779,43770400
2018-10-24,108.410004,108.489998,101.589996,102.320000,100.121948,63897800
2018-10-25,106.550003,109.269997,106.150002,108.300003,105.973495,61646800
2018-10-26,105.690002,108.750000,104.760002,106.959999,104.662277,55523100
2018-10-29,108.110001,108.699997,101.629997,103.849998,101.619072,55162000
2018-10-30,103.660004,104.379997,100.110001,103.730003,101.501656,65350900
2018-10-31,105.440002,108.139999,105.389999,106.809998,104.515488,51062400
2018-11-01,107.050003,107.320000,105.529999,105.919998,103.644608,33384200
2018-11-02,106.480003,107.320000,104.980003,106.160004,103.879463,37680200
2018-11-05,106.370003,107.739998,105.900002,107.510002,105.200462,27922100
2018-11-06,107.379997,108.839996,106.279999,107.720001,105.405945,24340200
2018-11-07,109.440002,112.239998,109.400002,111.959999,109.554855,37901700
2018-11-08,111.800003,112.209999,110.910004,111.750000,109.349373,25644100
2018-11-09,110.849998,111.449997,108.760002,109.570000,107.216202,32039200
2018-11-12,109.419998,109.959999,106.099998,106.870003,104.574219,33621800
2018-11-13,107.550003,108.739998,106.639999,106.940002,104.642693,35374600
2018-11-14,108.099998,108.260002,104.470001,104.970001,103.158752,39495100
2018-11-15,104.989998,107.800003,103.910004,107.279999,105.428894,38505200
2018-11-16,107.080002,108.879997,106.800003,108.290001,106.421471,33502100
2018-11-19,108.269997,108.559998,103.550003,104.620003,102.814796,44773900
2018-11-20,101.800003,102.970001,99.349998,101.709999,99.955009,64052500
2018-11-21,103.599998,104.430000,102.239998,103.110001,101.330849,28130600
2018-11-23,102.169998,103.809998,102.000000,103.070000,101.291542,13823100
2018-11-26,104.790001,106.629997,104.580002,106.470001,104.632881,32336200
2018-11-27,106.269997,107.330002,105.360001,107.139999,105.291321,29124500
2018-11-28,107.889999,111.330002,107.860001,111.120003,109.202644,46788500
2018-11-29,110.330002,111.120003,109.029999,110.190002,108.288689,28123200
2018-11-30,110.699997,110.970001,109.360001,110.889999,108.976616,33665600
2018-12-03,113.000000,113.419998,110.730003,112.089996,110.155907,34732800
2018-12-04,111.940002,112.639999,108.209999,108.519997,106.647499,45197000
2018-12-06,105.820000,109.239998,105.000000,109.190002,107.305946,49107400
2018-12-07,108.379997,109.449997,104.300003,104.820000,103.011345,45044900
2018-12-10,104.800003,107.980003,103.889999,107.589996,105.733536,40801500
2018-12-11,109.800003,110.949997,107.440002,108.589996,106.716286,42381900
2018-12-12,110.889999,111.269997,109.040001,109.080002,107.197845,36183000
2018-12-13,109.580002,110.870003,108.629997,109.449997,107.561447,31333400
2018-12-14,108.250000,109.260002,105.500000,106.029999,104.200470,47043100
2018-12-17,105.410004,105.800003,101.709999,102.889999,101.114647,56957300
2018-12-18,103.750000,104.510002,102.519997,103.970001,102.176010,49319200
2018-12-19,103.650002,106.879997,101.349998,103.690002,101.900848,68198200
2018-12-20,103.050003,104.309998,98.779999,101.510002,99.758461,70334200
2018-12-21,101.629997,103.000000,97.459999,98.230003,96.535049,111242100
2018-12-24,97.680000,97.970001,93.980003,94.129997,92.505798,43935200
2018-12-26,95.139999,100.690002,93.959999,100.559998,98.824852,51634800
2018-12-27,99.300003,101.190002,96.400002,101.180000,99.434166,49498500
2018-12-28,102.089996,102.410004,99.519997,100.389999,98.657784,38196300
2018-12-31,101.290001,102.400002,100.440002,101.570000,99.817421,33173800
2019-01-02,99.550003,101.750000,98.940002,101.120003,99.375191,35329300
2019-01-03,100.099998,100.190002,97.199997,97.400002,95.719376,42579100
2019-01-04,99.720001,102.510002,98.930000,101.930000,100.171211,44060600
2019-01-07,101.639999,103.269997,100.980003,102.059998,100.298965,35656100
2019-01-08,103.040001,103.970001,101.709999,102.800003,101.026199,31514400
2019-01-09,103.860001,104.879997,103.239998,104.269997,102.470825,32280800
2019-01-10,103.220001,103.750000,102.379997,103.599998,101.812401,30067600
2019-01-11,103.190002,103.440002,101.639999,102.800003,101.026199,28314200
2019-01-14,101.900002,102.870003,101.260002,102.050003,100.289146,28437100
2019-01-15,102.510002,105.050003,101.879997,105.010002,103.198067,31587600
2019-01-16,105.260002,106.260002,104.959999,105.379997,103.561684,29853900
2019-01-17,105.000000,106.629997,104.760002,106.120003,104.288918,28393000
2019-01-18,107.459999,107.900002,105.910004,107.709999,105.851479,37427600
2019-01-22,106.750000,107.099998,104.860001,105.680000,103.856506,32371300
2019-01-23,106.120003,107.040001,105.339996,106.709999,104.868729,25874300
2019-01-24,106.860001,107.000000,105.339996,106.199997,104.367531,23164800
2019-01-25,107.239998,107.879997,106.199997,107.169998,105.320793,31225600
2019-01-28,106.260002,106.480003,104.660004,105.080002,103.266861,29476700
2019-01-29,104.879997,104.970001,102.169998,102.940002,101.163788,31490500
2019-01-30,104.620003,106.379997,104.330002,106.379997,104.544426,49471900
2019-01-31,103.800003,105.220001,103.180000,104.430000,102.628075,55636400
2019-02-01,103.779999,104.099998,102.349998,102.779999,101.006546,35535700
2019-02-04,102.870003,105.800003,102.769997,105.739998,103.915466,31315100
2019-02-05,106.059998,107.269997,105.959999,107.220001,105.369934,27325400
2019-02-06,107.000000,107.000000,105.529999,106.029999,104.200470,20609800
2019-02-07,105.190002,105.589996,104.290001,105.269997,103.453575,29760700
2019-02-08,104.389999,105.779999,104.260002,105.669998,103.846680,21461100
2019-02-11,106.199997,106.580002,104.970001,105.250000,103.433922,18914100
2019-02-12,106.139999,107.139999,105.480003,106.889999,105.045631,25056600
2019-02-13,107.500000,107.779999,106.709999,106.809998,104.967003,18394900
2019-02-14,106.309998,107.290001,105.660004,106.900002,105.055450,21784700
2019-02-15,107.910004,108.300003,107.360001,108.220001,106.352676,26606900
2019-02-19,107.790001,108.660004,107.779999,108.169998,106.303543,18038500
2019-02-20,107.860001,107.940002,106.290001,107.150002,105.750854,21607700
2019-02-21,106.900002,109.480003,106.870003,109.410004,107.981354,29063200
2019-02-22,110.050003,111.199997,109.820000,110.970001,109.520973,27763200
2019-02-25,111.760002,112.180000,111.260002,111.589996,110.132874,23750600
2019-02-26,111.260002,113.239998,111.169998,112.360001,110.892822,21536700
2019-02-27,111.690002,112.360001,110.879997,112.169998,110.705299,21487100
2019-02-28,112.040001,112.879997,111.730003,112.029999,110.567131,29083900
2019-03-01,112.889999,113.019997,111.669998,112.529999,111.060608,23501200
2019-03-04,113.019997,113.250000,110.800003,112.260002,110.794128,26608000
2019-03-05,112.250000,112.389999,111.230003,111.699997,110.241432,19538300
2019-03-06,111.870003,112.660004,111.430000,111.750000,110.290787,17687000
2019-03-07,111.400002,111.550003,109.870003,110.389999,108.948540,25339000
2019-03-08,109.160004,110.709999,108.800003,110.510002,109.066978,22818400
2019-03-11,110.989998,112.949997,110.980003,112.830002,111.356689,26491600
2019-03-12,112.820000,113.989998,112.650002,113.620003,112.136368,26132700
2019-03-13,114.129997,115.000000,113.779999,114.500000,113.004875,35513800
2019-03-14,114.540001,115.199997,114.330002,114.589996,113.093697,30763400
2019-03-15,115.339996,117.250000,114.589996,115.910004,114.396469,54681100
2019-03-18,116.169998,117.610001,116.050003,117.570000,116.034782,31207600
2019-03-19,118.089996,118.440002,116.989998,117.650002,116.113747,37588700
2019-03-20,117.389999,118.750000,116.709999,117.519997,115.985443,28113300
2019-03-21,117.139999,120.820000,117.089996,120.220001,118.650192,29854400
2019-03-22,119.500000,119.589996,117.040001,117.050003,115.521576,33624500
2019-03-25,116.559998,118.010002,116.320000,117.660004,116.123627,27067100
2019-03-26,118.620003,118.709999,116.849998,117.910004,116.370346,26097700
2019-03-27,117.879997,118.209999,115.519997,116.769997,115.245224,22733400
2019-03-28,117.440002,117.580002,116.129997,116.930000,115.403145,18334800
2019-03-29,118.070000,118.320000,116.959999,117.940002,116.399963,25399800
2019-04-01,118.949997,119.110001,118.099998,119.019997,117.465858,22789100
2019-04-02,119.059998,119.480003,118.519997,119.190002,117.633636,18142300
2019-04-03,119.860001,120.430000,119.150002,119.970001,118.403458,22860700
2019-04-04,120.099998,120.230003,118.379997,119.360001,117.801422,20112800
2019-04-05,119.389999,120.230003,119.370003,119.889999,118.324493,15826200
2019-04-08,119.809998,120.019997,118.639999,119.930000,118.363968,15116200
2019-04-09,118.629997,119.540001,118.580002,119.279999,117.722450,17612000
2019-04-10,119.760002,120.349998,119.540001,120.190002,118.620583,16477200
2019-04-11,120.540001,120.849998,119.919998,120.330002,118.758751,14209100
2019-04-12,120.639999,120.980003,120.370003,120.949997,119.370651,19745100
2019-04-15,120.940002,121.580002,120.570000,121.050003,119.469353,15792600
2019-04-16,121.639999,121.650002,120.099998,120.769997,119.193001,14071800
2019-04-17,121.239998,121.849998,120.540001,121.769997,120.179947,19300900
2019-04-18,122.190002,123.519997,121.300003,123.370003,121.759056,27991000
2019-04-22,122.620003,124.000000,122.570000,123.760002,122.143959,15648700
2019-04-23,124.099998,125.580002,123.830002,125.440002,123.802032,24025500
2019-04-24,125.790001,125.849998,124.519997,125.010002,123.377647,31257000
2019-04-25,130.059998,131.369995,128.830002,129.149994,127.463577,38033900
2019-04-26,129.699997,130.520004,129.020004,129.889999,128.193909,23654900
2019-04-29,129.899994,130.179993,129.350006,129.770004,128.075485,16324200
2019-04-30,129.809998,130.699997,129.389999,130.600006,128.894653,24166500
2019-05-01,130.529999,130.649994,127.699997,127.879997,126.210159,26821700
2019-05-02,127.980003,128.000000,125.519997,126.209999,124.561966,27350200
2019-05-03,127.360001,129.429993,127.250000,128.899994,127.216843,24911100
2019-05-06,126.389999,128.559998,126.110001,128.149994,126.476624,24239800
2019-05-07,126.459999,127.180000,124.220001,125.519997,123.880966,36017700
2019-05-08,125.440002,126.370003,124.750000,125.510002,123.871117,28419000
2019-05-09,124.290001,125.790001,123.570000,125.500000,123.861244,27235800
2019-05-10,124.910004,127.930000,123.820000,127.129997,125.469955,30915100
2019-05-13,124.110001,125.550003,123.040001,123.349998,121.739311,33944900
2019-05-14,123.870003,125.879997,123.699997,124.730003,123.101303,25266300
2019-05-15,124.260002,126.709999,123.699997,126.019997,124.834839,24722700
2019-05-16,126.750000,129.380005,126.459999,128.929993,127.717468,30112200
2019-05-17,128.309998,130.460007,127.919998,128.070007,126.865570,25770500
2019-05-20,126.519997,127.589996,125.760002,126.220001,125.032967,23706900
2019-05-21,127.430000,127.529999,126.580002,126.900002,125.706573,15293300
2019-05-22,126.620003,128.240005,126.519997,127.669998,126.469322,15396500
2019-05-23,126.199997,126.290001,124.739998,126.180000,124.993340,23603800
2019-05-24,126.910004,127.419998,125.970001,126.239998,125.052765,14123400
2019-05-28,126.980003,128.000000,126.050003,126.160004,124.973534,23128400
2019-05-29,125.379997,125.389999,124.040001,124.940002,123.764999,22763100
2019-05-30,125.260002,125.760002,124.779999,125.730003,124.547562,16829600
2019-05-31,124.230003,124.620003,123.320000,123.680000,122.516846,26646800
2019-06-03,123.849998,124.370003,119.010002,119.839996,118.712952,37983600
2019-06-04,121.279999,123.279999,120.650002,123.160004,122.001740,29382600
2019-06-05,124.949997,125.870003,124.209999,125.830002,124.646629,24926100
2019-06-06,126.440002,127.970001,125.599998,127.820000,126.617912,21459000
2019-06-07,129.190002,132.250000,128.259995,131.399994,130.164230,33885600
2019-06-10,132.399994,134.080002,132.000000,132.600006,131.352966,26477100
2019-06-11,133.880005,134.240005,131.279999,132.100006,130.857666,23913700
2019-06-12,131.399994,131.970001,130.710007,131.490005,130.253403,17084700
2019-06-13,131.979996,133.000000,131.559998,132.320007,131.075592,17200800
2019-06-14,132.259995,133.789993,131.639999,132.449997,131.204376,17821700
2019-06-17,132.630005,133.729996,132.529999,132.850006,131.600616,14517800
2019-06-18,134.190002,135.240005,133.570007,135.160004,133.888885,25934500
2019-06-19,135.000000,135.929993,133.809998,135.690002,134.413910,23744400
2019-06-20,137.449997,137.660004,135.720001,136.949997,135.662033,33042600
2019-06-21,136.580002,137.729996,136.460007,136.970001,135.681870,36727900
2019-06-24,137.000000,138.399994,137.000000,137.779999,136.484238,20628800
2019-06-25,137.250000,137.589996,132.729996,133.429993,132.175140,33327400
2019-06-26,134.350006,135.740005,133.600006,133.929993,132.670441,23657700
2019-06-27,134.139999,134.710007,133.509995,134.149994,132.888367,16557500
2019-06-28,134.570007,134.600006,133.160004,133.960007,132.700180,30043000
2019-07-01,136.630005,136.699997,134.970001,135.679993,134.403992,22654200
2019-07-02,136.119995,136.589996,135.339996,136.580002,135.295517,15237800
2019-07-03,136.800003,137.740005,136.289993,137.460007,136.167252,13629300
2019-07-05,135.940002,137.330002,135.720001,137.059998,135.771011,18141100
2019-07-08,136.399994,137.100006,135.369995,136.960007,135.671951,16779700
2019-07-09,136.000000,136.970001,135.800003,136.460007,135.176666,19953100
2019-07-10,137.130005,138.580002,137.020004,137.850006,136.553604,24204400
2019-07-11,138.199997,139.220001,137.869995,138.399994,137.098404,22327900
2019-07-12,138.850006,139.130005,138.009995,138.899994,137.593704,18936800
2019-07-15,139.440002,139.539993,138.460007,138.899994,137.593704,16651500
2019-07-16,138.960007,139.050003,136.520004,137.080002,135.790817,22726100
2019-07-17,137.699997,137.929993,136.220001,136.270004,134.988449,20211000
2019-07-18,135.550003,136.619995,134.669998,136.419998,135.137039,30808700
2019-07-19,140.220001,140.669998,136.449997,136.619995,135.335144,48992400
2019-07-22,137.410004,139.190002,137.330002,138.429993,137.128113,25074900
2019-07-23,139.759995,139.990005,138.029999,139.289993,137.980042,18034600
2019-07-24,138.899994,140.740005,138.850006,140.720001,139.396591,20738300
2019-07-25,140.429993,140.610001,139.320007,140.190002,138.871582,18356900
2019-07-26,140.369995,141.679993,140.300003,141.339996,140.010757,19037600
2019-07-29,141.500000,141.509995,139.369995,141.029999,139.703674,16605900
2019-07-30,140.139999,141.220001,139.800003,140.350006,139.030075,16846500
2019-07-31,140.330002,140.490005,135.080002,136.270004,134.988449,38598800
2019-08-01,137.000000,140.940002,136.929993,138.059998,136.761597,40557500
2019-08-02,138.089996,138.320007,135.259995,136.899994,135.612503,30791600
2019-08-05,133.300003,133.929993,130.779999,132.210007,130.966629,42749600
2019-08-06,133.800003,135.679993,133.210007,134.690002,133.423309,32696700
2019-08-07,133.789993,135.649994,131.830002,135.279999,134.007736,33414500
2019-08-08,136.600006,138.990005,135.929993,138.889999,137.583801,27496500
2019-08-09,138.610001,139.380005,136.460007,137.710007,136.414917,23466700
2019-08-12,137.070007,137.860001,135.240005,135.789993,134.512939,20476600
2019-08-13,136.050003,138.800003,135.000000,138.600006,137.296539,25154600
2019-08-14,136.360001,136.919998,133.669998,133.979996,133.161926,32527300
2019-08-15,134.389999,134.580002,132.250000,133.679993,132.863754,28074400
2019-08-16,134.880005,136.460007,134.720001,136.130005,135.298813,24449100
2019-08-19,137.850006,138.550003,136.889999,138.410004,137.564896,24355700
2019-08-20,138.210007,138.710007,137.240005,137.259995,136.421906,21170800
2019-08-21,138.550003,139.490005,138.000000,138.789993,137.942551,14970300
2019-08-22,138.660004,139.199997,136.289993,137.779999,136.938721,18697000
2019-08-23,137.190002,138.350006,132.800003,133.389999,132.575531,38508600
2019-08-26,134.990005,135.559998,133.899994,135.449997,134.622955,20312600
2019-08-27,136.389999,136.720001,134.660004,135.740005,134.911179,23102100
2019-08-28,134.880005,135.759995,133.550003,135.559998,134.732269,17393300
2019-08-29,137.250000,138.440002,136.910004,138.119995,137.276642,20168700
2019-08-30,139.149994,139.179993,136.270004,137.860001,137.018250,23940100
2019-09-03,136.610001,137.199997,135.699997,136.039993,135.209351,18869300
2019-09-04,137.300003,137.690002,136.479996,137.630005,136.789658,17995900
2019-09-05,139.110001,140.380005,138.759995,140.050003,139.194870,26101800
2019-09-06,140.029999,140.179993,138.199997,139.100006,138.250671,20824500
2019-09-09,139.589996,139.750000,136.460007,137.520004,136.680328,25773900
2019-09-10,136.800003,136.889999,134.509995,136.080002,135.249115,28903400
2019-09-11,135.910004,136.270004,135.089996,136.119995,135.288849,24726100
2019-09-12,137.850006,138.419998,136.869995,137.520004,136.680328,27010000
2019-09-13,137.779999,138.059998,136.570007,137.320007,136.481537,23363100
2019-09-16,135.830002,136.699997,135.660004,136.330002,135.497589,16731400
2019-09-17,136.960007,137.520004,136.429993,137.389999,136.551117,17814200
2019-09-18,137.360001,138.669998,136.529999,138.520004,137.674210,23982100
2019-09-19,140.300003,142.369995,140.070007,141.070007,140.208649,35772100
2019-09-20,141.009995,141.649994,138.250000,139.440002,138.588593,39167300
2019-09-23,139.229996,139.630005,138.440002,139.139999,138.290421,17139300
2019-09-24,140.360001,140.690002,136.880005,137.380005,136.541183,29773200
2019-09-25,137.500000,139.960007,136.029999,139.360001,138.509079,21382000
2019-09-26,139.440002,140.179993,138.440002,139.539993,138.687973,17456600
2019-09-27,140.149994,140.360001,136.649994,137.729996,136.889023,22477700
2019-09-30,138.050003,139.220001,137.779999,139.029999,138.181091,17280900
2019-10-01,139.660004,140.250000,137.000000,137.070007,136.233078,21466600
2019-10-02,136.250000,136.369995,133.580002,134.649994,133.827835,30521700
2019-10-03,134.949997,136.750000,133.220001,136.279999,135.447891,24132900
2019-10-04,136.750000,138.250000,136.419998,138.119995,137.276642,22897700
2019-10-07,137.139999,138.179993,137.020004,137.119995,136.282761,15303700
2019-10-08,137.080002,137.759995,135.619995,135.669998,134.841614,25550500
2019-10-09,137.460007,138.699997,136.970001,138.240005,137.395920,19749900
2019-10-10,138.490005,139.669998,138.250000,139.100006,138.250671,17654600
2019-10-11,140.119995,141.029999,139.500000,139.679993,138.827118,25446000
2019-10-14,139.690002,140.289993,139.520004,139.550003,138.697922,13304300
2019-10-15,140.059998,141.789993,139.809998,141.570007,140.705597,19695700
2019-10-16,140.789993,140.990005,139.529999,140.410004,139.552673,20751600
2019-10-17,140.949997,141.419998,139.020004,139.690002,138.837067,21460600
2019-10-18,139.759995,140.000000,136.559998,137.410004,136.570984,32273500
2019-10-21,138.449997,138.500000,137.009995,138.429993,137.584747,20078200
2019-10-22,138.970001,140.009995,136.259995,136.369995,135.537338,27431000
2019-10-23,136.880005,137.449997,135.610001,137.240005,136.402039,29844600
2019-10-24,139.389999,140.419998,138.669998,139.940002,139.085556,37029300
2019-10-25,139.339996,141.139999,139.199997,140.729996,139.870712,25959700
2019-10-28,144.399994,145.669998,143.509995,144.190002,143.309601,35280100
2019-10-29,144.080002,144.500000,142.649994,142.830002,141.957901,20589500
2019-10-30,143.520004,145.000000,142.789993,144.610001,143.727036,18496600
2019-10-31,144.899994,144.929993,142.990005,143.369995,142.494583,24605100
2019-11-01,144.259995,144.419998,142.970001,143.720001,142.842468,33128400
2019-11-04,144.830002,145.000000,144.160004,144.550003,143.667404,16912000
2019-11-05,144.970001,145.020004,143.910004,144.460007,143.577957,18250200
2019-11-06,144.369995,144.520004,143.199997,144.059998,143.180374,16575800
2019-11-07,143.839996,144.880005,143.770004,144.259995,143.379150,17786700
2019-11-08,143.979996,145.990005,143.759995,145.960007,145.068787,16732700
2019-11-11,145.339996,146.419998,144.729996,146.110001,145.217865,14362600
2019-11-12,146.279999,147.570007,146.059998,147.070007,146.172012,18641600
2019-11-13,146.740005,147.460007,146.279999,147.309998,146.410538,16919200
2019-11-14,147.020004,148.410004,147.000000,148.059998,147.155960,19729800
2019-11-15,148.929993,149.990005,148.270004,149.970001,149.054306,23485700
2019-11-18,150.070007,150.550003,148.979996,150.339996,149.422043,21534000
2019-11-19,150.880005,151.330002,150.199997,150.389999,149.471725,23935700
2019-11-20,150.309998,150.839996,148.460007,149.619995,149.212433,25696800
2019-11-21,149.399994,149.800003,148.500000,149.479996,149.072815,18576100
2019-11-22,150.070007,150.300003,148.820007,149.589996,149.182526,15901800
2019-11-25,150.000000,151.350006,149.919998,151.229996,150.818054,22420900
2019-11-26,151.360001,152.419998,151.320007,152.029999,151.615875,24620100
2019-11-27,152.330002,152.500000,151.520004,152.320007,151.905090,15184400
2019-11-29,152.100006,152.300003,151.279999,151.380005,150.967651,11977300
2019-12-02,151.809998,151.830002,148.320007,149.550003,149.142639,27418400
2019-12-03,147.490005,149.429993,146.649994,149.309998,148.903290,24066000
2019-12-04,150.139999,150.179993,149.199997,149.850006,149.441818,17574700
2019-12-05,150.050003,150.320007,149.479996,149.929993,149.521591,17869100
2019-12-06,150.990005,151.869995,150.270004,151.750000,151.336639,16403500
2019-12-09,151.070007,152.210007,150.910004,151.360001,150.947708,16687400
2019-12-10,151.289993,151.889999,150.759995,151.130005,150.718338,16476100
2019-12-11,151.539993,151.869995,150.330002,151.699997,151.286774,18856600
2019-12-12,151.649994,153.440002,151.020004,153.240005,152.822586,24612100
2019-12-13,153.000000,154.889999,152.830002,154.529999,154.109070,23845400
2019-12-16,155.110001,155.899994,154.820007,155.529999,155.106339,24144200
2019-12-17,155.449997,155.710007,154.449997,154.690002,154.268631,25425600
2019-12-18,154.300003,155.479996,154.179993,154.369995,153.949509,24129200
2019-12-19,154.000000,155.770004,153.750000,155.710007,155.285858,24958900
2019-12-20,157.350006,158.490005,156.289993,157.410004,156.981232,53477500
2019-12-23,158.119995,158.119995,157.270004,157.410004,156.981232,17718200
2019-12-24,157.479996,157.710007,157.119995,157.380005,156.951309,8989200
2019-12-26,157.559998,158.729996,157.399994,158.669998,158.237793,14520600
2019-12-27,159.449997,159.550003,158.220001,158.960007,158.527008,18412800
2019-12-30,158.990005,159.020004,156.729996,157.589996,157.160736,16348400
2019-12-31,156.770004,157.770004,156.449997,157.699997,157.270432,18369400
2020-01-02,158.779999,160.729996,158.330002,160.619995,160.182480,22622100
2020-01-03,158.320007,159.949997,158.059998,158.619995,158.187927,21116200
2020-01-06,157.080002,159.100006,156.509995,159.029999,158.596817,20813700
2020-01-07,159.320007,159.669998,157.320007,157.580002,157.150772,21634100
2020-01-08,158.929993,160.800003,157.949997,160.089996,159.653915,27746500
2020-01-09,161.839996,162.220001,161.029999,162.089996,161.648468,21385000
2020-01-10,162.820007,163.220001,161.179993,161.339996,160.900513,20725900
2020-01-13,161.759995,163.309998,161.259995,163.279999,162.835236,21626500
2020-01-14,163.389999,163.600006,161.720001,162.130005,161.688370,23477400
2020-01-15,162.619995,163.940002,162.570007,163.179993,162.735504,21417900
2020-01-16,164.350006,166.240005,164.029999,166.169998,165.717361,23865400
2020-01-17,167.419998,167.470001,165.429993,167.100006,166.644836,34371700
2020-01-21,166.679993,168.190002,166.429993,166.500000,166.046463,29517200
2020-01-22,167.399994,167.490005,165.679993,165.699997,165.248642,24138800
2020-01-23,166.190002,166.800003,165.270004,166.720001,166.265869,19680800
2020-01-24,167.509995,167.529999,164.449997,165.039993,164.590439,24918100
2020-01-27,161.149994,163.380005,160.199997,162.279999,161.837952,32078100
2020-01-28,163.779999,165.759995,163.070007,165.460007,165.009308,24899900
2020-01-29,167.839996,168.750000,165.690002,168.039993,167.582260,34754500
2020-01-30,174.050003,174.050003,170.789993,172.779999,172.309357,51597500
2020-01-31,172.210007,172.399994,169.580002,170.229996,169.766296,36142700
2020-02-03,170.429993,174.500000,170.399994,174.380005,173.904999,30149100
2020-02-04,177.139999,180.639999,176.309998,180.119995,179.629364,36433300
2020-02-05,184.029999,184.199997,178.410004,179.899994,179.409958,39186300
2020-02-06,180.970001,183.820007,180.059998,183.630005,183.129807,27751400
2020-02-07,182.850006,185.630005,182.479996,183.889999,183.389099,33529100
2020-02-10,183.580002,188.839996,183.250000,188.699997,188.185989,35844300
2020-02-11,190.649994,190.699997,183.500000,184.440002,183.937607,53159900
2020-02-12,185.580002,185.850006,181.850006,184.710007,184.206863,47062900
2020-02-13,183.080002,186.229996,182.869995,183.710007,183.209595,35295800
2020-02-14,183.250000,185.410004,182.649994,185.350006,184.845123,23149500
2020-02-18,185.610001,187.699997,185.500000,187.229996,186.720001,27792200
2020-02-19,188.059998,188.179993,186.470001,187.279999,187.279999,29997500
2020-02-20,186.949997,187.250000,181.100006,184.419998,184.419998,36862400
2020-02-21,183.169998,183.500000,177.250000,178.589996,178.589996,48572600
2020-02-24,167.770004,174.550003,163.229996,170.889999,170.889999,68311100
2020-02-25,174.199997,174.839996,167.649994,168.070007,168.070007,68073300
2020-02-26,169.710007,173.259995,168.210007,170.169998,170.169998,56206100
2020-02-27,163.320007,167.029999,157.979996,158.179993,158.179993,93174900
2020-02-28,152.410004,163.710007,152.000000,162.009995,162.009995,97073600
2020-03-02,165.309998,172.919998,162.309998,172.789993,172.789993,71030800
2020-03-03,173.800003,175.000000,162.259995,164.509995,164.509995,71677000
2020-03-04,168.490005,170.699997,165.619995,170.550003,170.550003,49814400
2020-03-05,166.050003,170.869995,165.690002,166.270004,166.270004,47817300
2020-03-06,162.610001,163.110001,156.000000,161.570007,161.570007,72821100
2020-03-09,151.000000,157.750000,150.000000,150.619995,150.619995,70419300
2020-03-10,158.160004,161.029999,152.580002,160.919998,160.919998,65354400
2020-03-11,157.130005,157.699997,151.149994,153.630005,153.630005,56371600
2020-03-12,145.300003,153.470001,138.580002,139.059998,139.059998,93226400
2020-03-13,147.500000,161.910004,140.729996,158.830002,158.830002,92727400
2020-03-16,140.000000,149.350006,135.000000,135.419998,135.419998,87905900
2020-03-17,140.000000,147.500000,135.000000,146.570007,146.570007,81059800
2020-03-18,138.000000,146.000000,135.020004,140.399994,140.399994,81593200
2020-03-19,142.770004,150.149994,139.000000,142.710007,142.710007,85922700
2020-03-20,146.000000,147.100006,135.860001,137.350006,137.350006,84866200
2020-03-23,137.009995,140.570007,132.520004,135.979996,135.979996,78975200
2020-03-24,143.750000,149.600006,141.270004,148.339996,148.339996,82516700
2020-03-25,148.910004,154.330002,144.440002,146.919998,146.919998,75638200
2020-03-26,148.399994,156.660004,148.369995,156.110001,156.110001,64568100
2020-03-27,151.750000,154.889999,149.199997,149.699997,149.699997,57042300
2020-03-30,152.440002,160.600006,150.009995,160.229996,160.229996,63420300
2020-03-31,159.399994,164.779999,156.559998,157.710007,157.710007,77927200
2020-04-01,153.000000,157.750000,150.820007,152.110001,152.110001,57858300